LeadID,CustomerID,ProductID,SignupDate,Branch,Region,LeadStatus
1,25795,17,2024-05-12,HN1,Central,Approved
2,10860,39,2024-07-19,HN1,Central,Disbursed
3,86820,9,2024-10-11,HCM1,Central,New
4,64886,35,2024-11-21,DN1,North,New
5,16265,13,2024-04-04,CT1,South,Disbursed
6,92386,15,2024-10-04,HN1,Central,New
7,47194,18,2024-11-20,HN1,South,Disbursed
8,97498,33,2024-08-06,HCM2,Central,Disbursed
9,54131,6,2024-03-29,HCM1,North,Approved
10,70263,27,2024-03-12,HN1,North,Disbursed
11,26023,23,2024-09-03,HN1,Central,New
12,51090,27,2024-05-08,CT1,Central,Processing
13,77221,34,2024-07-30,CT1,Central,Approved
14,74820,46,2024-12-08,HCM2,North,Processing
15,10769,38,2024-04-05,HCM2,North,Disbursed
16,69735,14,2024-03-15,HCM2,South,New
17,72955,36,2024-02-23,CT1,North,Approved
18,74925,8,2024-12-09,CT1,Central,Approved
19,77969,35,2024-02-23,HCM1,South,Approved
20,15311,19,2024-08-05,DN1,North,Processing
21,93104,30,2024-01-16,DN1,North,Processing
22,63707,14,2024-04-08,HCM1,Central,Disbursed
23,95305,20,2024-01-20,DN1,South,New
24,38693,49,2024-02-15,CT1,North,Disbursed
25,81932,25,2024-07-11,DN1,North,Approved
26,35658,40,2024-02-27,CT1,Central,Rejected
27,94478,24,2024-04-20,HCM1,South,Rejected
28,28431,14,2024-05-08,HCM2,South,New
29,12747,26,2024-12-02,HCM1,South,Approved
30,69150,38,2024-07-12,DN1,South,Disbursed
31,75725,23,2024-12-05,CT1,Central,Processing
32,94654,22,2024-11-21,DN1,North,Disbursed
33,45773,48,2024-01-08,DN1,North,Processing
34,77435,19,2024-01-29,HCM2,South,New
35,66886,46,2024-04-21,DN1,South,Processing
36,76803,3,2024-06-09,HCM2,South,Disbursed
37,41551,42,2024-05-10,CT1,North,Processing
38,21394,19,2024-07-06,CT1,North,Disbursed
39,79092,9,2024-06-11,HCM2,South,Disbursed
40,13890,28,2024-07-15,HCM1,Central,Processing
41,51606,20,2024-12-29,CT1,North,New
42,90038,45,2024-07-22,HCM1,North,Rejected
43,97313,7,2024-07-30,CT1,South,Processing
44,20627,14,2024-04-18,CT1,Central,Rejected
45,18792,9,2024-10-02,HN1,South,Processing
46,83969,19,2024-03-13,DN1,South,Processing
47,53001,47,2024-06-15,DN1,Central,Rejected
48,86552,14,2024-09-16,HCM1,Central,Processing
49,33897,38,2024-08-30,DN1,Central,Processing
50,78148,36,2024-10-01,HCM1,North,Processing
51,33483,40,2024-04-11,CT1,South,Processing
52,58555,17,2024-06-21,HN1,North,Approved
53,27159,30,2024-06-19,HN1,Central,Disbursed
54,90077,9,2024-05-20,CT1,North,Processing
55,45920,33,2024-07-06,HCM2,Central,Approved
56,77121,25,2024-03-26,HCM2,Central,Approved
57,79479,14,2024-02-21,DN1,South,Processing
58,99475,11,2024-04-20,HCM1,South,Processing
59,29457,35,2024-12-30,HN1,South,Disbursed
60,76557,41,2024-12-07,DN1,North,Rejected
61,87189,14,2024-02-12,CT1,South,Approved
62,88953,30,2024-07-29,HN1,Central,Approved
63,62995,41,2024-07-18,HCM1,South,New
64,50757,4,2024-10-24,HCM1,North,Approved
65,19692,4,2024-12-11,HCM2,South,Approved
66,55758,28,2024-08-27,DN1,South,Approved
67,82409,8,2024-04-24,CT1,South,Processing
68,81211,2,2024-01-26,HN1,North,New
69,75697,41,2024-10-25,HCM1,Central,New
70,47065,46,2024-03-17,HN1,Central,Disbursed
71,42606,22,2024-05-16,CT1,Central,Processing
72,21534,41,2024-01-20,HN1,South,Processing
73,50397,16,2024-07-29,DN1,South,New
74,11016,29,2024-08-27,HCM2,North,New
75,99789,49,2024-02-08,HN1,Central,Rejected
76,65591,48,2024-09-24,HCM2,South,Approved
77,99812,30,2024-07-25,CT1,South,Approved
78,33247,12,2024-09-23,HCM2,South,New
79,34300,35,2024-06-02,HN1,North,Rejected
80,84065,11,2024-02-11,HN1,Central,New
81,92798,46,2024-01-11,HCM1,North,New
82,19268,21,2024-10-20,HN1,Central,Processing
83,96807,21,2024-04-07,HCM2,Central,Processing
84,22185,5,2024-10-01,HCM1,South,New
85,73704,48,2024-08-17,HN1,South,Approved
86,96779,20,2024-08-07,HN1,South,Approved
87,49099,37,2024-03-05,CT1,South,Disbursed
88,18571,3,2024-12-20,HCM1,South,Processing
89,48044,44,2024-08-19,CT1,Central,New
90,61214,33,2024-11-23,CT1,South,Processing
91,71228,9,2024-02-21,CT1,South,Disbursed
92,58984,9,2024-09-19,DN1,North,Approved
93,50774,4,2024-09-23,CT1,North,Rejected
94,12568,35,2024-12-24,HCM2,Central,New
95,72592,17,2024-11-12,HN1,Central,Approved
96,77563,34,2024-11-19,DN1,North,New
97,12695,24,2024-06-02,CT1,North,Approved
98,58190,32,2024-12-23,HN1,South,Disbursed
99,15258,1,2024-12-31,HCM1,South,Disbursed
100,97538,8,2024-05-19,HCM1,Central,Approved
101,49504,45,2024-02-20,HN1,North,Processing
102,43159,23,2024-04-26,HCM2,Central,Disbursed
103,23986,47,2024-02-15,HN1,South,Approved
104,71858,40,2024-11-04,HN1,Central,New
105,22666,12,2024-03-28,DN1,Central,Processing
106,48660,12,2024-07-26,HCM1,Central,New
107,13561,46,2024-09-25,HCM1,South,Processing
108,36854,47,2024-03-29,CT1,Central,Processing
109,74505,15,2024-04-27,HN1,South,Approved
110,62251,41,2024-02-23,HN1,North,Processing
111,32662,19,2024-04-25,HCM2,Central,New
112,18392,26,2024-04-27,HCM1,Central,Approved
113,40535,29,2024-09-16,HCM2,South,Disbursed
114,88603,22,2024-03-15,DN1,Central,Approved
115,62256,40,2024-10-31,CT1,South,Processing
116,99135,21,2024-01-07,HCM2,Central,Disbursed
117,45222,38,2024-12-31,HCM1,North,Disbursed
118,87373,20,2024-05-01,DN1,North,New
119,89575,29,2024-01-11,HN1,North,New
120,94651,4,2024-12-13,DN1,Central,Rejected
121,73335,7,2024-08-02,HCM2,Central,Disbursed
122,20965,28,2024-10-05,HCM1,North,Disbursed
123,34538,28,2024-01-28,HCM2,North,Disbursed
124,80592,4,2024-08-22,HN1,South,Approved
125,18110,22,2024-11-08,HN1,South,Approved
126,89309,12,2024-01-26,HCM1,North,New
127,37266,45,2024-02-23,CT1,North,New
128,62992,3,2024-01-29,DN1,Central,Processing
129,92948,22,2024-12-18,DN1,North,Approved
130,16910,44,2024-06-12,HN1,South,Approved
131,10206,2,2024-09-26,HCM2,South,Rejected
132,97054,24,2024-11-29,HCM2,South,Processing
133,97897,34,2024-02-04,CT1,South,Approved
134,33419,27,2024-10-12,HCM2,South,New
135,60636,41,2024-12-13,DN1,South,Processing
136,60015,1,2024-09-29,HCM2,North,Rejected
137,64268,8,2024-07-26,CT1,South,Approved
138,97939,23,2024-08-25,DN1,South,Disbursed
139,28141,38,2024-04-02,HCM2,South,Processing
140,90356,6,2024-06-21,DN1,South,Processing
141,81910,22,2024-03-19,HN1,North,Processing
142,66044,25,2024-04-19,HN1,Central,Processing
143,77214,18,2024-08-04,HN1,Central,Disbursed
144,43827,17,2024-12-23,HCM2,Central,Approved
145,65820,12,2024-04-15,CT1,Central,Disbursed
146,72623,6,2024-02-16,DN1,South,New
147,91734,26,2024-06-29,HCM1,Central,Disbursed
148,85450,27,2024-03-04,HN1,Central,New
149,32299,8,2024-09-02,HN1,North,Disbursed
150,53585,19,2024-08-31,HCM1,North,Processing
151,74044,42,2024-11-15,HCM1,North,Processing
152,52557,1,2024-03-27,HCM2,South,Approved
153,59080,29,2024-08-04,DN1,South,Disbursed
154,12693,45,2024-01-07,HN1,South,New
155,79163,49,2024-10-04,CT1,North,Processing
156,35939,35,2024-12-02,HCM2,Central,Disbursed
157,58925,40,2024-07-28,HCM2,North,Processing
158,52941,14,2024-06-17,CT1,South,New
159,31834,35,2024-11-25,CT1,North,Processing
160,28047,48,2024-05-17,CT1,Central,Processing
161,36105,45,2024-11-01,HCM1,South,Disbursed
162,85766,20,2024-08-17,HN1,Central,Rejected
163,25707,49,2024-11-03,HCM1,Central,Approved
164,31976,13,2024-06-09,HN1,South,Disbursed
165,54262,38,2024-01-01,HCM1,Central,Processing
166,33776,49,2024-08-23,DN1,North,New
167,40080,46,2024-07-06,HN1,Central,Processing
168,76842,49,2024-01-04,HCM2,Central,Processing
169,71373,8,2024-05-11,HN1,Central,New
170,16776,43,2024-08-05,HN1,North,Disbursed
171,65016,20,2024-09-16,HN1,Central,Rejected
172,19474,33,2024-01-01,DN1,Central,Processing
173,68053,26,2024-03-11,HCM1,North,Approved
174,31959,39,2024-06-26,HCM2,South,Rejected
175,15530,21,2024-07-07,HCM1,South,Disbursed
176,13748,49,2024-10-17,HCM1,South,Disbursed
177,23545,42,2024-01-08,CT1,Central,Approved
178,76199,43,2024-09-09,DN1,South,Rejected
179,44766,41,2024-10-18,CT1,North,Approved
180,83530,9,2024-08-31,DN1,Central,Approved
181,71087,24,2024-05-02,HCM1,Central,New
182,78840,37,2024-10-25,HCM1,Central,New
183,64384,49,2024-10-09,DN1,South,Approved
184,61005,41,2024-02-01,HCM1,South,Processing
185,56576,17,2024-11-29,HCM1,South,New
186,49353,24,2024-05-25,HCM2,Central,Rejected
187,72003,21,2024-06-04,CT1,North,New
188,93211,39,2024-01-16,CT1,Central,Approved
189,62733,41,2024-12-20,CT1,North,Approved
190,75318,39,2024-02-16,HN1,Central,Disbursed
191,99474,13,2024-09-07,HCM2,North,Processing
192,33664,11,2024-07-05,CT1,Central,New
193,77172,46,2024-01-31,CT1,Central,Approved
194,95616,19,2024-09-16,HCM2,North,Disbursed
195,36736,11,2024-01-17,HCM1,North,Disbursed
196,10854,13,2024-02-08,CT1,North,Processing
197,48623,46,2024-10-30,HCM1,North,Processing
198,17392,45,2024-02-08,CT1,North,Disbursed
199,65680,1,2024-05-11,DN1,North,New
200,56717,40,2024-01-30,HN1,North,Approved
201,97092,44,2024-06-06,CT1,North,Processing
202,60859,19,2024-10-04,DN1,Central,New
203,36309,12,2024-07-21,HCM2,North,Processing
204,97455,8,2024-03-06,DN1,North,Processing
205,73734,8,2024-04-17,HCM2,Central,Approved
206,80467,45,2024-09-24,CT1,Central,Disbursed
207,62662,12,2024-08-09,HCM2,South,Processing
208,22688,48,2024-10-18,DN1,South,Disbursed
209,35342,33,2024-01-18,HN1,North,New
210,47157,45,2024-03-30,HCM1,North,Approved
211,77863,26,2024-06-29,HCM1,South,New
212,62083,39,2024-09-11,HN1,South,Disbursed
213,75733,28,2024-09-09,HCM1,North,Rejected
214,99045,5,2024-09-13,CT1,South,Approved
215,44698,8,2024-12-11,CT1,North,Disbursed
216,90623,25,2024-03-27,DN1,Central,Approved
217,32671,27,2024-03-30,DN1,Central,Disbursed
218,35184,46,2024-08-24,HCM2,South,Rejected
219,52107,23,2024-03-10,DN1,Central,Disbursed
220,96202,30,2024-02-13,CT1,Central,Approved
221,61663,45,2024-07-18,DN1,Central,New
222,25708,47,2024-05-31,HCM1,Central,Approved
223,59811,23,2024-03-26,HCM2,North,New
224,12811,49,2024-01-19,HCM2,North,Approved
225,66250,47,2024-04-10,CT1,South,Processing
226,82082,20,2024-04-04,DN1,Central,Approved
227,44754,18,2024-09-10,HCM1,Central,New
228,21411,18,2024-12-22,DN1,Central,New
229,12911,2,2024-01-30,HN1,South,Processing
230,77270,4,2024-09-05,DN1,North,Disbursed
231,93763,30,2024-02-02,CT1,Central,Processing
232,18680,33,2024-08-16,DN1,North,Processing
233,94896,36,2024-01-12,HCM2,South,Rejected
234,93879,18,2024-04-27,HCM1,North,Approved
235,81295,37,2024-12-15,CT1,Central,Processing
236,98614,19,2024-06-03,HN1,North,Processing
237,21111,47,2024-09-02,HCM1,North,New
238,47504,28,2024-11-27,HCM1,South,Disbursed
239,11802,40,2024-09-03,HCM2,South,New
240,18155,20,2024-01-29,HCM2,South,Processing
241,83656,49,2024-06-09,HCM2,South,New
242,49384,33,2024-08-22,CT1,North,New
243,57254,12,2024-07-08,DN1,North,Rejected
244,31918,15,2024-04-26,HCM1,South,New
245,95981,41,2024-09-27,DN1,South,New
246,70713,39,2024-09-14,DN1,Central,Processing
247,40306,2,2024-06-28,HCM2,Central,New
248,26646,29,2024-06-20,DN1,South,New
249,56843,41,2024-09-30,HCM1,North,Disbursed
250,26371,10,2024-09-15,HCM1,South,Rejected
251,87371,2,2024-05-14,HN1,North,Disbursed
252,12049,11,2024-06-19,CT1,North,Disbursed
253,41616,13,2024-07-28,DN1,Central,Approved
254,30932,10,2024-08-23,CT1,South,New
255,39855,14,2024-07-04,CT1,South,Rejected
256,71434,18,2024-12-29,CT1,North,Disbursed
257,82694,9,2024-04-04,CT1,South,Rejected
258,53016,39,2024-01-11,HCM1,Central,Approved
259,17400,28,2024-03-08,DN1,Central,New
260,52642,3,2024-07-28,HN1,South,Disbursed
261,25151,20,2024-07-14,CT1,South,Rejected
262,61407,6,2024-04-07,HN1,Central,Disbursed
263,76690,27,2024-04-02,HCM1,South,New
264,14499,2,2024-01-22,HCM1,North,New
265,16295,29,2024-06-20,HCM2,South,New
266,69040,38,2024-05-13,CT1,North,Rejected
267,22183,3,2024-01-25,HCM2,South,New
268,39299,16,2024-07-03,HN1,South,New
269,22874,30,2024-03-25,DN1,Central,Disbursed
270,42711,40,2024-02-24,HCM2,North,New
271,15539,2,2024-09-07,HCM1,Central,Disbursed
272,63351,17,2024-05-23,CT1,South,Processing
273,71267,41,2024-12-16,HN1,Central,Disbursed
274,58354,12,2024-06-15,HCM1,South,Approved
275,12557,35,2024-08-11,DN1,South,Disbursed
276,48360,43,2024-08-07,CT1,South,Disbursed
277,92018,1,2024-06-27,DN1,North,New
278,12200,45,2024-04-28,DN1,North,New
279,78497,15,2024-09-21,CT1,North,Processing
280,56975,26,2024-05-29,CT1,Central,Approved
281,31357,37,2024-08-02,DN1,South,Disbursed
282,87505,21,2024-07-15,HN1,Central,Processing
283,12869,49,2024-02-11,CT1,Central,Approved
284,71135,31,2024-02-22,HCM1,South,New
285,60108,25,2024-11-25,HCM2,Central,Disbursed
286,48467,23,2024-09-07,HN1,South,Disbursed
287,33328,24,2024-10-21,CT1,South,Processing
288,96831,38,2024-09-27,CT1,South,Processing
289,13987,28,2024-05-02,HN1,South,New
290,68871,21,2024-12-04,HCM2,Central,Approved
291,32399,43,2024-09-22,DN1,Central,Approved
292,56214,18,2024-12-13,HCM1,Central,New
293,96416,36,2024-01-29,CT1,North,Processing
294,80271,35,2024-02-04,HCM2,Central,Processing
295,54064,45,2024-01-06,HCM1,Central,Approved
296,80091,9,2024-04-20,HN1,North,Approved
297,50818,38,2024-10-20,CT1,South,New
298,55525,30,2024-03-17,DN1,South,Rejected
299,29830,44,2024-12-14,HN1,South,Rejected
300,27429,34,2024-05-26,CT1,North,Processing
301,16893,32,2024-03-07,HCM2,Central,New
302,89909,3,2024-01-08,HCM1,Central,Rejected
303,57333,3,2024-05-01,HCM1,Central,Disbursed
304,13436,28,2024-12-05,CT1,Central,New
305,84290,44,2024-06-23,HN1,North,Processing
306,86213,15,2024-06-27,DN1,Central,New
307,15895,41,2024-03-25,HCM2,South,Approved
308,29738,23,2024-02-14,CT1,North,New
309,40746,40,2024-05-15,HCM2,North,Processing
310,59377,11,2024-12-08,HCM1,South,Approved
311,58404,48,2024-01-16,DN1,South,Approved
312,64045,32,2024-11-28,HCM2,Central,Processing
313,49790,36,2024-07-13,CT1,South,Processing
314,15600,33,2024-01-09,DN1,North,Approved
315,50764,24,2024-11-11,HN1,North,New
316,84543,39,2024-11-29,CT1,North,New
317,55714,34,2024-11-28,HCM2,Central,Disbursed
318,66835,28,2024-11-22,DN1,Central,New
319,83744,37,2024-01-15,CT1,South,Rejected
320,66491,7,2024-11-22,DN1,Central,Disbursed
321,28589,4,2024-04-11,DN1,Central,Processing
322,53484,37,2024-08-13,DN1,North,Processing
323,92989,1,2024-10-04,HCM2,North,Approved
324,46212,1,2024-04-22,CT1,South,Disbursed
325,53525,47,2024-01-01,HCM1,North,Disbursed
326,57202,20,2024-09-22,HCM1,Central,Rejected
327,42635,19,2024-07-26,HCM2,South,New
328,73208,29,2024-04-19,HCM2,South,Approved
329,43828,10,2024-07-18,DN1,North,Processing
330,28711,18,2024-11-01,CT1,North,Processing
331,13420,28,2024-01-12,CT1,North,New
332,10301,35,2024-12-10,HN1,South,New
333,55236,43,2024-07-06,HN1,North,Rejected
334,76235,47,2024-06-02,HCM1,Central,Processing
335,64240,31,2024-11-29,HN1,South,Processing
336,75726,27,2024-10-05,HN1,North,Processing
337,20492,11,2024-06-19,HCM1,Central,Disbursed
338,16102,49,2024-05-13,HCM1,Central,Rejected
339,60336,49,2024-01-25,HN1,North,Processing
340,95314,38,2024-01-18,CT1,Central,New
341,36641,5,2024-07-08,HN1,South,Processing
342,44584,8,2024-05-20,DN1,South,Disbursed
343,42745,34,2024-02-12,DN1,Central,Approved
344,33093,48,2024-11-29,DN1,South,Approved
345,76105,12,2024-10-10,HCM2,North,Approved
346,61885,38,2024-05-25,DN1,Central,Processing
347,46631,1,2024-11-10,CT1,South,Disbursed
348,82991,31,2024-11-14,HCM2,North,Approved
349,14014,4,2024-04-01,HCM2,North,New
350,21093,49,2024-06-27,DN1,South,New
351,28070,45,2024-02-25,HN1,Central,Approved
352,45777,5,2024-06-03,HCM1,North,Disbursed
353,66958,30,2024-06-08,HN1,North,Processing
354,92074,24,2024-04-20,HN1,North,Disbursed
355,20729,3,2024-05-16,HCM2,North,Rejected
356,55017,11,2024-08-19,HCM2,Central,New
357,76320,45,2024-08-07,HCM2,South,New
358,37751,4,2024-03-08,CT1,South,New
359,88069,26,2024-10-28,CT1,South,Rejected
360,64748,27,2024-09-05,HCM1,North,New
361,15801,46,2024-11-18,HCM2,Central,Processing
362,29190,43,2024-01-06,DN1,South,Approved
363,59689,27,2024-10-06,HCM2,Central,Rejected
364,60993,42,2024-04-03,CT1,South,New
365,39592,6,2024-09-25,HCM2,North,Processing
366,20647,15,2024-07-15,CT1,South,Processing
367,18716,30,2024-01-25,HCM2,North,Approved
368,98891,42,2024-05-27,DN1,North,Disbursed
369,97545,37,2024-04-27,HCM1,South,New
370,99912,37,2024-12-03,DN1,Central,Disbursed
371,80316,42,2024-12-03,CT1,North,Approved
372,12368,37,2024-03-06,HN1,Central,Approved
373,87575,35,2024-10-27,DN1,South,Approved
374,16655,23,2024-06-23,HCM2,North,Processing
375,80031,6,2024-11-14,HCM1,Central,New
376,86429,4,2024-03-16,HCM2,North,Approved
377,97922,18,2024-04-23,HCM2,South,Approved
378,65766,9,2024-04-20,DN1,North,Approved
379,23403,49,2024-09-05,HCM1,South,Processing
380,42097,29,2024-07-21,HN1,Central,Disbursed
381,88657,13,2024-05-26,HCM2,North,Approved
382,20966,47,2024-02-04,HCM1,Central,New
383,62921,17,2024-11-04,HN1,South,Processing
384,59726,45,2024-01-26,HCM2,South,Rejected
385,60300,32,2024-08-25,HCM1,Central,Rejected
386,32677,48,2024-01-14,DN1,Central,Processing
387,65609,22,2024-02-14,HCM2,South,Disbursed
388,66661,4,2024-08-03,HCM2,Central,Processing
389,41024,5,2024-08-20,HCM1,South,Processing
390,80313,37,2024-07-11,HCM2,Central,Disbursed
391,63006,41,2024-02-20,HN1,South,Disbursed
392,25338,49,2024-08-01,HCM2,South,Approved
393,78027,13,2024-05-30,CT1,North,Disbursed
394,90135,34,2024-10-01,HN1,South,New
395,29508,45,2024-12-03,HCM1,South,Disbursed
396,13051,22,2024-03-16,HN1,North,Processing
397,58747,23,2024-08-07,CT1,North,New
398,97142,3,2024-12-13,CT1,Central,New
399,97235,42,2024-07-05,HCM2,Central,Processing
400,64021,34,2024-10-15,HCM2,South,Processing
401,76412,32,2024-01-28,DN1,Central,Processing
402,68335,45,2024-06-28,HN1,Central,New
403,66179,49,2024-09-09,DN1,South,Processing
404,42093,21,2024-05-05,CT1,North,Approved
405,79678,46,2024-06-25,HCM2,North,Processing
406,90738,44,2024-02-06,HCM2,South,Processing
407,49734,21,2024-04-08,HCM2,South,Rejected
408,82615,44,2024-04-07,HCM1,South,Disbursed
409,83523,11,2024-05-06,CT1,South,Rejected
410,27019,39,2024-06-16,HCM2,South,Processing
411,93613,4,2024-03-20,CT1,South,Rejected
412,96672,1,2024-10-20,HCM2,Central,New
413,83847,28,2024-11-28,HN1,Central,New
414,92750,24,2024-05-05,CT1,Central,Processing
415,89634,35,2024-12-08,DN1,North,Disbursed
416,38251,13,2024-11-05,HCM1,South,New
417,35945,47,2024-05-29,DN1,South,New
418,42217,34,2024-01-16,CT1,Central,New
419,18308,11,2024-01-28,HCM2,North,Disbursed
420,15949,36,2024-06-21,CT1,Central,Approved
421,61990,17,2024-02-15,HCM1,South,Processing
422,11150,35,2024-11-23,CT1,South,Approved
423,99480,18,2024-08-23,HCM2,Central,Approved
424,84740,40,2024-08-01,DN1,Central,Approved
425,76617,22,2024-03-25,HN1,South,New
426,26896,24,2024-10-08,DN1,Central,Disbursed
427,56175,19,2024-08-19,HCM2,South,Processing
428,17805,37,2024-03-25,HCM2,Central,Approved
429,15237,39,2024-03-05,HCM1,North,New
430,30056,21,2024-05-13,CT1,South,Processing
431,55543,8,2024-05-30,CT1,North,Processing
432,66556,28,2024-04-24,DN1,Central,Approved
433,13343,5,2024-03-04,HN1,North,New
434,23500,17,2024-12-08,HN1,Central,Rejected
435,63222,37,2024-12-28,HCM1,North,New
436,39375,36,2024-12-17,HCM2,North,Approved
437,19662,19,2024-06-06,HCM1,North,Disbursed
438,26964,27,2024-03-17,CT1,South,Approved
439,69638,34,2024-05-25,HCM2,North,Rejected
440,83666,11,2024-12-08,HCM1,Central,Approved
441,95067,45,2024-08-12,DN1,Central,Processing
442,77215,47,2024-11-08,CT1,South,Disbursed
443,79042,12,2024-04-12,HN1,South,Processing
444,23284,21,2024-12-12,HCM1,Central,Approved
445,82789,11,2024-10-27,CT1,North,Rejected
446,94664,39,2024-03-28,CT1,Central,Processing
447,71389,28,2024-10-29,HN1,South,Processing
448,19435,5,2024-06-16,HN1,South,Processing
449,64340,17,2024-06-18,HN1,Central,Disbursed
450,54078,20,2024-05-14,HCM1,North,Disbursed
451,88832,41,2024-02-19,HN1,North,Approved
452,61293,46,2024-12-05,DN1,South,Approved
453,88781,12,2024-12-12,CT1,Central,Disbursed
454,70403,6,2024-05-13,HN1,Central,New
455,39124,17,2024-12-12,CT1,South,New
456,53919,19,2024-05-16,HCM2,Central,Rejected
457,45247,26,2024-09-01,HCM2,South,Disbursed
458,72752,48,2024-04-18,HN1,North,Disbursed
459,66573,44,2024-11-08,CT1,North,Processing
460,69101,44,2024-10-13,HCM2,Central,New
461,36646,32,2024-01-21,HN1,North,Processing
462,33049,6,2024-03-30,CT1,North,New
463,89605,36,2024-10-22,HN1,South,Processing
464,78385,38,2024-04-21,CT1,South,Rejected
465,50158,11,2024-10-27,HCM2,Central,New
466,75417,33,2024-03-17,HN1,South,Disbursed
467,33289,24,2024-06-25,HCM2,Central,Processing
468,19823,23,2024-12-08,HN1,Central,Approved
469,70160,15,2024-05-27,HCM1,South,New
470,51975,27,2024-04-10,HCM2,North,Processing
471,19540,11,2024-09-02,HCM2,North,New
472,26364,17,2024-04-26,DN1,North,Disbursed
473,14611,14,2024-04-01,HCM2,North,Disbursed
474,37663,27,2024-01-28,CT1,Central,Processing
475,61991,18,2024-01-25,HN1,North,New
476,67679,28,2024-02-27,HCM1,Central,Disbursed
477,40977,47,2024-10-23,CT1,South,Processing
478,59115,47,2024-05-13,CT1,South,New
479,98223,4,2024-11-26,CT1,Central,Approved
480,70890,7,2024-09-05,CT1,North,Disbursed
481,76387,45,2024-02-07,HCM1,Central,New
482,28071,35,2024-03-15,DN1,North,New
483,69275,48,2024-05-21,HCM2,North,Disbursed
484,82369,9,2024-11-17,CT1,Central,New
485,21938,8,2024-06-16,HCM2,Central,New
486,45195,45,2024-09-15,HCM2,North,Approved
487,14000,17,2024-12-20,CT1,Central,Disbursed
488,80588,17,2024-08-12,DN1,North,Processing
489,48304,49,2024-05-31,HCM2,Central,Disbursed
490,79449,33,2024-01-19,HN1,South,Approved
491,92986,32,2024-05-25,HCM2,North,New
492,99643,8,2024-08-28,CT1,South,Disbursed
493,30764,19,2024-12-09,HCM1,Central,Processing
494,96027,38,2024-08-24,HCM2,South,Processing
495,48494,3,2024-02-04,DN1,Central,Approved
496,13373,5,2024-07-08,HN1,North,Processing
497,22161,13,2024-01-01,HN1,Central,New
498,37350,47,2024-06-01,HCM1,Central,New
499,35351,46,2024-05-05,HCM1,North,Processing
500,98668,31,2024-12-10,HCM2,Central,Disbursed
501,25305,16,2024-08-13,CT1,North,Approved
502,85353,32,2024-08-08,DN1,Central,Disbursed
503,86797,22,2024-07-29,HN1,North,Processing
504,75953,29,2024-01-25,HCM1,South,Processing
505,67458,22,2024-01-16,DN1,Central,New
506,30358,43,2024-06-30,CT1,Central,New
507,13267,3,2024-11-24,HN1,Central,Processing
508,92745,10,2024-05-08,HN1,North,Rejected
509,99588,42,2024-02-11,CT1,Central,Disbursed
510,48513,21,2024-12-01,HN1,North,Disbursed
511,36092,16,2024-08-23,CT1,Central,New
512,21338,12,2024-12-25,HN1,South,Disbursed
513,10412,2,2024-02-03,HCM2,Central,Processing
514,17543,41,2024-12-10,CT1,South,New
515,43496,24,2024-02-14,DN1,North,Disbursed
516,70692,35,2024-05-13,HCM2,South,Approved
517,99084,30,2024-01-21,DN1,Central,New
518,54425,30,2024-05-01,HN1,Central,Processing
519,48756,47,2024-03-10,DN1,North,Processing
520,28888,35,2024-12-17,HCM2,Central,Rejected
521,45735,19,2024-12-26,CT1,Central,Processing
522,57295,8,2024-02-17,HCM1,North,Disbursed
523,93042,26,2024-02-08,DN1,North,New
524,95999,49,2024-10-13,HCM1,South,Processing
525,27955,40,2024-01-10,DN1,North,Processing
526,47841,7,2024-01-30,DN1,Central,Approved
527,80640,30,2024-08-31,CT1,North,Processing
528,75510,7,2024-09-30,HN1,Central,Rejected
529,44911,3,2024-03-28,HCM2,South,Disbursed
530,69031,1,2024-08-31,HCM2,North,Disbursed
531,98726,36,2024-11-24,HCM2,Central,Disbursed
532,17357,25,2024-01-15,HN1,North,Disbursed
533,42479,37,2024-01-04,HCM1,North,Approved
534,71476,1,2024-07-09,HCM2,North,Disbursed
535,54811,15,2024-06-16,HCM1,North,Processing
536,46208,37,2024-01-09,HN1,South,Processing
537,30150,13,2024-04-18,HN1,Central,Processing
538,81180,40,2024-05-16,CT1,North,Processing
539,53286,8,2024-06-02,HCM2,Central,Processing
540,78450,5,2024-07-27,CT1,South,Disbursed
541,31352,9,2024-09-28,HCM2,Central,Processing
542,65069,1,2024-05-22,HN1,Central,New
543,24397,36,2024-04-08,HN1,South,Approved
544,51555,35,2024-11-03,DN1,North,New
545,56959,2,2024-03-09,DN1,Central,New
546,10728,40,2024-09-03,HN1,Central,New
547,60517,23,2024-09-17,HN1,North,Processing
548,76234,9,2024-10-02,HCM1,North,Processing
549,49954,34,2024-03-19,HCM1,Central,Rejected
550,57280,46,2024-05-25,CT1,South,Rejected
551,89459,14,2024-04-20,DN1,North,Processing
552,26779,4,2024-09-14,DN1,North,Processing
553,73932,30,2024-04-02,HN1,South,Processing
554,82936,31,2024-01-13,HN1,Central,Rejected
555,34466,38,2024-09-16,CT1,North,New
556,46939,11,2024-04-18,DN1,Central,New
557,79896,35,2024-11-25,HCM1,Central,Rejected
558,45270,8,2024-07-07,HCM2,Central,Processing
559,69163,3,2024-04-04,CT1,South,New
560,92637,14,2024-04-14,HCM2,Central,New
561,61934,13,2024-01-08,HCM1,Central,Disbursed
562,74895,45,2024-03-07,HCM1,North,Disbursed
563,42307,32,2024-07-09,HCM2,North,Rejected
564,64098,34,2024-12-31,CT1,South,Processing
565,70921,45,2024-09-12,HCM2,South,Approved
566,15486,19,2024-01-09,CT1,North,Disbursed
567,18335,38,2024-04-26,CT1,North,Disbursed
568,96900,16,2024-09-23,HN1,South,New
569,99112,2,2024-04-08,DN1,Central,Disbursed
570,21130,40,2024-10-24,DN1,South,New
571,97508,17,2024-06-12,HCM1,Central,New
572,70566,34,2024-05-20,HN1,North,Approved
573,76703,42,2024-09-24,DN1,North,Processing
574,37192,16,2024-02-06,CT1,North,Disbursed
575,11062,38,2024-03-14,CT1,Central,New
576,94076,2,2024-03-13,HCM2,South,Approved
577,99780,2,2024-11-03,HCM2,Central,Disbursed
578,31545,26,2024-07-17,CT1,South,Disbursed
579,31689,13,2024-05-09,CT1,South,New
580,21174,47,2024-09-02,HCM2,South,Processing
581,98461,31,2024-11-07,DN1,North,Approved
582,19348,34,2024-02-29,HCM1,South,New
583,33714,39,2024-10-05,HCM2,North,Disbursed
584,48102,3,2024-04-12,DN1,South,Disbursed
585,84460,8,2024-10-22,DN1,South,New
586,99930,23,2024-11-15,DN1,North,New
587,16801,14,2024-12-06,HN1,North,New
588,82267,27,2024-05-30,HN1,Central,Disbursed
589,58136,29,2024-06-05,DN1,South,New
590,33625,39,2024-07-24,CT1,North,Processing
591,92873,39,2024-06-27,HN1,Central,Processing
592,82592,1,2024-07-15,HCM2,Central,Approved
593,87052,17,2024-08-10,HN1,North,New
594,54261,41,2024-03-29,CT1,South,New
595,11542,30,2024-10-13,HCM1,Central,Disbursed
596,31677,13,2024-10-02,HN1,South,Disbursed
597,56732,21,2024-08-23,DN1,South,Rejected
598,60343,19,2024-07-01,DN1,Central,New
599,49081,19,2024-07-27,DN1,North,Processing
600,72856,25,2024-05-09,HCM1,South,Approved
601,98858,22,2024-06-01,CT1,North,Processing
602,29065,31,2024-01-13,HCM2,Central,Disbursed
603,93460,17,2024-05-01,CT1,South,Approved
604,98092,23,2024-12-24,HCM1,North,New
605,64693,32,2024-08-07,DN1,North,Disbursed
606,36962,10,2024-04-15,CT1,South,Disbursed
607,38295,10,2024-03-10,HCM2,North,New
608,23807,36,2024-07-13,DN1,North,Approved
609,52348,8,2024-07-04,HCM2,Central,Processing
610,36432,20,2024-04-08,HN1,Central,Processing
611,93285,32,2024-03-22,HCM2,North,New
612,67854,14,2024-03-15,DN1,North,Approved
613,50262,28,2024-12-05,HN1,South,Disbursed
614,47080,46,2024-07-10,DN1,Central,Approved
615,11324,24,2024-11-20,DN1,South,New
616,45909,15,2024-08-01,HN1,North,Approved
617,99339,22,2024-11-10,HCM2,South,Processing
618,29870,30,2024-11-13,HCM1,North,Disbursed
619,44578,4,2024-05-23,HCM1,Central,Processing
620,82124,13,2024-08-03,HCM1,Central,New
621,36790,23,2024-12-26,HCM1,North,New
622,35289,8,2024-11-19,CT1,Central,Rejected
623,65129,18,2024-01-15,HCM1,North,Processing
624,25485,12,2024-08-04,HN1,South,Rejected
625,54482,31,2024-02-04,HCM1,North,New
626,96188,14,2024-07-01,DN1,South,Processing
627,14748,34,2024-09-26,HCM1,North,Processing
628,96769,18,2024-12-23,HCM2,Central,Disbursed
629,19435,34,2024-04-09,HN1,North,Disbursed
630,13709,11,2024-01-07,HN1,North,New
631,40355,41,2024-01-30,CT1,North,Processing
632,65771,12,2024-10-31,DN1,Central,New
633,67799,49,2024-05-23,HN1,North,Approved
634,23116,15,2024-04-20,HCM2,Central,Processing
635,35470,31,2024-08-19,HCM1,North,Disbursed
636,52344,49,2024-06-27,HN1,South,Disbursed
637,52918,29,2024-03-12,HCM2,North,Processing
638,62224,26,2024-07-28,HCM1,South,Processing
639,49298,18,2024-08-07,CT1,Central,Disbursed
640,90219,32,2024-03-20,HN1,Central,Disbursed
641,71629,22,2024-03-23,HN1,North,New
642,76040,38,2024-02-11,HCM2,Central,Processing
643,38016,17,2024-09-29,DN1,North,Processing
644,33960,23,2024-07-09,CT1,Central,New
645,43591,24,2024-06-21,DN1,South,New
646,92848,8,2024-01-07,HN1,Central,New
647,77641,41,2024-06-03,DN1,South,Approved
648,46395,6,2024-01-10,HCM1,North,Processing
649,32700,5,2024-02-03,CT1,North,New
650,44620,44,2024-02-05,DN1,North,New
651,30559,29,2024-01-06,HCM1,South,Disbursed
652,71642,28,2024-08-02,HCM2,North,Disbursed
653,86539,11,2024-05-13,DN1,North,Processing
654,31732,1,2024-10-11,CT1,South,Processing
655,40354,43,2024-05-05,HCM1,Central,Disbursed
656,23843,19,2024-12-02,DN1,North,New
657,81726,9,2024-06-22,HCM2,Central,New
658,27640,27,2024-05-31,DN1,Central,Processing
659,62528,34,2024-11-26,HCM1,North,New
660,48413,44,2024-01-26,DN1,North,Processing
661,62638,4,2024-04-24,CT1,South,Disbursed
662,62736,36,2024-10-10,HN1,South,Approved
663,78866,18,2024-03-15,HCM1,North,Processing
664,29087,15,2024-06-14,HCM1,Central,Disbursed
665,51430,13,2024-07-07,HCM1,South,New
666,34504,19,2024-03-18,HCM1,South,New
667,17114,49,2024-03-30,DN1,North,Approved
668,88859,6,2024-06-24,CT1,North,Approved
669,20975,48,2024-01-21,HCM2,North,New
670,21023,12,2024-02-23,CT1,North,Processing
671,31447,37,2024-07-02,HCM1,South,Approved
672,33959,17,2024-12-24,DN1,South,Approved
673,76203,23,2024-08-09,DN1,South,Approved
674,39703,26,2024-11-10,HCM1,Central,Processing
675,19337,29,2024-11-23,DN1,South,New
676,56427,33,2024-06-27,HCM1,South,Processing
677,71529,27,2024-10-02,CT1,North,New
678,94665,25,2024-04-21,HN1,South,Disbursed
679,41921,10,2024-08-11,DN1,South,Processing
680,43307,47,2024-08-01,HCM1,South,Processing
681,37355,23,2024-02-28,HCM1,North,Rejected
682,14835,21,2024-11-22,DN1,South,Processing
683,30159,21,2024-04-18,HCM2,South,Processing
684,57605,43,2024-06-05,HCM1,Central,Disbursed
685,48088,13,2024-07-09,DN1,Central,Disbursed
686,88752,37,2024-07-18,HCM1,Central,Approved
687,65284,33,2024-11-07,HCM2,Central,New
688,67043,24,2024-07-14,HN1,North,Approved
689,45547,44,2024-02-04,HCM2,Central,Rejected
690,92844,11,2024-09-02,CT1,South,New
691,37532,17,2024-08-24,DN1,Central,New
692,44349,4,2024-04-13,HCM2,North,Disbursed
693,55445,47,2024-01-07,HN1,Central,New
694,15713,25,2024-10-09,HCM1,Central,Rejected
695,66178,30,2024-01-01,DN1,North,Processing
696,59407,9,2024-08-06,HCM2,North,Processing
697,80340,21,2024-08-17,HN1,North,New
698,60990,20,2024-06-20,HCM2,North,Disbursed
699,85672,19,2024-03-27,CT1,North,Processing
700,75545,19,2024-02-10,DN1,North,Approved
701,94791,12,2024-05-02,HCM1,South,Approved
702,68141,37,2024-11-26,HN1,Central,Rejected
703,33793,42,2024-10-24,HCM2,Central,Disbursed
704,66570,17,2024-06-26,DN1,North,Approved
705,47892,37,2024-03-03,HCM2,North,Processing
706,11015,48,2024-06-13,DN1,South,Disbursed
707,71813,39,2024-07-05,CT1,South,Approved
708,37712,28,2024-07-27,HCM2,North,Processing
709,18415,41,2024-08-14,CT1,South,New
710,72292,35,2024-02-17,HN1,South,Disbursed
711,33833,47,2024-08-11,CT1,North,Processing
712,14158,48,2024-01-03,DN1,North,Approved
713,72680,18,2024-06-23,HN1,North,Processing
714,30309,14,2024-04-08,HCM2,North,New
715,16970,35,2024-04-25,HCM2,Central,Approved
716,82474,44,2024-09-26,DN1,Central,New
717,96704,41,2024-09-09,HCM1,North,Processing
718,56540,7,2024-11-12,HCM1,South,Approved
719,30384,41,2024-04-04,HCM2,North,Processing
720,28017,13,2024-09-29,DN1,Central,Rejected
721,85880,18,2024-01-24,HCM1,South,Disbursed
722,18702,37,2024-04-25,CT1,Central,Rejected
723,10384,13,2024-05-30,HCM2,North,New
724,10404,36,2024-12-03,CT1,Central,New
725,50943,31,2024-02-19,DN1,Central,Approved
726,57926,2,2024-07-24,CT1,Central,Disbursed
727,39189,16,2024-11-30,HCM1,South,Disbursed
728,22763,9,2024-03-19,HCM1,Central,Disbursed
729,28384,9,2024-03-10,HN1,South,Processing
730,70100,38,2024-01-27,HCM2,North,Processing
731,19860,11,2024-09-27,DN1,North,Processing
732,90642,22,2024-02-19,HCM2,Central,New
733,60612,33,2024-10-18,CT1,South,New
734,33574,36,2024-09-03,DN1,North,Disbursed
735,33524,45,2024-09-20,DN1,South,New
736,79172,23,2024-03-19,HCM1,South,New
737,20916,45,2024-07-08,CT1,Central,New
738,14809,45,2024-02-16,HCM1,Central,Disbursed
739,42201,34,2024-12-26,HCM1,South,Approved
740,63330,9,2024-12-19,HN1,South,Approved
741,23456,24,2024-12-17,HCM1,Central,Disbursed
742,66397,8,2024-07-07,HCM2,South,Processing
743,48765,7,2024-09-12,DN1,Central,Approved
744,44816,36,2024-08-09,HCM1,South,New
745,55106,18,2024-08-28,HCM2,Central,New
746,63932,3,2024-09-25,CT1,South,Disbursed
747,27100,28,2024-01-01,DN1,Central,Rejected
748,67091,6,2024-02-03,CT1,South,Processing
749,31949,44,2024-03-19,HCM2,North,Processing
750,80080,44,2024-08-23,CT1,North,Approved
751,47744,21,2024-11-29,CT1,South,New
752,55543,28,2024-12-14,CT1,North,New
753,46187,40,2024-04-07,HCM1,South,New
754,17239,1,2024-03-22,HCM1,South,Processing
755,24489,36,2024-07-10,HCM1,North,Disbursed
756,68017,21,2024-09-09,DN1,South,Processing
757,71877,43,2024-02-07,HCM2,Central,New
758,53125,35,2024-01-14,HCM1,South,Approved
759,59922,13,2024-12-12,CT1,South,Disbursed
760,42049,49,2024-11-05,CT1,North,New
761,47131,10,2024-07-27,CT1,Central,New
762,52944,44,2024-12-22,CT1,South,Processing
763,83963,47,2024-03-29,HN1,South,Rejected
764,34285,10,2024-02-25,DN1,South,Approved
765,47626,46,2024-04-03,HCM2,South,Disbursed
766,52808,13,2024-04-02,HCM2,South,Disbursed
767,98464,37,2024-12-05,HCM1,South,Rejected
768,63871,38,2024-03-25,HN1,Central,Approved
769,29198,24,2024-09-01,HCM2,Central,Processing
770,29758,2,2024-01-22,DN1,South,New
771,25254,22,2024-10-17,CT1,South,Disbursed
772,54238,17,2024-09-28,HCM1,North,Processing
773,11252,36,2024-11-01,DN1,Central,New
774,49764,14,2024-05-01,HCM2,Central,Approved
775,87709,10,2024-05-07,HN1,South,Processing
776,47441,35,2024-04-22,HCM1,Central,Approved
777,63682,25,2024-09-29,HCM2,Central,Approved
778,69494,3,2024-12-01,HCM1,North,Processing
779,91317,47,2024-05-09,HCM2,North,Disbursed
780,75215,38,2024-05-11,CT1,Central,Processing
781,88587,17,2024-03-25,HN1,Central,Processing
782,16949,12,2024-12-15,CT1,Central,Approved
783,65393,24,2024-03-21,HCM2,South,Approved
784,83553,29,2024-11-20,DN1,North,Rejected
785,16941,43,2024-03-09,CT1,South,Processing
786,35934,25,2024-05-27,DN1,North,Approved
787,33386,36,2024-01-16,HCM2,North,New
788,71886,26,2024-11-02,HN1,North,Disbursed
789,85745,38,2024-04-14,DN1,Central,Processing
790,93251,1,2024-06-13,HCM2,North,Rejected
791,63413,20,2024-07-19,DN1,South,New
792,66800,28,2024-07-15,CT1,North,New
793,52318,16,2024-07-03,HCM2,South,Processing
794,80173,47,2024-11-17,CT1,North,Disbursed
795,80390,17,2024-09-21,HCM1,North,Approved
796,62329,40,2024-12-28,HCM2,Central,Disbursed
797,53088,28,2024-04-09,DN1,South,Processing
798,49811,12,2024-12-07,HCM1,North,Processing
799,65479,27,2024-11-15,CT1,North,New
800,95392,42,2024-08-01,CT1,South,Disbursed
801,97369,47,2024-10-04,DN1,North,New
802,29963,30,2024-06-10,HCM1,Central,Disbursed
803,65123,41,2024-06-05,HN1,South,Disbursed
804,83477,34,2024-09-07,DN1,Central,Disbursed
805,24388,37,2024-12-31,CT1,South,Approved
806,15569,6,2024-04-06,HCM2,South,Approved
807,79836,7,2024-01-18,HCM1,South,Rejected
808,46586,32,2024-11-22,HN1,North,New
809,22015,32,2024-04-06,HCM2,South,Approved
810,55002,25,2024-01-01,HCM1,South,New
811,16254,33,2024-08-03,DN1,South,Processing
812,27144,7,2024-05-11,DN1,Central,New
813,34214,12,2024-09-16,HCM1,South,New
814,90719,16,2024-05-04,HN1,North,Processing
815,81774,16,2024-03-22,HCM1,South,Processing
816,16090,43,2024-10-09,HCM2,South,Approved
817,21637,36,2024-06-19,HCM2,Central,New
818,32415,13,2024-02-28,DN1,North,Approved
819,34071,7,2024-02-01,HCM1,North,New
820,68243,36,2024-06-09,DN1,North,Approved
821,51240,47,2024-10-10,HN1,South,Approved
822,93807,9,2024-04-15,HCM2,South,Approved
823,43434,32,2024-04-14,CT1,North,Rejected
824,79724,11,2024-08-15,CT1,North,Processing
825,85697,8,2024-07-06,HCM1,Central,Rejected
826,38732,33,2024-03-10,HCM1,North,Processing
827,21314,23,2024-11-13,CT1,South,Processing
828,33954,25,2024-10-16,HCM1,South,Approved
829,67108,8,2024-03-27,HCM2,South,New
830,97044,45,2024-12-27,HN1,Central,Approved
831,97505,22,2024-02-25,HN1,North,Approved
832,46668,4,2024-04-22,DN1,South,Processing
833,33061,40,2024-01-13,HCM2,Central,New
834,89252,3,2024-01-18,HCM1,Central,New
835,49749,29,2024-06-30,HCM1,South,Disbursed
836,26907,41,2024-04-22,DN1,Central,Approved
837,28777,29,2024-08-16,DN1,Central,New
838,61745,34,2024-06-19,HCM1,South,Processing
839,91818,34,2024-10-21,HCM1,Central,Approved
840,33624,28,2024-07-07,HCM2,South,Disbursed
841,33321,13,2024-03-19,DN1,South,New
842,20488,15,2024-05-25,HCM2,Central,New
843,32574,23,2024-06-30,HCM1,South,Disbursed
844,15240,44,2024-10-12,CT1,South,New
845,53221,26,2024-09-06,CT1,North,New
846,20478,4,2024-12-19,HCM1,South,Disbursed
847,65645,26,2024-11-09,DN1,North,Approved
848,29262,40,2024-07-14,CT1,North,Processing
849,62796,9,2024-11-18,DN1,North,New
850,14432,5,2024-03-11,CT1,North,New
851,74291,32,2024-09-04,DN1,Central,New
852,89104,20,2024-05-25,CT1,Central,Disbursed
853,69399,11,2024-04-15,DN1,South,Processing
854,89714,15,2024-09-19,HCM2,South,Rejected
855,60428,32,2024-10-22,DN1,South,Disbursed
856,97731,28,2024-03-10,HCM2,Central,Processing
857,10302,22,2024-07-11,HCM2,North,New
858,92558,41,2024-03-08,HCM1,Central,Approved
859,10055,17,2024-10-31,HCM2,Central,Disbursed
860,18717,26,2024-02-21,HN1,South,Disbursed
861,38699,44,2024-12-28,HCM2,South,New
862,83686,7,2024-10-11,DN1,South,Approved
863,77661,42,2024-11-29,HCM2,North,Approved
864,54247,26,2024-01-09,DN1,North,Disbursed
865,26748,25,2024-09-07,DN1,Central,New
866,14621,10,2024-11-27,HN1,North,Approved
867,25034,45,2024-10-24,HCM2,South,Disbursed
868,15126,19,2024-07-02,HCM2,North,Processing
869,15122,11,2024-06-27,CT1,North,Processing
870,28030,13,2024-07-16,CT1,North,New
871,92838,8,2024-05-07,HCM1,North,Processing
872,94717,40,2024-01-20,DN1,South,Processing
873,65658,4,2024-11-23,HN1,South,Disbursed
874,48638,47,2024-03-05,CT1,Central,Processing
875,77067,31,2024-06-30,HCM2,Central,Processing
876,98869,28,2024-08-28,HCM1,Central,Approved
877,44674,11,2024-01-24,HN1,North,New
878,45854,43,2024-03-23,HCM2,North,Processing
879,56271,1,2024-11-14,HCM2,South,Rejected
880,83688,49,2024-07-03,DN1,Central,Disbursed
881,48518,47,2024-11-11,DN1,South,Approved
882,20267,38,2024-04-08,CT1,Central,Approved
883,11062,24,2024-03-02,CT1,Central,New
884,60448,47,2024-10-12,HCM2,Central,Disbursed
885,16229,31,2024-01-22,HCM2,North,New
886,66793,41,2024-07-30,CT1,Central,Rejected
887,57915,46,2024-05-05,CT1,Central,Processing
888,14632,26,2024-02-11,HCM2,North,Disbursed
889,13596,49,2024-04-07,HN1,Central,Rejected
890,16168,5,2024-01-31,HCM2,North,Rejected
891,17561,20,2024-06-06,HN1,North,New
892,83794,41,2024-04-21,HN1,South,Processing
893,92152,11,2024-09-03,HCM2,North,Approved
894,36734,33,2024-05-01,HCM1,North,Rejected
895,16371,38,2024-09-29,CT1,North,New
896,36069,27,2024-10-20,DN1,Central,Disbursed
897,89905,34,2024-07-25,HCM2,South,Disbursed
898,22910,15,2024-04-19,HN1,Central,Processing
899,83479,32,2024-10-04,HCM2,North,Disbursed
900,87735,21,2024-02-25,CT1,North,Approved
901,91264,46,2024-02-26,HN1,South,Processing
902,33275,5,2024-10-17,DN1,South,Processing
903,82274,6,2024-04-23,DN1,North,Approved
904,91449,38,2024-11-03,DN1,North,Rejected
905,70004,22,2024-12-06,HCM1,Central,Processing
906,72981,18,2024-07-16,HN1,North,Approved
907,94659,14,2024-11-16,HN1,Central,Approved
908,64553,10,2024-06-27,HCM1,South,Rejected
909,58447,46,2024-08-06,HN1,Central,New
910,44529,13,2024-10-03,HCM1,North,Disbursed
911,85703,31,2024-01-16,HCM2,Central,Processing
912,86090,30,2024-03-01,CT1,Central,Processing
913,27260,3,2024-02-23,DN1,South,New
914,13812,30,2024-06-16,HCM1,Central,Processing
915,38024,6,2024-01-26,HCM1,North,Disbursed
916,68656,29,2024-12-01,HCM1,Central,Processing
917,37285,8,2024-03-05,HCM2,Central,Rejected
918,11605,44,2024-04-09,HCM1,Central,New
919,81158,45,2024-03-14,CT1,North,Processing
920,82303,43,2024-07-10,CT1,Central,Disbursed
921,37139,44,2024-06-19,DN1,North,Rejected
922,87149,33,2024-09-29,HCM2,Central,New
923,66138,17,2024-07-05,CT1,South,Approved
924,86125,48,2024-01-23,HN1,South,New
925,23918,11,2024-06-29,HN1,South,Processing
926,95655,13,2024-11-22,HN1,North,Rejected
927,37446,11,2024-04-17,HCM1,North,Rejected
928,23046,31,2024-11-30,HCM1,North,New
929,34818,28,2024-06-10,HN1,Central,Disbursed
930,14324,44,2024-10-28,DN1,North,Approved
931,86323,6,2024-07-24,DN1,North,Processing
932,19111,41,2024-03-18,HCM1,North,Approved
933,48110,16,2024-01-16,HN1,North,Approved
934,26389,4,2024-11-22,DN1,South,Approved
935,51427,35,2024-04-05,HCM1,Central,Processing
936,89579,48,2024-05-26,HN1,South,Approved
937,38746,26,2024-01-02,HCM2,Central,New
938,97886,12,2024-01-10,HN1,Central,Disbursed
939,10117,11,2024-05-04,HN1,South,Approved
940,94471,37,2024-03-21,CT1,North,New
941,23234,25,2024-05-19,CT1,South,Rejected
942,63441,18,2024-11-21,HCM2,Central,Disbursed
943,10846,19,2024-05-29,HCM2,Central,Disbursed
944,20954,23,2024-10-14,HN1,North,Processing
945,89239,38,2024-12-26,DN1,South,New
946,56514,18,2024-12-05,HCM2,Central,Approved
947,98236,26,2024-05-08,HN1,South,New
948,16469,6,2024-08-26,HCM1,North,Disbursed
949,40105,4,2024-02-27,CT1,North,New
950,52101,44,2024-07-16,DN1,Central,Processing
951,74323,29,2024-07-29,HN1,North,Processing
952,68067,34,2024-02-14,HCM1,Central,Processing
953,59376,17,2024-04-06,CT1,Central,Rejected
954,55587,43,2024-10-05,HCM1,North,Processing
955,46976,43,2024-01-23,HN1,North,New
956,77584,16,2024-11-30,HCM2,South,Processing
957,88477,2,2024-02-13,CT1,South,Approved
958,52533,34,2024-01-27,HCM1,Central,New
959,11828,8,2024-10-08,HCM2,South,Approved
960,11917,13,2024-04-06,DN1,Central,Approved
961,30618,42,2024-02-05,HN1,North,Rejected
962,42254,8,2024-04-18,HN1,North,Disbursed
963,57362,30,2024-02-24,CT1,South,Disbursed
964,30128,32,2024-07-10,HCM1,Central,Disbursed
965,69383,36,2024-08-06,DN1,Central,New
966,75545,47,2024-07-03,CT1,South,New
967,92180,30,2024-03-09,CT1,Central,Processing
968,97958,1,2024-11-12,HCM1,Central,Disbursed
969,19865,43,2024-05-09,DN1,North,Disbursed
970,12219,39,2024-02-24,HCM1,Central,Disbursed
971,49809,17,2024-04-06,HN1,Central,New
972,15287,20,2024-12-01,HCM2,Central,Disbursed
973,44387,24,2024-03-27,HN1,South,Processing
974,18512,22,2024-10-20,HN1,South,New
975,11342,29,2024-04-28,CT1,South,Processing
976,73076,22,2024-07-26,HN1,Central,New
977,29216,44,2024-11-29,DN1,Central,Approved
978,89767,9,2024-06-02,HN1,South,Processing
979,36614,37,2024-02-04,DN1,South,Processing
980,46258,10,2024-03-19,HCM1,Central,Approved
981,52078,36,2024-03-07,CT1,Central,Disbursed
982,93524,37,2024-12-08,DN1,North,Approved
983,22219,28,2024-02-03,HN1,South,Processing
984,10235,28,2024-04-06,CT1,Central,Disbursed
985,52929,42,2024-06-17,CT1,South,Disbursed
986,77444,43,2024-06-17,DN1,South,New
987,18567,21,2024-05-30,DN1,South,Approved
988,80792,24,2024-03-11,HCM2,North,Processing
989,75441,42,2024-01-03,HCM2,Central,New
990,94555,40,2024-11-09,CT1,Central,Approved
991,83698,2,2024-02-01,HCM2,South,Disbursed
992,15415,8,2024-10-13,HN1,Central,New
993,46159,48,2024-03-22,HCM1,North,Disbursed
994,53925,27,2024-02-12,CT1,South,Disbursed
995,15951,22,2024-04-14,HCM1,North,Disbursed
996,97388,37,2024-01-01,HCM2,North,Processing
997,18007,27,2024-03-01,DN1,Central,Disbursed
998,51832,29,2024-09-26,CT1,Central,Processing
999,68596,3,2024-06-28,HCM2,North,Approved
1000,40523,44,2024-08-11,HN1,Central,New
1001,98861,13,2024-01-06,CT1,North,New
1002,96740,45,2024-04-12,CT1,North,Rejected
1003,25524,10,2024-01-10,DN1,South,Processing
1004,29282,36,2024-03-11,CT1,North,Processing
1005,33930,9,2024-03-30,DN1,North,New
1006,10077,27,2024-08-13,HCM2,Central,Approved
1007,30611,34,2024-06-06,HN1,South,New
1008,26984,1,2024-08-15,HN1,Central,Disbursed
1009,24060,32,2024-05-05,CT1,South,New
1010,92985,25,2024-07-27,CT1,Central,New
1011,94056,29,2024-04-06,HCM2,North,Processing
1012,53303,7,2024-03-14,DN1,South,Processing
1013,69207,49,2024-04-24,HN1,South,Processing
1014,85046,3,2024-07-09,DN1,South,Processing
1015,39287,20,2024-06-18,HCM2,South,Disbursed
1016,49711,20,2024-11-02,HN1,Central,Approved
1017,21954,30,2024-07-22,HN1,Central,New
1018,83340,35,2024-02-25,HCM1,South,Processing
1019,82101,35,2024-07-26,HCM2,South,Disbursed
1020,81520,49,2024-02-10,HCM2,South,Processing
1021,97062,39,2024-02-01,HCM1,Central,New
1022,28574,27,2024-01-15,DN1,South,Rejected
1023,19184,26,2024-03-02,HCM1,South,Approved
1024,29096,14,2024-06-03,HCM2,South,Approved
1025,77728,17,2024-10-10,DN1,Central,New
1026,44016,18,2024-07-27,HN1,North,New
1027,21246,45,2024-11-15,HCM1,North,Approved
1028,55558,29,2024-07-05,DN1,Central,New
1029,28381,20,2024-05-09,DN1,North,Approved
1030,46455,27,2024-05-06,DN1,South,Approved
1031,14018,18,2024-10-18,HCM1,South,Processing
1032,21302,4,2024-04-23,HN1,Central,Disbursed
1033,77506,1,2024-07-17,DN1,Central,Disbursed
1034,51157,1,2024-01-13,HCM1,North,Rejected
1035,64917,26,2024-09-27,HCM2,North,New
1036,93122,45,2024-03-29,HCM1,South,New
1037,34519,20,2024-08-02,HCM1,Central,Processing
1038,97487,23,2024-10-04,HCM1,North,New
1039,66819,10,2024-07-21,DN1,North,Disbursed
1040,90910,11,2024-03-14,HCM1,South,New
1041,81324,41,2024-01-25,HCM2,South,Processing
1042,15408,41,2024-04-10,DN1,South,Processing
1043,69379,5,2024-06-24,HCM2,South,Approved
1044,35053,1,2024-04-26,CT1,North,New
1045,19446,17,2024-06-14,HCM1,Central,Processing
1046,10922,22,2024-02-10,DN1,Central,Processing
1047,61356,34,2024-12-09,DN1,South,Disbursed
1048,20789,45,2024-12-31,HCM1,South,New
1049,76656,41,2024-04-29,HN1,North,Disbursed
1050,54028,29,2024-04-06,HN1,South,Disbursed
1051,74484,4,2024-05-24,HCM2,Central,Processing
1052,42154,5,2024-08-03,HCM1,South,Rejected
1053,92870,11,2024-08-16,HCM1,Central,New
1054,12336,21,2024-11-08,CT1,South,Disbursed
1055,77779,35,2024-05-09,HN1,South,Approved
1056,29029,12,2024-12-17,HN1,Central,Processing
1057,69201,26,2024-11-13,HCM1,North,Processing
1058,42265,19,2024-05-16,HCM2,North,New
1059,53872,45,2024-11-19,HCM1,South,Disbursed
1060,56197,7,2024-12-02,HCM2,South,New
1061,65180,47,2024-09-29,HN1,Central,Approved
1062,33710,7,2024-04-26,CT1,Central,Processing
1063,39486,26,2024-11-01,DN1,South,Disbursed
1064,81907,40,2024-04-03,HN1,Central,New
1065,81895,5,2024-06-16,HCM2,North,Approved
1066,74435,21,2024-07-21,HCM1,North,Processing
1067,50631,14,2024-12-06,HN1,Central,Rejected
1068,30103,4,2024-05-28,CT1,Central,New
1069,74772,23,2024-07-01,HCM2,Central,New
1070,24382,42,2024-05-31,HCM1,North,New
1071,94291,20,2024-03-14,DN1,South,Rejected
1072,13756,15,2024-12-30,HCM2,Central,New
1073,30609,45,2024-09-30,HCM1,Central,Approved
1074,26478,29,2024-02-11,DN1,Central,New
1075,49666,8,2024-07-30,HCM1,South,Disbursed
1076,85683,41,2024-04-10,DN1,Central,Disbursed
1077,81315,48,2024-02-14,DN1,Central,Approved
1078,87834,19,2024-03-22,DN1,North,Processing
1079,24153,48,2024-01-17,HCM1,Central,New
1080,86325,39,2024-03-13,DN1,North,New
1081,22999,46,2024-01-14,HCM2,South,Processing
1082,65318,28,2024-06-05,CT1,Central,Approved
1083,10814,46,2024-08-10,CT1,Central,Approved
1084,86077,27,2024-05-11,DN1,North,Disbursed
1085,12443,4,2024-12-03,CT1,South,Processing
1086,85993,15,2024-02-16,CT1,South,Approved
1087,85916,35,2024-04-16,DN1,North,Processing
1088,83319,37,2024-04-17,DN1,South,Approved
1089,27368,1,2024-09-21,HCM2,South,Processing
1090,25328,3,2024-07-23,HN1,South,Processing
1091,66942,47,2024-03-19,HCM1,South,Processing
1092,37306,24,2024-06-03,DN1,South,Rejected
1093,95451,27,2024-09-27,DN1,South,Disbursed
1094,49915,40,2024-09-03,CT1,South,Processing
1095,47219,36,2024-01-19,HCM2,South,New
1096,90879,34,2024-12-11,CT1,Central,Processing
1097,74644,29,2024-01-26,DN1,North,Approved
1098,70279,24,2024-08-04,DN1,South,New
1099,63028,24,2024-06-02,CT1,North,Rejected
1100,10126,42,2024-06-02,DN1,South,Disbursed
1101,62329,4,2024-06-22,HN1,South,Disbursed
1102,37632,3,2024-04-01,HCM1,Central,New
1103,75310,34,2024-12-03,HCM1,North,Disbursed
1104,65176,49,2024-06-29,HCM1,North,Rejected
1105,96066,23,2024-05-10,HN1,Central,Processing
1106,54327,23,2024-10-24,DN1,Central,Approved
1107,78904,45,2024-10-01,CT1,North,Disbursed
1108,13797,5,2024-09-29,HCM2,South,Processing
1109,57882,31,2024-03-16,DN1,South,Processing
1110,23718,41,2024-06-25,HN1,North,Processing
1111,44560,6,2024-07-02,HN1,South,Approved
1112,86589,37,2024-11-14,HCM1,Central,New
1113,32116,10,2024-05-10,DN1,Central,Disbursed
1114,46244,40,2024-12-28,HCM1,Central,Approved
1115,11645,7,2024-02-18,HCM2,North,Approved
1116,57523,39,2024-02-24,HCM1,North,New
1117,29256,38,2024-06-02,HCM2,North,Approved
1118,63173,21,2024-12-20,HN1,South,New
1119,47430,20,2024-07-18,HCM1,North,New
1120,49282,3,2024-11-03,HCM1,North,Approved
1121,73374,22,2024-12-21,CT1,Central,Processing
1122,78244,47,2024-04-27,HN1,South,Approved
1123,21694,4,2024-09-19,CT1,South,New
1124,66264,28,2024-02-15,HCM2,Central,Processing
1125,85060,12,2024-10-28,HCM2,South,New
1126,67545,38,2024-12-21,HN1,North,Disbursed
1127,49224,36,2024-07-07,HCM2,South,Approved
1128,23224,47,2024-11-05,HN1,Central,Approved
1129,50738,41,2024-11-13,HCM2,South,Processing
1130,35150,5,2024-05-08,DN1,Central,New
1131,73731,13,2024-02-18,HCM1,North,Disbursed
1132,59688,23,2024-01-25,DN1,North,Processing
1133,83509,30,2024-09-22,HN1,Central,Processing
1134,18577,37,2024-04-27,HN1,North,Approved
1135,18070,25,2024-05-23,DN1,North,New
1136,18666,48,2024-07-18,HCM1,South,Disbursed
1137,67761,27,2024-06-05,HCM1,North,Approved
1138,46368,14,2024-12-13,CT1,Central,Processing
1139,16783,48,2024-05-13,HCM2,North,New
1140,51914,47,2024-05-27,CT1,South,New
1141,80507,36,2024-12-01,HCM1,Central,Disbursed
1142,89026,39,2024-03-11,DN1,North,Approved
1143,77526,16,2024-08-20,HCM2,North,New
1144,80835,22,2024-11-29,DN1,North,New
1145,55765,21,2024-10-25,CT1,Central,Approved
1146,29956,21,2024-06-02,HN1,South,Approved
1147,97895,8,2024-03-30,DN1,Central,Processing
1148,56240,49,2024-11-29,CT1,Central,Processing
1149,47148,16,2024-07-17,CT1,South,New
1150,14757,31,2024-06-09,CT1,Central,Approved
1151,29097,42,2024-01-26,HN1,Central,Disbursed
1152,20395,10,2024-04-30,HN1,North,New
1153,26241,32,2024-10-27,HN1,Central,Approved
1154,37696,34,2024-07-30,HCM2,North,Processing
1155,80480,9,2024-03-03,HN1,Central,Processing
1156,56163,17,2024-03-08,HN1,North,Processing
1157,29816,11,2024-09-09,HN1,North,Disbursed
1158,59840,32,2024-01-02,DN1,North,Processing
1159,62853,10,2024-04-17,HN1,South,Approved
1160,34917,22,2024-10-12,HCM2,Central,Processing
1161,31566,17,2024-02-18,CT1,Central,New
1162,85452,4,2024-05-19,DN1,Central,New
1163,72823,48,2024-08-05,HCM1,South,Rejected
1164,30806,47,2024-02-13,HN1,North,New
1165,85520,25,2024-09-25,CT1,Central,Approved
1166,11759,21,2024-03-18,CT1,South,Processing
1167,51949,37,2024-08-03,DN1,South,Processing
1168,12482,38,2024-04-07,HCM1,Central,Processing
1169,34442,49,2024-08-23,HCM2,North,Processing
1170,43719,1,2024-10-08,CT1,South,New
1171,68066,25,2024-05-28,CT1,Central,Processing
1172,12079,36,2024-10-30,CT1,North,Approved
1173,12717,17,2024-03-06,CT1,South,Approved
1174,69676,41,2024-08-21,DN1,South,Processing
1175,37952,24,2024-03-27,HCM1,Central,Processing
1176,96444,2,2024-03-19,CT1,Central,New
1177,52460,40,2024-07-23,HCM2,North,New
1178,82847,15,2024-10-05,HCM2,Central,New
1179,99106,32,2024-12-02,HN1,Central,Disbursed
1180,28449,39,2024-09-10,CT1,North,New
1181,43536,6,2024-10-30,CT1,Central,New
1182,74077,1,2024-05-09,CT1,North,Processing
1183,48258,47,2024-03-24,CT1,North,New
1184,58302,23,2024-10-02,CT1,North,Approved
1185,38865,39,2024-07-05,HCM2,Central,New
1186,16645,17,2024-02-15,HCM1,North,New
1187,48000,34,2024-07-01,HCM1,Central,Approved
1188,36737,41,2024-09-24,HN1,North,Processing
1189,21485,29,2024-10-22,HCM2,Central,Rejected
1190,48565,9,2024-11-17,CT1,North,Approved
1191,35522,13,2024-04-09,HCM1,South,Processing
1192,75155,6,2024-03-18,DN1,South,Approved
1193,65168,6,2024-09-28,DN1,South,New
1194,62487,20,2024-12-04,DN1,North,Approved
1195,22342,3,2024-06-10,CT1,Central,Processing
1196,50806,17,2024-02-13,CT1,North,Processing
1197,58770,49,2024-08-25,HN1,North,Approved
1198,88623,12,2024-05-13,HN1,North,Disbursed
1199,85629,48,2024-07-10,HN1,North,Disbursed
1200,62603,47,2024-12-21,DN1,Central,Approved
1201,91974,45,2024-10-04,CT1,North,Processing
1202,36399,1,2024-01-18,DN1,South,New
1203,95382,17,2024-01-12,HN1,South,Processing
1204,91244,3,2024-06-28,CT1,South,Processing
1205,86534,26,2024-05-02,HCM2,North,Processing
1206,65106,15,2024-09-02,HCM1,Central,Disbursed
1207,40678,36,2024-08-09,HCM1,Central,Processing
1208,86218,32,2024-02-20,HN1,Central,Processing
1209,73230,32,2024-03-11,DN1,North,Processing
1210,84055,4,2024-02-17,HCM2,Central,Disbursed
1211,66373,18,2024-01-19,CT1,South,Approved
1212,41480,49,2024-09-18,DN1,Central,Approved
1213,95230,19,2024-03-24,HN1,North,Processing
1214,78836,43,2024-06-03,DN1,North,Disbursed
1215,82258,35,2024-02-22,HN1,Central,New
1216,49986,40,2024-04-16,HCM1,North,Disbursed
1217,34160,14,2024-12-22,HCM1,Central,Approved
1218,95595,33,2024-10-30,DN1,Central,Processing
1219,89111,14,2024-05-14,HCM2,South,Processing
1220,74929,34,2024-03-09,CT1,North,Approved
1221,83506,4,2024-01-11,HN1,South,New
1222,44911,24,2024-05-22,CT1,North,Disbursed
1223,97127,29,2024-07-10,HCM1,Central,Processing
1224,41821,19,2024-03-09,HCM2,North,Processing
1225,85039,6,2024-01-23,HCM2,Central,New
1226,70535,33,2024-06-29,CT1,North,Processing
1227,94458,49,2024-10-19,HCM1,South,Processing
1228,22175,40,2024-01-09,CT1,South,Processing
1229,64771,19,2024-09-27,DN1,Central,Approved
1230,96925,1,2024-04-02,HCM2,South,Processing
1231,76358,5,2024-01-17,HCM2,Central,Disbursed
1232,27327,27,2024-06-02,DN1,Central,Approved
1233,57057,16,2024-11-23,HCM1,Central,Disbursed
1234,16150,6,2024-05-28,HCM2,North,New
1235,14425,40,2024-09-23,HN1,Central,Processing
1236,26032,13,2024-11-23,HN1,South,Processing
1237,12198,48,2024-04-15,HCM1,North,Approved
1238,70500,35,2024-02-04,DN1,South,Disbursed
1239,63394,19,2024-04-28,CT1,Central,New
1240,30079,12,2024-01-14,HCM1,Central,New
1241,46220,16,2024-01-14,CT1,South,Disbursed
1242,51874,43,2024-09-22,HCM1,North,New
1243,23859,10,2024-05-19,HN1,South,Approved
1244,60460,25,2024-10-20,DN1,Central,Approved
1245,41419,20,2024-12-29,HN1,North,Disbursed
1246,18705,31,2024-04-28,DN1,Central,New
1247,52880,4,2024-08-25,CT1,Central,New
1248,33236,44,2024-02-03,HCM1,South,Approved
1249,97955,23,2024-06-17,HCM2,Central,Disbursed
1250,95514,2,2024-01-10,HCM2,South,Processing
1251,25358,22,2024-05-01,DN1,North,Processing
1252,86918,37,2024-05-24,DN1,Central,Approved
1253,24596,8,2024-08-10,HN1,Central,Disbursed
1254,43572,7,2024-09-13,HCM2,North,Disbursed
1255,88757,14,2024-09-24,HN1,South,Disbursed
1256,11279,3,2024-12-24,CT1,Central,New
1257,73197,16,2024-01-04,HCM2,North,New
1258,72516,19,2024-12-19,CT1,Central,Approved
1259,17083,18,2024-04-15,HCM1,South,Disbursed
1260,27771,16,2024-03-25,HN1,South,Processing
1261,39975,8,2024-08-01,DN1,South,New
1262,55648,33,2024-04-30,HCM2,South,Rejected
1263,58285,49,2024-05-11,HN1,North,New
1264,29063,12,2024-12-03,DN1,Central,Processing
1265,77642,11,2024-07-15,HCM1,North,Approved
1266,96143,5,2024-01-19,HCM2,South,Approved
1267,47599,27,2024-05-09,CT1,South,Rejected
1268,61920,12,2024-01-12,HCM1,South,Processing
1269,38529,17,2024-03-21,DN1,South,Approved
1270,45954,6,2024-11-25,HCM2,Central,Approved
1271,37856,33,2024-12-19,HCM2,South,Approved
1272,12573,5,2024-09-18,HCM1,Central,Approved
1273,88344,28,2024-05-04,HCM2,South,Processing
1274,45367,14,2024-11-02,DN1,Central,New
1275,70774,5,2024-09-23,HCM1,Central,New
1276,33752,33,2024-05-19,CT1,South,New
1277,65029,48,2024-11-24,HCM1,North,Approved
1278,27685,41,2024-01-02,HCM1,North,Disbursed
1279,61693,19,2024-01-08,CT1,North,Rejected
1280,65961,22,2024-09-06,DN1,North,Rejected
1281,86908,5,2024-05-18,HN1,North,Processing
1282,84532,2,2024-05-03,HN1,South,Processing
1283,91994,30,2024-11-04,CT1,South,Processing
1284,66133,47,2024-08-15,DN1,South,New
1285,71268,39,2024-01-10,HCM2,South,New
1286,48243,4,2024-07-30,CT1,South,Approved
1287,67384,33,2024-04-21,HN1,South,Disbursed
1288,41653,13,2024-01-08,DN1,Central,New
1289,36657,20,2024-10-18,HCM1,Central,New
1290,49952,7,2024-12-27,DN1,South,Rejected
1291,32180,15,2024-09-09,DN1,South,Processing
1292,88411,23,2024-01-14,HN1,Central,Disbursed
1293,11622,14,2024-08-27,HN1,Central,Rejected
1294,58756,23,2024-08-29,HCM2,South,Disbursed
1295,50809,19,2024-12-07,HCM2,Central,Processing
1296,26725,29,2024-05-28,CT1,North,Approved
1297,71396,20,2024-08-23,HCM1,North,Processing
1298,61226,29,2024-11-01,HCM2,North,Approved
1299,91182,24,2024-06-15,HN1,Central,Processing
1300,92565,18,2024-01-20,DN1,South,New
1301,39402,10,2024-08-03,CT1,South,Approved
1302,14263,41,2024-12-08,HCM2,South,Approved
1303,56828,8,2024-05-14,DN1,Central,Disbursed
1304,57924,26,2024-05-08,DN1,Central,Rejected
1305,84182,29,2024-10-20,HCM2,North,Approved
1306,69052,10,2024-09-02,HCM1,Central,New
1307,21664,17,2024-07-07,HCM1,North,Rejected
1308,45737,2,2024-02-13,CT1,North,Approved
1309,99563,6,2024-03-26,HCM1,South,Disbursed
1310,39373,5,2024-02-13,CT1,Central,Disbursed
1311,46397,28,2024-11-25,HN1,South,New
1312,96145,41,2024-05-24,HCM2,South,Disbursed
1313,48709,5,2024-02-20,DN1,Central,New
1314,71120,18,2024-08-29,CT1,Central,Processing
1315,29250,26,2024-10-20,HCM1,North,Approved
1316,31172,20,2024-02-20,CT1,North,New
1317,21555,41,2024-09-22,CT1,North,Rejected
1318,97410,49,2024-04-29,HCM1,North,New
1319,88617,27,2024-07-18,HCM1,South,New
1320,63276,49,2024-09-04,HCM2,South,Approved
1321,67492,12,2024-03-10,DN1,Central,Rejected
1322,63002,7,2024-12-06,HCM2,North,Disbursed
1323,99599,3,2024-02-26,HCM2,North,Rejected
1324,82355,10,2024-02-08,HCM1,North,Approved
1325,34762,34,2024-10-15,HCM1,South,Processing
1326,21046,25,2024-01-18,DN1,Central,New
1327,38769,35,2024-08-07,CT1,South,New
1328,63302,16,2024-11-08,HCM2,Central,Approved
1329,33150,2,2024-08-31,DN1,Central,Approved
1330,78247,24,2024-12-17,HCM2,South,Processing
1331,14853,10,2024-10-30,CT1,South,Rejected
1332,99399,38,2024-10-24,HCM2,Central,Approved
1333,31792,22,2024-10-09,HN1,South,New
1334,69129,26,2024-03-14,DN1,South,New
1335,84478,43,2024-04-19,HCM1,Central,Disbursed
1336,77298,39,2024-06-28,HCM2,Central,Rejected
1337,41987,27,2024-02-01,DN1,North,Disbursed
1338,25850,29,2024-08-21,DN1,South,New
1339,22112,47,2024-10-08,HCM2,Central,Disbursed
1340,34058,38,2024-01-25,HCM1,South,New
1341,55420,20,2024-11-26,HCM1,South,New
1342,48890,27,2024-10-05,HCM2,Central,Disbursed
1343,76017,41,2024-08-13,DN1,North,Processing
1344,57304,20,2024-02-26,HCM1,Central,Approved
1345,42921,44,2024-06-28,HCM2,Central,New
1346,11524,19,2024-08-19,HCM2,South,Approved
1347,25048,20,2024-12-08,HCM2,North,Disbursed
1348,45111,35,2024-10-13,DN1,Central,Processing
1349,47904,47,2024-03-04,HCM1,South,Approved
1350,64912,2,2024-08-19,DN1,Central,New
1351,44008,30,2024-10-15,HN1,South,Approved
1352,10060,34,2024-07-31,HCM1,Central,Processing
1353,84666,22,2024-09-14,DN1,North,New
1354,93559,3,2024-01-18,HCM1,Central,Processing
1355,65337,6,2024-06-23,HN1,South,New
1356,23350,15,2024-08-16,CT1,Central,Disbursed
1357,34354,27,2024-08-13,HCM2,North,Processing
1358,55186,10,2024-03-24,DN1,North,New
1359,38145,9,2024-10-17,HN1,North,Processing
1360,44020,33,2024-09-02,HN1,North,Processing
1361,96123,32,2024-04-19,HCM1,South,Rejected
1362,85186,48,2024-09-10,HCM1,Central,Disbursed
1363,95469,6,2024-03-28,HCM2,North,Processing
1364,30581,41,2024-03-12,HCM1,Central,Disbursed
1365,98929,36,2024-01-30,DN1,South,Approved
1366,33051,2,2024-06-20,DN1,Central,New
1367,61474,29,2024-11-04,DN1,Central,Approved
1368,79626,4,2024-12-08,CT1,North,Approved
1369,16960,1,2024-06-25,DN1,North,Approved
1370,45772,19,2024-05-18,HCM1,South,Disbursed
1371,31520,26,2024-07-12,HCM1,Central,Processing
1372,59481,25,2024-07-04,DN1,South,Disbursed
1373,46408,10,2024-08-05,HN1,South,Rejected
1374,67134,15,2024-06-12,HN1,South,Processing
1375,30491,22,2024-06-09,HN1,North,Approved
1376,11341,48,2024-01-13,HCM2,North,Processing
1377,54623,21,2024-10-22,CT1,Central,Disbursed
1378,10338,22,2024-03-29,DN1,Central,Approved
1379,81431,36,2024-11-19,HCM2,Central,New
1380,22254,34,2024-02-11,HN1,North,Processing
1381,61860,30,2024-07-28,DN1,North,Approved
1382,21344,25,2024-08-16,HCM2,South,New
1383,11750,45,2024-12-15,HCM1,North,New
1384,64756,28,2024-10-01,HN1,South,Processing
1385,77957,1,2024-10-05,HCM2,South,Processing
1386,68053,49,2024-09-07,HCM1,North,Processing
1387,80855,45,2024-11-05,HN1,South,Processing
1388,25896,4,2024-07-26,CT1,South,New
1389,65761,7,2024-11-16,HN1,Central,Approved
1390,72552,49,2024-05-19,CT1,South,Approved
1391,87454,9,2024-10-06,CT1,North,New
1392,37935,36,2024-02-03,CT1,North,Processing
1393,47641,19,2024-11-04,DN1,South,Approved
1394,39711,1,2024-01-18,DN1,Central,New
1395,80342,10,2024-02-26,CT1,North,New
1396,22182,36,2024-04-21,HCM1,North,New
1397,97833,9,2024-01-05,CT1,Central,Disbursed
1398,66276,45,2024-06-30,HCM2,South,Rejected
1399,29541,46,2024-01-13,CT1,North,Rejected
1400,92310,42,2024-12-04,DN1,South,Rejected
1401,54813,32,2024-10-11,DN1,South,Approved
1402,47198,32,2024-09-15,HCM2,South,Processing
1403,18820,6,2024-03-30,HCM2,South,Approved
1404,34070,48,2024-04-13,HN1,North,New
1405,79768,38,2024-07-04,HCM1,Central,Approved
1406,21122,17,2024-09-06,HCM1,North,Rejected
1407,90559,10,2024-09-11,HCM1,Central,Approved
1408,83543,27,2024-03-16,DN1,South,Processing
1409,93441,35,2024-04-17,HCM1,Central,Processing
1410,51786,21,2024-06-04,HN1,South,Approved
1411,16737,25,2024-03-22,HN1,North,Approved
1412,46062,28,2024-03-17,HCM1,North,Disbursed
1413,64237,47,2024-09-14,HCM2,Central,Processing
1414,61571,15,2024-05-06,HN1,South,Rejected
1415,35510,4,2024-10-08,HCM2,South,Approved
1416,29426,29,2024-03-28,DN1,Central,Disbursed
1417,47265,9,2024-07-22,HN1,South,Approved
1418,27850,27,2024-01-16,HCM2,South,Approved
1419,76150,26,2024-05-30,HCM1,South,Approved
1420,97312,19,2024-09-10,DN1,North,Rejected
1421,99613,28,2024-07-06,CT1,North,Disbursed
1422,84910,17,2024-11-24,CT1,North,New
1423,62375,43,2024-02-01,HCM1,South,New
1424,45435,41,2024-09-27,DN1,North,Disbursed
1425,67132,42,2024-01-05,DN1,South,Approved
1426,88945,20,2024-11-25,DN1,South,Approved
1427,92050,45,2024-11-03,DN1,Central,Processing
1428,12983,40,2024-11-28,CT1,South,New
1429,30662,39,2024-06-17,HCM2,North,Rejected
1430,33510,49,2024-06-29,DN1,North,Rejected
1431,88187,23,2024-12-31,HCM2,South,Processing
1432,50998,47,2024-06-26,DN1,North,Processing
1433,66846,32,2024-05-22,HN1,South,Disbursed
1434,16640,47,2024-12-27,HN1,Central,New
1435,54547,33,2024-09-04,HN1,South,Disbursed
1436,64620,46,2024-05-06,DN1,South,Processing
1437,25317,5,2024-09-19,HCM2,Central,Approved
1438,17564,43,2024-02-09,CT1,North,Disbursed
1439,37345,48,2024-12-20,HCM1,Central,Approved
1440,89273,34,2024-09-11,CT1,Central,Processing
1441,84859,40,2024-05-22,DN1,South,Approved
1442,90765,11,2024-08-27,HN1,South,Processing
1443,84038,3,2024-08-15,HN1,Central,Processing
1444,62393,33,2024-12-06,HCM2,North,Disbursed
1445,76081,11,2024-07-16,DN1,Central,Rejected
1446,39430,16,2024-03-05,CT1,North,Approved
1447,85532,18,2024-01-11,DN1,Central,Processing
1448,37788,30,2024-04-17,DN1,Central,New
1449,58543,48,2024-01-26,HN1,North,New
1450,23919,10,2024-05-30,CT1,Central,Approved
1451,79346,18,2024-08-08,HCM1,South,Rejected
1452,49974,38,2024-12-06,HN1,Central,Approved
1453,26371,19,2024-08-24,CT1,South,Disbursed
1454,55084,36,2024-08-24,HCM2,North,New
1455,39629,13,2024-08-06,HN1,North,Processing
1456,61184,46,2024-05-30,HCM2,South,New
1457,71916,3,2024-05-02,HN1,Central,Processing
1458,83972,10,2024-05-23,DN1,South,New
1459,72187,38,2024-07-07,CT1,South,Disbursed
1460,22984,1,2024-09-11,HCM2,North,New
1461,43039,27,2024-03-08,HN1,South,Disbursed
1462,95431,46,2024-04-13,HCM2,Central,Processing
1463,93691,8,2024-12-01,HN1,South,Disbursed
1464,68606,46,2024-06-07,HN1,North,Approved
1465,20616,42,2024-11-04,HCM1,Central,Disbursed
1466,60072,17,2024-12-27,HCM1,North,New
1467,34574,9,2024-10-26,HCM1,South,Rejected
1468,13430,6,2024-03-30,HCM2,South,Disbursed
1469,22676,43,2024-12-22,DN1,North,New
1470,20816,25,2024-09-12,HN1,North,New
1471,42733,39,2024-12-18,CT1,Central,Processing
1472,95680,49,2024-08-07,HCM1,North,Disbursed
1473,12050,28,2024-01-09,HCM2,North,Approved
1474,43933,33,2024-01-12,HCM2,South,Approved
1475,34951,37,2024-11-20,HCM2,South,New
1476,42413,9,2024-08-31,CT1,North,New
1477,44801,18,2024-06-30,CT1,North,Disbursed
1478,65619,21,2024-10-10,HCM1,South,New
1479,42913,2,2024-11-07,CT1,Central,Approved
1480,50600,43,2024-04-08,HCM1,Central,Disbursed
1481,67775,38,2024-07-15,CT1,Central,New
1482,45400,40,2024-12-31,CT1,Central,Approved
1483,14494,36,2024-08-13,CT1,South,New
1484,90688,43,2024-11-28,HCM1,North,Approved
1485,99431,37,2024-04-12,HN1,Central,New
1486,84691,15,2024-04-15,HCM1,South,Rejected
1487,53001,28,2024-12-30,HN1,North,Processing
1488,77364,18,2024-02-27,HCM2,Central,Processing
1489,55028,34,2024-03-18,HCM2,North,Approved
1490,47573,22,2024-03-15,HCM1,Central,New
1491,10806,11,2024-02-11,HN1,North,Rejected
1492,66638,13,2024-11-19,HN1,Central,Processing
1493,39757,4,2024-06-29,HN1,Central,Approved
1494,44636,22,2024-02-02,HCM2,North,New
1495,90097,7,2024-03-11,HCM1,North,Approved
1496,58280,43,2024-02-25,DN1,North,New
1497,34262,24,2024-04-14,HN1,South,Processing
1498,90435,4,2024-07-18,HN1,South,New
1499,72211,28,2024-04-10,DN1,North,Rejected
1500,64842,15,2024-09-12,HCM1,South,Processing
1501,66979,1,2024-11-02,HN1,Central,Disbursed
1502,91470,3,2024-03-14,HCM1,North,Disbursed
1503,48197,14,2024-06-19,HN1,South,New
1504,51844,38,2024-05-22,CT1,North,Approved
1505,74754,1,2024-06-14,HN1,Central,New
1506,44157,38,2024-09-17,CT1,Central,Processing
1507,87129,38,2024-08-08,HCM1,South,Rejected
1508,50042,21,2024-03-23,HN1,Central,Approved
1509,71665,48,2024-06-30,HCM2,North,Approved
1510,92856,29,2024-11-02,HCM2,South,Processing
1511,37376,5,2024-01-10,DN1,North,Processing
1512,65554,49,2024-01-04,HCM2,North,New
1513,24199,10,2024-12-16,CT1,North,Rejected
1514,91412,28,2024-12-01,HCM2,Central,Approved
1515,60948,21,2024-10-18,HCM2,North,Rejected
1516,83781,7,2024-10-07,HCM2,Central,New
1517,82750,3,2024-08-02,HN1,North,Processing
1518,76262,45,2024-04-07,DN1,Central,Processing
1519,56600,47,2024-04-10,HCM1,Central,New
1520,86898,20,2024-01-09,DN1,Central,Processing
1521,72483,19,2024-03-01,CT1,North,Disbursed
1522,28297,35,2024-11-04,HN1,North,Disbursed
1523,40448,4,2024-05-25,HN1,Central,Approved
1524,36172,5,2024-03-03,HCM2,North,Processing
1525,52874,1,2024-04-30,HCM2,Central,New
1526,17657,4,2024-08-13,CT1,North,Disbursed
1527,94386,12,2024-04-14,HN1,Central,New
1528,35425,27,2024-09-16,HCM1,Central,Disbursed
1529,36685,42,2024-12-14,DN1,South,Processing
1530,34578,23,2024-09-11,HN1,North,Processing
1531,38831,25,2024-07-25,HCM1,North,Disbursed
1532,17906,21,2024-01-28,HCM1,South,New
1533,71413,24,2024-06-18,DN1,Central,Approved
1534,64028,25,2024-12-01,HCM1,Central,Approved
1535,17287,45,2024-03-16,CT1,South,New
1536,43660,46,2024-04-25,HCM1,South,Processing
1537,85758,32,2024-03-09,CT1,Central,Approved
1538,70504,32,2024-12-19,HCM1,North,Rejected
1539,69720,5,2024-08-21,HCM2,South,New
1540,44701,36,2024-01-01,HCM1,South,Disbursed
1541,93300,46,2024-06-15,CT1,South,New
1542,27674,42,2024-12-17,HCM1,South,New
1543,93560,49,2024-08-05,HCM1,South,Processing
1544,33874,42,2024-09-29,HCM1,South,New
1545,53642,39,2024-09-07,CT1,Central,New
1546,75160,16,2024-12-12,HCM1,Central,Disbursed
1547,27602,33,2024-12-09,DN1,South,Processing
1548,98801,49,2024-06-22,DN1,Central,New
1549,35931,21,2024-06-18,CT1,North,New
1550,39192,9,2024-09-02,HCM2,North,Rejected
1551,56542,6,2024-03-30,DN1,South,Disbursed
1552,52520,45,2024-02-18,HN1,North,Processing
1553,74772,35,2024-10-20,DN1,North,New
1554,68762,39,2024-05-29,HN1,Central,New
1555,60106,22,2024-05-11,CT1,Central,New
1556,91121,41,2024-02-28,HCM2,Central,New
1557,35559,5,2024-11-19,HN1,Central,Processing
1558,43742,42,2024-07-17,HN1,North,New
1559,79669,23,2024-08-02,DN1,South,Approved
1560,90199,17,2024-02-18,HN1,Central,Processing
1561,31754,12,2024-08-19,CT1,North,Disbursed
1562,13972,23,2024-09-03,CT1,Central,Disbursed
1563,80831,16,2024-08-26,CT1,North,Approved
1564,51873,3,2024-06-16,DN1,Central,Processing
1565,19903,30,2024-02-17,HCM2,South,Processing
1566,13020,22,2024-02-20,DN1,Central,Processing
1567,51755,9,2024-10-25,CT1,South,Rejected
1568,95956,29,2024-04-07,DN1,Central,Processing
1569,96988,47,2024-08-03,CT1,Central,Disbursed
1570,55648,37,2024-06-25,HCM1,Central,Disbursed
1571,19516,23,2024-03-20,HCM1,North,Processing
1572,12396,13,2024-07-03,HN1,North,Approved
1573,94082,32,2024-01-27,HCM2,South,New
1574,29129,46,2024-07-13,HCM1,South,New
1575,11591,47,2024-08-01,CT1,North,Processing
1576,21303,48,2024-12-07,DN1,South,New
1577,40561,23,2024-04-23,DN1,South,Disbursed
1578,81719,45,2024-08-29,HN1,North,New
1579,96231,17,2024-05-03,DN1,North,Processing
1580,17314,40,2024-10-31,HCM1,North,Approved
1581,29623,21,2024-03-16,DN1,North,Approved
1582,77675,2,2024-11-06,HCM1,Central,Processing
1583,75082,37,2024-11-07,HCM1,North,Disbursed
1584,93624,6,2024-07-14,HCM2,South,Approved
1585,43130,44,2024-12-16,HN1,Central,Processing
1586,61756,18,2024-02-13,CT1,Central,New
1587,36292,30,2024-07-04,HCM1,South,Processing
1588,96206,22,2024-12-08,HN1,Central,Disbursed
1589,79274,33,2024-09-02,CT1,South,Approved
1590,12469,30,2024-03-24,DN1,Central,Disbursed
1591,63947,17,2024-07-25,HN1,Central,Processing
1592,32534,43,2024-05-30,HN1,South,New
1593,73620,32,2024-06-04,HN1,South,New
1594,58874,42,2024-01-16,DN1,South,Processing
1595,59708,14,2024-06-13,DN1,South,Approved
1596,84553,10,2024-05-24,HN1,North,Rejected
1597,78344,47,2024-02-06,HCM2,North,Processing
1598,59138,36,2024-11-28,HCM1,South,Processing
1599,64302,34,2024-02-14,DN1,North,Processing
1600,57638,9,2024-07-24,HCM2,South,Processing
1601,88249,42,2024-03-02,DN1,South,New
1602,12719,28,2024-12-21,HN1,Central,New
1603,32890,11,2024-11-03,HCM2,South,New
1604,87236,14,2024-01-19,CT1,South,New
1605,46509,39,2024-12-30,HCM1,South,New
1606,52534,47,2024-10-26,HCM1,South,New
1607,28787,19,2024-01-07,DN1,Central,Approved
1608,58845,15,2024-09-05,HCM1,South,Processing
1609,67932,28,2024-04-26,CT1,Central,Disbursed
1610,43062,24,2024-03-08,HCM2,South,New
1611,85713,8,2024-02-03,HCM2,Central,Processing
1612,97263,43,2024-07-12,HN1,North,Processing
1613,70461,9,2024-11-20,HCM2,Central,New
1614,85418,47,2024-02-24,DN1,Central,Disbursed
1615,76672,33,2024-09-22,CT1,South,New
1616,44832,33,2024-02-11,HN1,Central,Disbursed
1617,41966,19,2024-10-23,DN1,Central,Disbursed
1618,82545,3,2024-08-18,DN1,South,Approved
1619,22987,10,2024-01-10,DN1,North,Approved
1620,47311,40,2024-12-23,HCM1,North,Approved
1621,41575,47,2024-05-07,DN1,North,Processing
1622,73852,42,2024-06-27,HCM1,Central,Approved
1623,11007,1,2024-07-11,HCM2,South,New
1624,80981,29,2024-04-01,HCM1,North,New
1625,86242,34,2024-08-18,DN1,North,Processing
1626,57517,13,2024-03-18,CT1,North,Approved
1627,39257,1,2024-03-25,CT1,North,Disbursed
1628,97272,34,2024-01-30,HCM2,South,New
1629,52207,29,2024-07-31,DN1,North,Disbursed
1630,23281,48,2024-02-18,HCM1,Central,New
1631,71246,47,2024-09-21,CT1,Central,Processing
1632,11435,13,2024-05-24,HN1,South,Processing
1633,36660,48,2024-03-09,DN1,North,Processing
1634,15084,49,2024-02-27,DN1,North,New
1635,92197,29,2024-07-03,HN1,Central,Approved
1636,23507,39,2024-03-02,CT1,South,Disbursed
1637,82595,24,2024-11-03,HN1,Central,Processing
1638,93807,26,2024-10-22,HCM2,South,Processing
1639,55539,17,2024-06-14,HCM1,South,Disbursed
1640,17491,7,2024-06-19,HCM1,South,Rejected
1641,60192,13,2024-03-03,CT1,Central,Processing
1642,90395,5,2024-05-26,HN1,South,Processing
1643,73888,26,2024-11-01,DN1,Central,Disbursed
1644,83609,49,2024-06-09,DN1,Central,Approved
1645,19077,3,2024-05-20,DN1,North,New
1646,30953,7,2024-11-29,HCM2,Central,Processing
1647,86919,49,2024-04-06,HCM2,Central,Disbursed
1648,77889,39,2024-08-08,DN1,North,New
1649,33821,1,2024-02-12,CT1,North,Disbursed
1650,47567,49,2024-10-18,HCM2,North,New
1651,34860,17,2024-04-17,HCM2,South,Rejected
1652,31195,43,2024-09-22,HCM1,South,Processing
1653,87475,25,2024-04-04,HCM1,North,Processing
1654,97266,3,2024-09-18,CT1,South,Disbursed
1655,31427,15,2024-11-08,HCM2,North,Processing
1656,37083,29,2024-03-11,HCM2,South,Approved
1657,97046,43,2024-08-06,HN1,Central,New
1658,67372,32,2024-01-21,CT1,South,New
1659,54064,26,2024-04-01,CT1,South,New
1660,17813,16,2024-05-06,HN1,Central,Approved
1661,41598,25,2024-03-20,HN1,North,New
1662,37082,28,2024-11-07,HCM1,South,New
1663,39241,9,2024-08-25,CT1,South,Processing
1664,54569,1,2024-06-30,CT1,Central,Approved
1665,21745,29,2024-01-25,HN1,Central,Rejected
1666,36029,22,2024-06-04,DN1,Central,New
1667,23025,16,2024-01-05,DN1,Central,New
1668,24288,41,2024-04-29,HCM1,North,Disbursed
1669,99186,44,2024-10-03,DN1,South,Processing
1670,16540,41,2024-01-18,DN1,South,Disbursed
1671,91958,7,2024-07-16,DN1,South,Disbursed
1672,78878,14,2024-02-26,HCM2,South,Rejected
1673,51846,29,2024-04-02,HCM1,North,New
1674,85932,19,2024-01-19,HN1,South,Disbursed
1675,27482,19,2024-12-18,DN1,North,Rejected
1676,33411,2,2024-07-11,HCM2,North,Approved
1677,60975,41,2024-08-24,DN1,Central,Processing
1678,70545,45,2024-10-03,HCM2,Central,Processing
1679,88797,15,2024-08-14,HCM1,South,New
1680,62307,3,2024-08-20,DN1,North,Approved
1681,13093,11,2024-02-09,HCM2,Central,Approved
1682,87258,46,2024-11-18,CT1,North,Processing
1683,32042,30,2024-06-01,CT1,Central,Processing
1684,62930,40,2024-05-06,HCM2,North,Processing
1685,54413,18,2024-08-24,DN1,South,Approved
1686,43756,48,2024-02-24,DN1,South,Disbursed
1687,63268,2,2024-06-20,HCM1,North,New
1688,49214,32,2024-04-18,HCM1,Central,Processing
1689,91871,8,2024-12-19,HN1,Central,New
1690,38602,22,2024-07-02,HCM1,South,Approved
1691,63331,6,2024-07-16,DN1,South,Rejected
1692,58901,12,2024-03-27,HN1,South,Disbursed
1693,73416,47,2024-07-19,HCM1,Central,Processing
1694,42196,40,2024-12-02,HCM2,Central,Disbursed
1695,15626,36,2024-11-17,CT1,South,New
1696,17424,15,2024-10-01,HCM1,North,Approved
1697,22857,28,2024-07-29,HCM1,Central,New
1698,29982,49,2024-04-27,HCM2,South,Disbursed
1699,86961,45,2024-07-09,DN1,North,Approved
1700,11980,18,2024-02-11,HCM2,Central,Approved
1701,58290,2,2024-02-11,HCM1,North,Disbursed
1702,36431,13,2024-11-10,DN1,North,New
1703,94976,45,2024-10-02,HN1,Central,New
1704,92711,15,2024-11-24,HCM1,South,Disbursed
1705,36385,20,2024-01-17,HCM2,North,Processing
1706,48158,29,2024-10-09,HN1,South,New
1707,33019,42,2024-09-14,CT1,Central,Processing
1708,28639,29,2024-03-03,HN1,North,Approved
1709,95530,3,2024-03-02,HCM2,North,New
1710,31563,19,2024-04-09,HN1,North,Processing
1711,49341,3,2024-01-19,HCM2,North,New
1712,15776,14,2024-01-17,HCM1,North,Processing
1713,46444,40,2024-11-20,DN1,Central,Disbursed
1714,78916,4,2024-09-02,CT1,North,Disbursed
1715,18711,11,2024-09-07,DN1,Central,Approved
1716,84318,31,2024-03-21,DN1,South,New
1717,92970,43,2024-02-08,DN1,Central,Disbursed
1718,95553,32,2024-02-05,HCM2,North,Approved
1719,40707,27,2024-07-15,HCM2,South,New
1720,49110,30,2024-06-06,CT1,Central,Disbursed
1721,71788,43,2024-07-22,HCM2,Central,Rejected
1722,92879,2,2024-07-14,HCM2,Central,Rejected
1723,48827,49,2024-08-03,HCM2,North,Rejected
1724,15655,9,2024-10-11,HCM2,North,New
1725,54859,28,2024-07-14,HCM1,Central,New
1726,63625,31,2024-11-02,CT1,Central,Approved
1727,62098,34,2024-05-31,HCM2,South,New
1728,25251,15,2024-01-14,CT1,North,Processing
1729,10526,48,2024-11-20,HN1,North,Rejected
1730,78760,25,2024-05-25,HCM1,South,Rejected
1731,57837,36,2024-02-26,HCM2,Central,Processing
1732,21536,8,2024-07-29,HCM1,Central,Rejected
1733,38541,9,2024-09-24,HCM1,South,Disbursed
1734,89083,37,2024-07-28,HN1,Central,Approved
1735,61027,48,2024-01-17,CT1,Central,New
1736,44531,45,2024-10-12,HCM1,South,Processing
1737,18712,39,2024-12-09,DN1,South,Processing
1738,75455,32,2024-07-21,HN1,South,New
1739,84744,17,2024-04-08,DN1,Central,Processing
1740,15109,35,2024-10-05,HN1,South,New
1741,59268,37,2024-07-27,DN1,Central,Processing
1742,64615,19,2024-05-08,DN1,North,Disbursed
1743,92503,44,2024-11-30,HCM1,North,New
1744,39759,29,2024-10-14,HCM1,South,Rejected
1745,95708,7,2024-09-08,HN1,Central,Approved
1746,70112,28,2024-09-21,CT1,Central,New
1747,36589,9,2024-09-27,HCM1,Central,Disbursed
1748,40015,28,2024-07-06,HCM1,South,Approved
1749,39009,6,2024-08-01,HCM2,Central,Processing
1750,93309,29,2024-10-09,HCM1,Central,Rejected
1751,72046,17,2024-07-29,CT1,Central,Processing
1752,36143,16,2024-12-30,HCM2,North,Approved
1753,16154,23,2024-03-16,DN1,Central,New
1754,31804,31,2024-05-27,DN1,North,Disbursed
1755,51688,3,2024-11-16,HCM2,Central,Processing
1756,74288,21,2024-07-31,HCM2,Central,Approved
1757,61195,26,2024-04-18,HCM2,Central,New
1758,30581,36,2024-05-08,HN1,North,Approved
1759,62648,42,2024-01-10,CT1,Central,Rejected
1760,40087,37,2024-02-16,CT1,South,Processing
1761,59930,22,2024-11-10,DN1,Central,Approved
1762,42981,42,2024-04-05,DN1,North,Processing
1763,79298,12,2024-04-12,DN1,North,Disbursed
1764,56167,42,2024-12-07,HCM1,South,Processing
1765,85304,13,2024-05-25,DN1,South,Disbursed
1766,53408,11,2024-01-27,HCM2,South,Disbursed
1767,49499,16,2024-08-07,DN1,North,Processing
1768,62269,8,2024-01-18,HCM2,Central,New
1769,48559,40,2024-06-15,HN1,Central,Processing
1770,84319,40,2024-03-22,HCM1,South,Disbursed
1771,58787,45,2024-03-12,HCM1,South,New
1772,45488,2,2024-11-05,CT1,Central,Approved
1773,84441,30,2024-09-10,HN1,South,Disbursed
1774,84663,30,2024-06-10,HCM2,Central,Processing
1775,32431,12,2024-11-22,HN1,Central,Approved
1776,71681,10,2024-02-07,HCM1,Central,New
1777,73483,44,2024-07-19,HCM2,Central,New
1778,59153,11,2024-07-18,HN1,North,Rejected
1779,16368,15,2024-09-11,HCM1,Central,New
1780,37424,16,2024-06-27,HCM2,South,Processing
1781,55004,17,2024-02-04,HCM2,South,Disbursed
1782,93869,26,2024-03-22,HCM1,South,Processing
1783,98652,2,2024-08-07,HCM2,South,Disbursed
1784,66985,12,2024-06-06,HCM1,North,Disbursed
1785,60069,26,2024-01-04,DN1,Central,Processing
1786,62326,23,2024-06-15,DN1,Central,New
1787,91061,18,2024-07-22,HCM2,South,Rejected
1788,33398,32,2024-07-12,HCM2,South,Processing
1789,60861,49,2024-08-22,HCM1,South,New
1790,85897,38,2024-07-24,HCM2,Central,Rejected
1791,91905,47,2024-05-29,CT1,North,New
1792,78577,3,2024-06-07,DN1,North,Disbursed
1793,75641,38,2024-10-05,HCM2,North,New
1794,19078,3,2024-10-30,HCM2,North,New
1795,35003,30,2024-06-14,HN1,South,New
1796,72768,1,2024-11-06,HCM2,Central,Disbursed
1797,61047,30,2024-03-08,CT1,South,Approved
1798,81626,45,2024-03-28,DN1,North,Disbursed
1799,67660,32,2024-08-04,HN1,South,Processing
1800,59786,28,2024-01-01,HCM1,North,Processing
1801,11925,21,2024-05-14,HCM1,Central,New
1802,93976,46,2024-07-03,DN1,North,Processing
1803,36015,13,2024-12-16,HCM1,South,Approved
1804,43320,27,2024-05-19,CT1,Central,Approved
1805,74881,36,2024-04-15,HCM2,North,Processing
1806,36289,7,2024-05-12,DN1,North,Disbursed
1807,13389,22,2024-04-17,HN1,Central,New
1808,35683,10,2024-06-26,HCM2,South,Disbursed
1809,23629,39,2024-10-24,HCM1,Central,New
1810,71550,15,2024-12-23,HCM1,South,Processing
1811,34826,15,2024-12-24,HN1,North,Processing
1812,36630,4,2024-05-25,CT1,North,Processing
1813,56163,32,2024-03-14,HN1,Central,Approved
1814,76435,23,2024-04-17,DN1,North,Processing
1815,21653,6,2024-05-01,HN1,Central,Processing
1816,37961,24,2024-01-17,HCM1,North,Rejected
1817,91941,20,2024-07-14,CT1,North,Approved
1818,84137,37,2024-11-22,CT1,South,Disbursed
1819,43662,20,2024-11-13,HN1,Central,New
1820,66446,12,2024-10-23,DN1,Central,Approved
1821,31288,33,2024-09-08,HCM1,North,Approved
1822,46877,28,2024-04-28,HCM2,South,Processing
1823,25313,8,2024-06-10,CT1,South,Processing
1824,90885,1,2024-07-16,HN1,Central,Processing
1825,82715,37,2024-02-14,DN1,Central,New
1826,20326,22,2024-11-09,DN1,North,New
1827,11560,6,2024-06-27,HCM1,Central,New
1828,89148,21,2024-02-13,CT1,North,Approved
1829,93186,32,2024-09-27,HCM1,South,Approved
1830,36745,35,2024-03-18,HCM2,Central,Disbursed
1831,41890,15,2024-11-21,HCM2,South,Rejected
1832,30022,5,2024-06-26,HCM2,South,New
1833,62579,46,2024-12-22,DN1,North,Disbursed
1834,80316,48,2024-01-03,CT1,South,Disbursed
1835,93847,6,2024-08-01,HCM1,North,Processing
1836,38380,25,2024-12-07,HCM1,North,Approved
1837,12356,46,2024-03-14,HCM2,South,Disbursed
1838,80326,40,2024-02-20,CT1,South,Approved
1839,99899,29,2024-03-07,CT1,North,Disbursed
1840,30049,7,2024-11-27,HN1,North,New
1841,85717,40,2024-04-02,CT1,South,New
1842,26082,13,2024-06-24,CT1,North,Processing
1843,10661,38,2024-05-24,HCM1,North,Approved
1844,47412,18,2024-01-07,CT1,Central,Disbursed
1845,12920,2,2024-09-25,CT1,Central,Disbursed
1846,70315,8,2024-11-17,HCM1,Central,Processing
1847,89561,11,2024-01-04,CT1,Central,New
1848,18946,33,2024-05-17,HCM1,Central,Disbursed
1849,55500,38,2024-08-18,HN1,North,Approved
1850,26309,48,2024-03-28,DN1,North,New
1851,65230,27,2024-01-17,HCM1,Central,Processing
1852,40027,20,2024-02-21,HCM1,South,Rejected
1853,82541,12,2024-05-13,CT1,Central,Rejected
1854,69321,43,2024-07-29,HCM1,South,Processing
1855,10956,31,2024-11-20,HCM2,North,Processing
1856,84131,27,2024-08-06,HCM2,South,Disbursed
1857,57908,32,2024-07-23,HN1,North,Approved
1858,88339,10,2024-07-29,HCM1,South,Processing
1859,35963,3,2024-10-03,CT1,North,Processing
1860,49443,45,2024-01-24,CT1,North,Rejected
1861,49063,27,2024-01-04,DN1,Central,New
1862,90818,35,2024-05-31,HN1,North,New
1863,14703,31,2024-09-15,CT1,Central,Approved
1864,75128,15,2024-11-19,DN1,Central,Processing
1865,82099,16,2024-12-22,CT1,Central,Approved
1866,35849,13,2024-06-16,DN1,South,New
1867,41860,49,2024-06-24,HCM2,South,Approved
1868,41585,35,2024-11-05,HCM2,North,Processing
1869,32015,11,2024-10-17,CT1,Central,New
1870,87539,21,2024-02-25,HN1,Central,New
1871,53585,11,2024-04-17,HCM1,North,Disbursed
1872,36958,30,2024-10-22,HN1,Central,Disbursed
1873,36017,48,2024-11-19,HN1,North,New
1874,86707,35,2024-10-28,HCM1,Central,Rejected
1875,55350,22,2024-11-29,HCM2,South,Approved
1876,22201,38,2024-05-20,HCM2,North,Disbursed
1877,39426,31,2024-06-03,HCM1,North,Processing
1878,27778,14,2024-09-18,DN1,South,Approved
1879,55241,24,2024-09-29,HN1,North,New
1880,52229,49,2024-08-19,CT1,South,Processing
1881,96652,32,2024-08-28,HCM2,Central,Disbursed
1882,58364,36,2024-12-20,CT1,South,Approved
1883,94878,32,2024-12-02,HCM1,South,Processing
1884,67056,15,2024-09-14,CT1,North,New
1885,37490,43,2024-09-05,CT1,Central,Rejected
1886,29975,35,2024-03-17,HN1,South,Approved
1887,36723,3,2024-06-28,HCM1,Central,Processing
1888,33279,16,2024-03-06,CT1,South,Disbursed
1889,88301,5,2024-11-03,HCM2,North,New
1890,21561,21,2024-12-13,HCM1,South,Processing
1891,76061,10,2024-06-19,HCM2,South,Disbursed
1892,98397,19,2024-01-22,DN1,Central,Processing
1893,59153,25,2024-04-16,CT1,South,Processing
1894,43142,4,2024-11-18,HCM1,North,Approved
1895,36916,29,2024-08-14,HCM2,North,Disbursed
1896,74324,19,2024-08-03,CT1,South,New
1897,54965,43,2024-03-09,HN1,South,Disbursed
1898,14648,2,2024-03-24,HCM2,Central,Rejected
1899,45133,10,2024-04-12,HCM2,Central,New
1900,60677,43,2024-02-08,DN1,North,Rejected
1901,80135,25,2024-01-13,HN1,Central,Processing
1902,45046,20,2024-10-23,DN1,South,Processing
1903,57064,48,2024-11-08,HN1,North,Rejected
1904,79350,19,2024-06-29,HCM2,Central,Disbursed
1905,55893,23,2024-09-24,DN1,North,New
1906,71272,24,2024-01-13,CT1,South,Processing
1907,77649,11,2024-04-29,HN1,Central,Processing
1908,74674,46,2024-12-18,HCM2,South,Processing
1909,23760,34,2024-02-26,HCM1,South,Processing
1910,31927,28,2024-02-09,HN1,North,New
1911,96475,5,2024-12-01,HN1,North,Approved
1912,71367,5,2024-05-07,CT1,North,Processing
1913,22588,21,2024-06-21,HN1,Central,New
1914,62233,12,2024-02-04,HN1,Central,Disbursed
1915,54738,4,2024-09-15,CT1,North,Disbursed
1916,43397,49,2024-01-05,CT1,Central,Processing
1917,92189,42,2024-08-05,DN1,Central,Processing
1918,86367,20,2024-01-11,HCM2,North,Approved
1919,81260,38,2024-11-22,HCM2,South,Processing
1920,86619,25,2024-04-26,DN1,Central,New
1921,29816,14,2024-07-02,HCM2,Central,Rejected
1922,52240,11,2024-12-27,HN1,South,New
1923,16276,32,2024-04-25,DN1,South,New
1924,89530,11,2024-06-10,DN1,South,New
1925,33499,18,2024-03-07,HCM2,North,New
1926,98576,27,2024-07-18,HCM1,South,New
1927,92495,18,2024-01-31,HCM2,North,Disbursed
1928,81635,23,2024-03-15,HCM1,South,Processing
1929,95112,11,2024-08-24,DN1,South,New
1930,45946,21,2024-11-22,HCM1,North,New
1931,65204,44,2024-03-06,HN1,North,Disbursed
1932,61886,5,2024-03-10,CT1,South,Approved
1933,81652,23,2024-10-23,HCM1,South,Processing
1934,25563,41,2024-01-20,CT1,South,Disbursed
1935,19847,25,2024-08-13,HN1,Central,Processing
1936,36155,41,2024-07-17,CT1,South,Processing
1937,89671,10,2024-02-08,HN1,North,New
1938,93310,22,2024-05-24,CT1,Central,Processing
1939,77278,19,2024-02-14,CT1,North,Processing
1940,28309,1,2024-11-21,HCM2,Central,Approved
1941,10619,7,2024-03-31,HCM1,Central,Processing
1942,93194,4,2024-08-25,CT1,North,Approved
1943,60108,1,2024-03-10,DN1,Central,New
1944,44707,15,2024-06-14,HCM2,North,New
1945,30337,40,2024-05-09,HCM1,South,Processing
1946,91537,12,2024-08-01,HCM2,Central,Disbursed
1947,76504,22,2024-12-05,HCM1,North,Processing
1948,57614,22,2024-03-29,HN1,Central,Approved
1949,10281,47,2024-11-30,CT1,North,Processing
1950,37420,17,2024-09-08,DN1,South,New
1951,90896,29,2024-12-14,HCM2,South,New
1952,49030,46,2024-03-12,HCM2,Central,Processing
1953,11058,14,2024-06-13,HCM2,Central,New
1954,96213,20,2024-02-18,HCM2,North,New
1955,86260,48,2024-02-21,CT1,North,Rejected
1956,38404,33,2024-10-15,HCM1,Central,New
1957,39856,43,2024-10-04,CT1,North,Approved
1958,19200,15,2024-04-23,HN1,North,Processing
1959,74178,12,2024-08-26,CT1,North,Approved
1960,43997,40,2024-05-12,CT1,Central,Approved
1961,35611,20,2024-09-30,HN1,South,Processing
1962,51235,30,2024-06-14,CT1,South,Processing
1963,45057,38,2024-10-19,HCM1,North,Rejected
1964,11239,3,2024-08-30,DN1,Central,Disbursed
1965,75661,28,2024-11-15,HN1,North,New
1966,55272,26,2024-05-17,HCM2,South,New
1967,99393,30,2024-03-19,HCM1,North,Disbursed
1968,71212,13,2024-06-18,DN1,South,Processing
1969,25398,13,2024-05-02,HCM1,Central,Approved
1970,66503,2,2024-06-24,HCM1,North,Processing
1971,16638,37,2024-10-26,HCM2,Central,New
1972,16570,49,2024-03-22,DN1,North,Approved
1973,78785,38,2024-03-27,HCM1,North,Approved
1974,19110,2,2024-08-12,HCM2,North,New
1975,89141,36,2024-01-16,HN1,North,Processing
1976,22115,26,2024-11-05,HCM2,North,Rejected
1977,49062,11,2024-12-23,CT1,Central,Approved
1978,32911,8,2024-06-11,HCM2,Central,New
1979,42556,44,2024-04-07,HCM2,South,Approved
1980,88131,40,2024-06-04,HCM2,North,Rejected
1981,11969,43,2024-01-02,HCM1,South,Rejected
1982,53753,22,2024-12-15,DN1,Central,Approved
1983,92811,20,2024-06-17,HCM2,South,New
1984,14470,8,2024-11-10,HCM2,Central,Rejected
1985,20225,29,2024-11-20,CT1,North,Approved
1986,33196,40,2024-04-01,CT1,South,New
1987,23669,26,2024-06-29,HN1,South,Processing
1988,47380,30,2024-08-18,HN1,South,Processing
1989,58320,17,2024-10-27,CT1,South,Approved
1990,57414,20,2024-05-27,DN1,North,New
1991,25577,16,2024-10-06,HN1,Central,Approved
1992,98009,46,2024-07-07,DN1,Central,Disbursed
1993,65409,43,2024-12-12,CT1,North,Rejected
1994,38625,7,2024-12-15,HN1,Central,Disbursed
1995,91040,16,2024-11-09,HCM2,South,Disbursed
1996,34089,45,2024-05-07,CT1,North,New
1997,46487,47,2024-01-07,HN1,Central,Approved
1998,75838,48,2024-02-16,DN1,North,Processing
1999,60138,27,2024-02-22,DN1,North,Disbursed
2000,52823,23,2024-07-05,HN1,Central,Processing
2001,47208,24,2024-02-07,DN1,Central,Disbursed
2002,64061,9,2024-08-13,HN1,North,Approved
2003,40659,35,2024-02-22,HN1,North,Rejected
2004,41890,20,2024-08-11,DN1,Central,New
2005,89134,37,2024-06-02,HCM1,North,New
2006,57055,42,2024-02-17,HCM2,Central,Rejected
2007,29508,17,2024-12-16,CT1,North,New
2008,52287,47,2024-05-26,HCM2,North,Disbursed
2009,88916,31,2024-03-04,CT1,North,New
2010,36984,8,2024-12-14,CT1,Central,Approved
2011,18125,15,2024-06-30,HCM2,South,Processing
2012,46059,31,2024-05-04,HN1,Central,Approved
2013,79569,30,2024-06-27,DN1,North,Approved
2014,27087,46,2024-02-08,HCM1,South,Processing
2015,15704,20,2024-09-16,HCM1,South,New
2016,70576,39,2024-01-03,HCM1,North,New
2017,83384,12,2024-03-04,HCM2,Central,Approved
2018,97128,49,2024-01-29,HCM2,South,Approved
2019,82460,17,2024-01-11,HN1,South,Rejected
2020,37208,42,2024-04-06,HCM1,Central,Approved
2021,95150,30,2024-12-23,HN1,Central,Processing
2022,76024,29,2024-07-21,HCM1,South,Processing
2023,49882,19,2024-01-21,HCM2,Central,New
2024,35923,46,2024-02-08,DN1,South,Processing
2025,39165,11,2024-08-10,DN1,North,Disbursed
2026,77203,34,2024-04-11,DN1,Central,Disbursed
2027,14114,7,2024-02-15,DN1,South,Processing
2028,74965,44,2024-03-06,CT1,Central,Approved
2029,46321,34,2024-03-31,HCM1,Central,Disbursed
2030,83297,20,2024-06-12,DN1,South,Processing
2031,35426,38,2024-04-20,CT1,North,New
2032,27772,24,2024-12-03,CT1,South,New
2033,13712,10,2024-05-02,CT1,Central,Approved
2034,11367,32,2024-07-11,HN1,South,Disbursed
2035,61924,15,2024-04-08,HN1,Central,Approved
2036,13726,37,2024-10-17,CT1,South,New
2037,99152,20,2024-06-07,DN1,North,New
2038,37723,3,2024-04-12,HCM1,North,Rejected
2039,19108,37,2024-10-07,HCM2,North,Disbursed
2040,87714,40,2024-02-12,HN1,North,Approved
2041,45643,8,2024-03-24,DN1,South,Approved
2042,41324,40,2024-07-09,DN1,North,New
2043,93360,44,2024-02-20,HCM2,South,Disbursed
2044,18927,23,2024-07-28,HCM2,Central,Rejected
2045,32443,40,2024-05-05,DN1,Central,Processing
2046,89973,11,2024-03-09,HCM2,Central,Rejected
2047,73449,46,2024-09-21,DN1,North,New
2048,86743,8,2024-09-14,HCM2,North,New
2049,70233,29,2024-07-06,HCM2,North,New
2050,35537,30,2024-08-17,DN1,Central,New
2051,87576,10,2024-07-07,CT1,Central,Processing
2052,32612,39,2024-01-10,DN1,Central,Processing
2053,16471,28,2024-04-23,HCM1,Central,Approved
2054,45631,49,2024-03-16,HCM2,South,Processing
2055,41348,36,2024-06-12,HN1,South,Processing
2056,74732,13,2024-03-25,HCM2,North,New
2057,11177,32,2024-02-18,HCM1,North,Approved
2058,14760,36,2024-11-21,HN1,Central,Processing
2059,42779,37,2024-06-25,HN1,South,Processing
2060,31636,26,2024-08-05,DN1,South,Disbursed
2061,91889,22,2024-07-07,CT1,North,Rejected
2062,63551,4,2024-12-11,DN1,South,Disbursed
2063,21556,31,2024-08-17,HN1,North,Processing
2064,37598,18,2024-09-11,HN1,Central,New
2065,21563,38,2024-08-23,CT1,Central,Approved
2066,56819,24,2024-01-26,HCM2,North,New
2067,83770,23,2024-03-12,CT1,Central,Processing
2068,36966,22,2024-09-17,DN1,Central,New
2069,91709,2,2024-09-10,HCM2,South,Disbursed
2070,69889,31,2024-09-27,DN1,South,New
2071,36987,11,2024-05-02,CT1,South,Disbursed
2072,88714,28,2024-05-23,HCM2,South,Disbursed
2073,68348,46,2024-09-13,CT1,South,Processing
2074,34596,32,2024-05-23,HCM1,North,Rejected
2075,43174,5,2024-09-15,HN1,North,Approved
2076,74106,38,2024-02-16,HCM2,South,Disbursed
2077,79967,10,2024-12-16,HN1,Central,Processing
2078,69182,40,2024-01-13,HCM1,Central,Rejected
2079,97163,46,2024-07-26,HCM2,North,Processing
2080,49310,24,2024-11-06,HN1,North,Disbursed
2081,66088,35,2024-08-22,HN1,North,Processing
2082,18906,44,2024-05-28,HCM2,Central,Processing
2083,46914,48,2024-11-17,HN1,North,Rejected
2084,55379,23,2024-06-03,HN1,Central,Disbursed
2085,88612,17,2024-06-14,HCM2,North,Approved
2086,47650,1,2024-03-30,HN1,Central,New
2087,56881,31,2024-07-04,HN1,North,Processing
2088,56413,31,2024-11-13,DN1,North,Disbursed
2089,16012,42,2024-12-23,DN1,Central,Rejected
2090,60115,42,2024-06-22,HCM1,North,Disbursed
2091,17151,34,2024-08-04,DN1,South,New
2092,67716,9,2024-09-20,DN1,Central,Processing
2093,46378,22,2024-04-06,HCM1,North,Approved
2094,52652,13,2024-04-26,HN1,Central,Disbursed
2095,82430,25,2024-07-17,HN1,North,New
2096,23467,48,2024-11-15,DN1,South,Disbursed
2097,41010,18,2024-01-21,HCM1,North,Approved
2098,64691,12,2024-07-18,HN1,North,New
2099,74157,40,2024-12-06,CT1,South,Processing
2100,22289,17,2024-09-04,HCM2,Central,Processing
2101,54976,15,2024-10-02,HCM2,North,Approved
2102,53596,42,2024-09-20,HCM2,North,New
2103,33171,15,2024-02-27,DN1,South,New
2104,96365,15,2024-10-28,HCM2,Central,Disbursed
2105,54139,39,2024-01-31,HCM2,Central,New
2106,58713,13,2024-09-05,CT1,South,New
2107,39734,17,2024-04-02,HN1,South,Processing
2108,82588,32,2024-09-21,CT1,North,Approved
2109,73646,9,2024-09-27,DN1,South,Rejected
2110,13654,40,2024-04-03,HCM2,South,Processing
2111,99022,20,2024-06-02,HN1,South,Rejected
2112,28743,26,2024-10-11,HCM2,Central,Approved
2113,58368,27,2024-03-20,HCM2,South,New
2114,84172,21,2024-10-18,DN1,North,New
2115,16441,18,2024-03-24,HCM2,North,Processing
2116,34611,13,2024-12-30,HCM1,North,Processing
2117,22149,16,2024-02-06,HN1,South,Rejected
2118,69189,9,2024-12-07,HN1,Central,Approved
2119,31675,12,2024-11-22,HCM1,South,Processing
2120,81031,44,2024-08-19,DN1,South,New
2121,52668,38,2024-04-02,HCM2,North,New
2122,23673,19,2024-12-01,HCM2,South,Approved
2123,86666,7,2024-04-11,HN1,Central,Processing
2124,98204,35,2024-06-14,DN1,North,Approved
2125,90758,48,2024-06-07,DN1,Central,New
2126,75429,18,2024-01-14,DN1,Central,Approved
2127,33669,16,2024-08-12,HCM2,Central,Disbursed
2128,44068,39,2024-03-13,DN1,South,Processing
2129,98789,4,2024-09-05,HCM1,South,Processing
2130,19435,25,2024-03-31,CT1,South,Disbursed
2131,62249,32,2024-08-03,DN1,South,Processing
2132,47384,40,2024-03-30,CT1,North,Approved
2133,91929,13,2024-01-29,HCM2,South,New
2134,86153,45,2024-10-31,DN1,North,Approved
2135,85388,17,2024-08-07,HN1,Central,New
2136,41401,49,2024-11-23,HCM2,North,Disbursed
2137,81831,37,2024-08-02,HCM1,South,Rejected
2138,44084,6,2024-08-08,HCM1,North,Rejected
2139,65826,19,2024-02-11,CT1,South,Rejected
2140,46451,13,2024-05-14,CT1,South,Approved
2141,17227,26,2024-02-11,HN1,North,Processing
2142,41910,14,2024-06-12,HN1,North,Disbursed
2143,46041,31,2024-12-26,HCM1,Central,Disbursed
2144,98920,4,2024-10-09,DN1,Central,Processing
2145,75681,39,2024-02-27,HCM1,Central,Disbursed
2146,91571,8,2024-10-28,HCM1,Central,Approved
2147,75481,25,2024-11-17,HN1,Central,Approved
2148,78576,13,2024-01-25,CT1,North,Processing
2149,74174,32,2024-03-13,HN1,Central,New
2150,36160,38,2024-05-08,HN1,North,New
2151,27633,38,2024-03-27,HN1,Central,New
2152,27014,28,2024-11-25,HCM1,South,Approved
2153,90532,30,2024-06-01,DN1,Central,Processing
2154,59104,3,2024-06-30,HCM1,South,Processing
2155,51621,28,2024-05-04,HCM2,North,Disbursed
2156,87231,3,2024-03-07,HN1,Central,Processing
2157,78388,45,2024-01-06,HN1,North,Processing
2158,26014,34,2024-05-04,HCM2,Central,New
2159,43755,16,2024-11-09,HN1,North,New
2160,50390,22,2024-11-21,HN1,Central,Rejected
2161,33711,32,2024-02-22,HN1,Central,Approved
2162,67993,38,2024-03-06,HCM2,South,Rejected
2163,84696,8,2024-11-09,HCM1,North,New
2164,37213,8,2024-03-22,HN1,North,Approved
2165,67784,6,2024-03-27,DN1,North,Processing
2166,17421,14,2024-01-02,HCM2,North,New
2167,96936,32,2024-07-22,CT1,North,New
2168,27727,35,2024-05-29,HCM2,South,New
2169,14358,10,2024-10-19,HCM1,Central,Processing
2170,75108,3,2024-04-12,HCM2,South,New
2171,42117,12,2024-01-24,CT1,North,Disbursed
2172,98700,49,2024-07-30,DN1,North,Processing
2173,41910,31,2024-03-05,CT1,Central,New
2174,65754,29,2024-07-27,HCM2,South,New
2175,72438,5,2024-09-07,CT1,Central,Approved
2176,39371,25,2024-04-26,HCM2,Central,New
2177,61501,41,2024-04-25,DN1,South,Disbursed
2178,70946,31,2024-08-24,DN1,Central,Disbursed
2179,48467,21,2024-04-14,HCM1,South,New
2180,27625,20,2024-09-15,DN1,South,Processing
2181,43893,39,2024-02-15,HN1,North,New
2182,86329,22,2024-11-06,CT1,Central,Approved
2183,41007,4,2024-11-26,CT1,North,Processing
2184,49532,13,2024-08-03,HCM2,Central,Processing
2185,64253,45,2024-10-27,DN1,Central,New
2186,22323,42,2024-11-28,HCM1,North,Approved
2187,83379,49,2024-01-24,HCM1,North,Processing
2188,24210,20,2024-02-04,HCM1,North,New
2189,26456,13,2024-01-24,HN1,South,Approved
2190,41367,17,2024-01-28,DN1,Central,Approved
2191,64624,36,2024-01-16,HCM1,South,Disbursed
2192,20106,33,2024-02-28,HN1,Central,New
2193,78008,1,2024-08-30,CT1,Central,Rejected
2194,82240,15,2024-07-25,HCM2,South,Approved
2195,74315,13,2024-09-27,DN1,South,New
2196,79249,17,2024-09-05,DN1,Central,Approved
2197,80587,24,2024-09-23,CT1,North,Processing
2198,20756,8,2024-07-11,DN1,North,Disbursed
2199,78011,27,2024-11-30,DN1,North,New
2200,46378,45,2024-08-05,DN1,North,Approved
2201,14255,23,2024-04-24,DN1,Central,Processing
2202,24484,46,2024-03-08,HN1,North,Disbursed
2203,66549,8,2024-10-25,HN1,North,Processing
2204,44503,8,2024-11-20,HCM2,North,Disbursed
2205,83794,26,2024-03-15,DN1,Central,Disbursed
2206,55113,47,2024-04-12,CT1,South,Processing
2207,84069,13,2024-10-23,HCM1,North,Disbursed
2208,15249,39,2024-06-26,HCM2,Central,Disbursed
2209,29201,37,2024-08-02,HCM1,Central,Processing
2210,68576,49,2024-11-10,HCM1,North,Processing
2211,19686,28,2024-02-08,DN1,South,Approved
2212,63363,25,2024-09-15,CT1,South,Processing
2213,10661,16,2024-07-22,HCM1,South,New
2214,54843,2,2024-01-07,HCM1,Central,New
2215,70963,18,2024-02-18,HCM2,North,Processing
2216,52828,17,2024-01-26,CT1,North,Processing
2217,58604,30,2024-06-09,CT1,Central,New
2218,20526,39,2024-12-22,HCM1,North,Disbursed
2219,78910,13,2024-06-24,CT1,North,Rejected
2220,35592,32,2024-03-19,HCM2,South,New
2221,38982,29,2024-01-02,HCM2,North,Approved
2222,10207,46,2024-05-11,HCM2,North,Approved
2223,98733,30,2024-10-02,DN1,Central,Disbursed
2224,78619,18,2024-04-26,HCM1,Central,New
2225,39328,13,2024-06-12,CT1,South,New
2226,56479,43,2024-10-14,HCM2,Central,Disbursed
2227,30103,21,2024-01-28,HCM1,South,Disbursed
2228,49891,30,2024-11-28,HCM1,South,Rejected
2229,20754,21,2024-01-01,DN1,North,Rejected
2230,91437,48,2024-07-06,CT1,South,New
2231,82982,17,2024-02-25,CT1,North,Approved
2232,65922,40,2024-02-04,HCM2,South,New
2233,58231,19,2024-04-21,HCM2,Central,New
2234,39301,15,2024-10-12,HCM1,Central,Disbursed
2235,72711,9,2024-11-05,CT1,Central,New
2236,51323,10,2024-02-05,CT1,South,Processing
2237,28752,44,2024-08-04,HCM2,South,Disbursed
2238,92205,31,2024-03-20,HN1,North,New
2239,23395,23,2024-11-09,HCM1,North,Disbursed
2240,95957,30,2024-03-23,CT1,North,Disbursed
2241,66273,33,2024-03-05,DN1,North,Approved
2242,14895,9,2024-11-20,DN1,South,New
2243,86559,47,2024-05-07,HN1,South,Processing
2244,20699,1,2024-11-02,HCM2,North,Processing
2245,75061,44,2024-01-22,HCM2,South,Processing
2246,19715,35,2024-08-03,HCM2,South,Processing
2247,29169,11,2024-04-16,DN1,South,Disbursed
2248,26163,34,2024-04-18,HCM2,South,New
2249,15782,16,2024-12-22,DN1,North,Rejected
2250,98177,9,2024-06-29,HN1,North,New
2251,94328,32,2024-12-21,HCM1,South,Approved
2252,45585,15,2024-06-12,CT1,Central,Disbursed
2253,40682,12,2024-03-08,HN1,North,Processing
2254,57864,33,2024-10-18,DN1,North,New
2255,94416,45,2024-06-28,HN1,Central,Approved
2256,65114,14,2024-06-29,CT1,North,Rejected
2257,48067,8,2024-06-17,HCM1,Central,Approved
2258,52685,8,2024-01-22,CT1,Central,Processing
2259,28073,27,2024-03-06,DN1,South,Processing
2260,46035,12,2024-01-21,CT1,North,Disbursed
2261,74977,1,2024-04-09,HN1,Central,Disbursed
2262,93362,43,2024-10-26,HCM2,South,Processing
2263,75450,40,2024-04-12,HN1,North,Disbursed
2264,20382,42,2024-02-16,DN1,South,Processing
2265,14437,11,2024-02-08,HCM1,South,Processing
2266,80971,39,2024-10-11,CT1,Central,New
2267,74612,43,2024-11-05,HCM1,North,Processing
2268,71929,31,2024-03-30,DN1,South,Approved
2269,22329,17,2024-03-25,CT1,Central,New
2270,35169,33,2024-09-29,HN1,Central,Processing
2271,97468,32,2024-12-01,HN1,South,Rejected
2272,44594,29,2024-07-06,DN1,South,Approved
2273,86957,21,2024-06-07,CT1,Central,Approved
2274,70631,21,2024-08-30,HN1,South,Disbursed
2275,55033,40,2024-03-13,DN1,South,New
2276,73133,23,2024-02-18,DN1,North,Approved
2277,83165,6,2024-04-10,HCM1,Central,Rejected
2278,83861,22,2024-01-02,HN1,South,Approved
2279,62290,38,2024-08-31,CT1,Central,Processing
2280,41750,37,2024-06-24,HN1,North,New
2281,50461,45,2024-08-25,HN1,Central,Disbursed
2282,83800,8,2024-02-28,HN1,Central,Processing
2283,88222,41,2024-12-18,DN1,Central,Disbursed
2284,34226,49,2024-04-08,HCM2,North,Approved
2285,16721,35,2024-12-24,HCM2,North,Approved
2286,66154,11,2024-01-02,HCM1,Central,Disbursed
2287,30609,24,2024-08-30,HN1,Central,Approved
2288,62130,49,2024-10-23,HCM2,North,Processing
2289,82909,21,2024-07-29,HCM1,South,Approved
2290,65249,2,2024-05-02,DN1,North,Disbursed
2291,58895,40,2024-08-16,HN1,Central,Processing
2292,15656,19,2024-03-22,CT1,South,Processing
2293,84520,39,2024-05-23,DN1,South,New
2294,73740,28,2024-05-19,HCM1,South,Disbursed
2295,74309,17,2024-01-29,DN1,North,New
2296,39984,6,2024-09-26,CT1,North,Approved
2297,83822,19,2024-09-03,DN1,North,Processing
2298,15901,38,2024-01-12,HCM1,North,Processing
2299,41552,28,2024-12-20,CT1,Central,Approved
2300,41055,2,2024-12-02,CT1,South,New
2301,47685,38,2024-04-15,DN1,Central,Approved
2302,83965,37,2024-02-01,CT1,North,Rejected
2303,24716,4,2024-03-14,DN1,North,Disbursed
2304,21138,22,2024-06-19,HN1,Central,New
2305,45298,26,2024-12-02,CT1,South,Disbursed
2306,61112,49,2024-03-09,DN1,South,Approved
2307,33429,43,2024-10-27,HN1,North,Disbursed
2308,60200,36,2024-12-27,CT1,North,Processing
2309,81308,13,2024-05-16,HN1,North,Approved
2310,58244,32,2024-04-09,CT1,North,Disbursed
2311,27347,17,2024-05-25,HCM1,South,Disbursed
2312,26920,41,2024-01-09,HCM1,Central,Processing
2313,41822,36,2024-03-02,DN1,South,Processing
2314,56659,46,2024-07-03,HCM2,Central,Processing
2315,50108,19,2024-01-29,HCM1,North,Processing
2316,99099,35,2024-04-23,HCM2,North,Processing
2317,17967,46,2024-05-22,HN1,Central,Processing
2318,21871,40,2024-04-29,HN1,North,Disbursed
2319,87452,28,2024-06-18,HCM2,South,New
2320,84270,1,2024-06-05,DN1,North,Approved
2321,43613,42,2024-11-30,CT1,North,New
2322,38179,18,2024-12-14,HCM2,North,Processing
2323,62188,48,2024-09-16,HCM2,North,New
2324,65099,40,2024-03-22,HCM2,South,Processing
2325,45262,33,2024-08-29,HCM2,Central,Rejected
2326,88213,12,2024-06-20,HCM2,North,Disbursed
2327,28268,8,2024-08-18,DN1,North,New
2328,87866,24,2024-07-26,HCM1,South,Processing
2329,96269,16,2024-03-15,CT1,South,Processing
2330,70545,4,2024-09-26,HCM1,South,Disbursed
2331,82146,38,2024-04-23,HCM2,North,Rejected
2332,81966,44,2024-03-02,HCM1,Central,Approved
2333,49922,27,2024-12-27,DN1,South,Approved
2334,89364,9,2024-11-15,HN1,South,Disbursed
2335,52913,47,2024-04-11,HCM1,South,New
2336,65677,16,2024-12-27,CT1,Central,Processing
2337,59841,12,2024-07-28,DN1,North,Disbursed
2338,56332,31,2024-09-11,HN1,North,Rejected
2339,35032,24,2024-01-20,DN1,North,Approved
2340,47846,14,2024-02-27,HCM2,South,Approved
2341,69474,45,2024-04-21,HN1,North,Processing
2342,54936,25,2024-11-08,CT1,South,Approved
2343,39794,34,2024-07-14,HN1,Central,Approved
2344,71588,3,2024-12-18,CT1,Central,Processing
2345,80984,24,2024-04-01,HCM2,North,Rejected
2346,60331,42,2024-02-21,CT1,South,Disbursed
2347,38141,9,2024-10-19,DN1,South,New
2348,19074,26,2024-01-08,HCM1,North,Processing
2349,16406,20,2024-10-26,DN1,Central,Processing
2350,33291,40,2024-04-07,DN1,Central,Approved
2351,51568,10,2024-08-23,HN1,Central,New
2352,56851,19,2024-03-09,HCM2,Central,Approved
2353,64823,3,2024-02-14,HCM1,Central,Disbursed
2354,33312,24,2024-05-16,CT1,North,Processing
2355,53108,5,2024-08-21,HN1,North,Disbursed
2356,76918,3,2024-02-01,HCM2,North,Disbursed
2357,44171,27,2024-10-15,HCM1,Central,New
2358,51779,16,2024-05-05,DN1,Central,New
2359,78828,49,2024-03-07,HCM2,North,Disbursed
2360,22411,15,2024-01-30,HCM2,North,Disbursed
2361,67009,35,2024-04-23,HCM2,Central,New
2362,25422,12,2024-07-22,DN1,South,New
2363,52468,41,2024-01-29,CT1,North,New
2364,42371,44,2024-05-10,HN1,Central,Disbursed
2365,67022,26,2024-07-03,CT1,Central,New
2366,81229,47,2024-09-09,HCM1,North,Approved
2367,61196,34,2024-10-12,HN1,South,Disbursed
2368,90354,23,2024-03-02,HCM1,Central,New
2369,36715,31,2024-01-03,DN1,North,Approved
2370,37605,20,2024-03-08,CT1,Central,Processing
2371,41174,12,2024-01-25,HCM2,Central,Disbursed
2372,19956,23,2024-06-27,HN1,Central,Processing
2373,86373,4,2024-05-20,HCM2,Central,Approved
2374,79252,23,2024-08-18,HCM1,South,Approved
2375,71949,48,2024-10-26,HCM2,North,New
2376,72646,48,2024-06-11,HCM2,North,New
2377,80017,1,2024-11-06,DN1,North,Processing
2378,73037,25,2024-05-09,DN1,North,Processing
2379,99818,2,2024-09-02,CT1,North,Disbursed
2380,16548,30,2024-10-23,HCM1,South,Disbursed
2381,83294,3,2024-06-20,DN1,Central,Processing
2382,33177,21,2024-03-04,DN1,Central,Approved
2383,34022,25,2024-01-31,CT1,North,Approved
2384,15542,20,2024-02-16,HN1,Central,Disbursed
2385,70428,49,2024-05-09,CT1,Central,Processing
2386,32740,22,2024-12-17,HCM2,Central,Processing
2387,69353,21,2024-11-28,HCM2,North,Processing
2388,66532,33,2024-04-19,DN1,North,Approved
2389,26052,38,2024-03-09,DN1,South,Processing
2390,57076,15,2024-02-27,CT1,North,Processing
2391,63420,46,2024-04-15,CT1,South,New
2392,10671,15,2024-10-26,HCM1,North,Rejected
2393,10163,46,2024-11-25,HCM2,Central,New
2394,51424,25,2024-09-12,CT1,South,New
2395,63744,21,2024-11-07,HN1,South,Processing
2396,80331,24,2024-06-19,HCM1,South,New
2397,20634,5,2024-06-10,CT1,North,Approved
2398,14798,6,2024-10-12,DN1,South,Processing
2399,32420,49,2024-03-11,CT1,North,Processing
2400,39300,43,2024-09-11,DN1,South,Approved
2401,99881,48,2024-02-24,DN1,North,New
2402,20749,44,2024-11-18,HCM2,South,New
2403,35121,47,2024-01-03,HCM2,Central,Disbursed
2404,47487,23,2024-01-26,CT1,Central,Processing
2405,43361,4,2024-11-08,CT1,South,Processing
2406,31223,27,2024-05-05,HN1,North,New
2407,82930,18,2024-02-22,HCM1,North,Processing
2408,24056,21,2024-07-16,HCM1,North,Approved
2409,38380,28,2024-10-25,CT1,Central,Approved
2410,36035,35,2024-07-06,HCM2,Central,Rejected
2411,40620,22,2024-07-04,HN1,Central,New
2412,29877,40,2024-10-31,HCM1,North,Processing
2413,65316,23,2024-10-24,CT1,North,Disbursed
2414,74041,3,2024-07-22,HCM2,North,Disbursed
2415,63352,40,2024-01-11,HCM2,South,New
2416,40911,10,2024-12-24,HCM2,South,Processing
2417,42784,25,2024-12-19,DN1,South,New
2418,13191,49,2024-05-25,HCM2,Central,New
2419,43160,8,2024-03-25,CT1,Central,Processing
2420,74641,11,2024-04-09,HN1,North,New
2421,59723,5,2024-04-13,CT1,South,Rejected
2422,13631,45,2024-02-15,HCM2,North,Approved
2423,16172,37,2024-02-13,HN1,South,New
2424,52080,45,2024-10-04,HCM1,South,New
2425,99097,38,2024-06-29,HCM1,North,Disbursed
2426,30281,29,2024-07-05,CT1,North,New
2427,38671,5,2024-04-23,HN1,South,Approved
2428,61431,9,2024-09-11,CT1,South,Processing
2429,38602,48,2024-01-30,HN1,Central,Approved
2430,98789,2,2024-09-20,HN1,North,Processing
2431,61399,1,2024-04-07,CT1,North,New
2432,33472,40,2024-11-08,HN1,North,New
2433,59230,30,2024-11-24,HCM2,North,New
2434,83616,11,2024-04-24,HN1,South,Processing
2435,17099,28,2024-10-02,HN1,Central,Approved
2436,35431,44,2024-10-07,CT1,North,Processing
2437,66492,12,2024-10-01,HCM1,South,New
2438,57684,39,2024-09-17,DN1,South,Approved
2439,40111,26,2024-11-26,HN1,South,Approved
2440,73936,13,2024-07-25,DN1,South,Disbursed
2441,32614,8,2024-11-23,HN1,South,Approved
2442,51991,28,2024-07-29,CT1,North,Processing
2443,80476,30,2024-08-02,CT1,North,Approved
2444,70920,9,2024-02-09,HN1,Central,Disbursed
2445,73530,39,2024-01-26,CT1,North,Disbursed
2446,46224,31,2024-01-27,CT1,South,Processing
2447,17788,21,2024-07-08,HN1,Central,New
2448,38082,47,2024-03-23,HCM1,South,Processing
2449,99570,34,2024-06-18,HN1,South,Approved
2450,86816,31,2024-06-15,HCM1,North,Rejected
2451,93588,25,2024-07-06,CT1,South,Approved
2452,26531,12,2024-06-17,HCM1,North,New
2453,98340,1,2024-10-15,CT1,South,Rejected
2454,54857,22,2024-08-16,HCM1,Central,Disbursed
2455,20142,40,2024-04-06,HCM1,South,Processing
2456,58355,37,2024-01-16,HN1,North,Approved
2457,19866,47,2024-10-05,HCM1,South,Processing
2458,80067,1,2024-05-14,CT1,North,Disbursed
2459,74027,1,2024-01-26,HN1,North,Disbursed
2460,67906,42,2024-12-17,HCM1,Central,Approved
2461,38138,42,2024-01-12,HN1,North,Approved
2462,39956,21,2024-03-12,DN1,Central,Disbursed
2463,86295,15,2024-05-12,HN1,Central,Processing
2464,15439,17,2024-04-15,DN1,South,Processing
2465,57241,22,2024-08-07,DN1,Central,Rejected
2466,52533,38,2024-06-25,HN1,North,New
2467,38270,35,2024-10-08,CT1,North,Processing
2468,88815,45,2024-05-12,CT1,Central,Disbursed
2469,49279,16,2024-01-22,CT1,South,Rejected
2470,33888,8,2024-09-25,HCM2,Central,Processing
2471,27630,47,2024-06-09,DN1,Central,New
2472,71063,17,2024-04-16,HN1,North,Processing
2473,45144,17,2024-10-05,CT1,South,Processing
2474,62161,26,2024-12-18,CT1,South,New
2475,87360,13,2024-08-22,HN1,South,Rejected
2476,60979,17,2024-01-18,DN1,South,Processing
2477,16979,38,2024-08-29,HN1,North,Processing
2478,36189,17,2024-04-26,HCM2,South,Processing
2479,52600,48,2024-10-12,HCM2,South,Disbursed
2480,69560,14,2024-10-08,HN1,South,Processing
2481,88040,45,2024-05-23,DN1,North,New
2482,71558,6,2024-07-23,CT1,North,New
2483,96205,35,2024-02-08,HCM2,South,Approved
2484,16910,46,2024-06-02,HCM2,North,Approved
2485,67713,14,2024-06-24,DN1,Central,Processing
2486,56857,47,2024-08-28,HCM2,South,Processing
2487,44964,8,2024-05-13,HCM2,North,New
2488,95667,15,2024-02-15,DN1,South,Approved
2489,35227,27,2024-02-19,HN1,South,Approved
2490,15978,13,2024-06-14,CT1,North,New
2491,97527,49,2024-04-15,CT1,Central,New
2492,27153,31,2024-08-03,HCM2,South,New
2493,69765,35,2024-05-25,CT1,Central,New
2494,49071,6,2024-03-12,HN1,North,Approved
2495,79519,5,2024-11-25,HCM2,South,New
2496,19503,22,2024-09-29,CT1,North,Processing
2497,70703,49,2024-09-03,HCM1,North,New
2498,74379,23,2024-07-04,HCM1,North,Disbursed
2499,67866,25,2024-03-10,HCM1,North,Disbursed
2500,26905,34,2024-05-29,HCM1,South,New
2501,55838,26,2024-09-02,HCM1,Central,Processing
2502,68279,47,2024-09-18,HCM2,Central,New
2503,99489,5,2024-01-26,DN1,South,Processing
2504,36806,26,2024-05-19,DN1,South,New
2505,55000,20,2024-04-08,HCM2,Central,Approved
2506,32168,6,2024-10-04,HCM2,Central,Approved
2507,80119,6,2024-02-20,HN1,South,Disbursed
2508,48714,18,2024-05-30,DN1,North,New
2509,64093,4,2024-04-13,HCM1,South,Disbursed
2510,65419,17,2024-03-29,HCM2,Central,Rejected
2511,59145,14,2024-05-20,HCM1,North,New
2512,87425,14,2024-07-31,DN1,Central,Processing
2513,87811,13,2024-08-20,CT1,North,New
2514,12461,7,2024-07-01,CT1,Central,Processing
2515,24291,44,2024-09-07,HCM2,North,Processing
2516,56804,15,2024-01-09,HN1,South,Approved
2517,86971,19,2024-03-19,HCM1,South,Processing
2518,74946,43,2024-02-21,HCM2,North,Disbursed
2519,94080,47,2024-09-25,HN1,North,New
2520,71332,44,2024-08-13,HCM1,South,Disbursed
2521,87794,35,2024-02-20,DN1,South,New
2522,40841,17,2024-07-04,CT1,North,Rejected
2523,58758,35,2024-02-03,HN1,North,Processing
2524,86272,19,2024-10-17,HCM1,South,New
2525,47643,20,2024-08-17,HCM2,Central,Disbursed
2526,60408,36,2024-05-10,HCM1,South,Processing
2527,53950,35,2024-04-29,HCM2,North,Approved
2528,66849,32,2024-11-21,CT1,North,Approved
2529,38044,48,2024-09-03,CT1,Central,Processing
2530,25997,44,2024-07-10,HCM1,South,Processing
2531,89751,40,2024-11-18,HCM1,North,Rejected
2532,33911,24,2024-07-28,HCM2,South,New
2533,65533,17,2024-04-12,HCM2,North,Approved
2534,92566,7,2024-11-24,HN1,Central,Disbursed
2535,24571,43,2024-05-12,HN1,South,New
2536,67941,1,2024-11-18,HN1,South,New
2537,68005,35,2024-05-18,HCM1,Central,Rejected
2538,96250,32,2024-04-30,HN1,North,Processing
2539,68712,36,2024-04-03,HCM1,North,Processing
2540,53541,13,2024-05-08,CT1,South,New
2541,33387,6,2024-03-31,DN1,Central,Approved
2542,58908,14,2024-04-01,CT1,South,New
2543,95457,37,2024-03-03,HCM1,South,Processing
2544,23057,48,2024-01-29,HCM1,North,Rejected
2545,74028,15,2024-07-28,DN1,North,Processing
2546,65731,47,2024-01-12,HCM2,North,Processing
2547,34858,4,2024-11-28,HCM2,North,Disbursed
2548,58689,40,2024-10-23,HCM2,North,Approved
2549,54638,16,2024-05-09,HN1,Central,Disbursed
2550,56486,28,2024-10-19,HCM2,South,Processing
2551,30567,16,2024-06-21,HN1,Central,Rejected
2552,39739,4,2024-07-26,HN1,South,New
2553,67804,45,2024-01-24,HCM2,North,New
2554,13754,26,2024-04-08,HCM2,Central,New
2555,37044,28,2024-12-21,DN1,South,Processing
2556,77260,32,2024-05-18,DN1,North,Disbursed
2557,76912,45,2024-11-09,HN1,North,Processing
2558,18706,2,2024-06-22,DN1,Central,Approved
2559,18894,31,2024-01-29,HN1,Central,Rejected
2560,28037,3,2024-05-22,HCM1,Central,Approved
2561,93986,8,2024-11-11,HN1,North,Processing
2562,91942,24,2024-12-16,HN1,South,Approved
2563,61612,15,2024-02-11,DN1,South,Processing
2564,39725,43,2024-10-25,HCM1,Central,New
2565,15926,31,2024-07-26,CT1,South,Disbursed
2566,19496,9,2024-11-25,CT1,North,New
2567,66447,39,2024-07-10,CT1,South,New
2568,39806,45,2024-06-08,HCM1,North,Disbursed
2569,98199,2,2024-03-04,HCM2,Central,Processing
2570,51321,8,2024-08-30,HCM1,South,Approved
2571,75095,7,2024-09-14,DN1,North,Processing
2572,32656,44,2024-05-31,HN1,Central,Processing
2573,65147,39,2024-08-02,HN1,Central,Processing
2574,59666,42,2024-11-17,DN1,Central,Processing
2575,92368,16,2024-06-14,DN1,Central,Processing
2576,48787,35,2024-01-31,HN1,South,Rejected
2577,72946,30,2024-08-19,HCM2,North,Approved
2578,31727,10,2024-10-08,HCM2,South,Disbursed
2579,78056,38,2024-01-29,HCM2,North,New
2580,13081,18,2024-07-13,DN1,Central,Approved
2581,44196,5,2024-11-29,HN1,South,Approved
2582,46735,29,2024-09-12,HN1,Central,Disbursed
2583,90102,39,2024-10-07,HN1,North,New
2584,89578,34,2024-10-30,HCM1,Central,Approved
2585,35498,43,2024-11-16,HCM1,South,Disbursed
2586,86865,45,2024-11-18,CT1,South,New
2587,41656,23,2024-12-11,HCM1,North,Disbursed
2588,77695,5,2024-10-20,HCM2,North,New
2589,47900,30,2024-03-27,HCM2,South,Rejected
2590,94899,6,2024-05-28,HCM2,South,Disbursed
2591,57701,46,2024-09-05,HCM2,South,Approved
2592,29033,44,2024-11-16,CT1,South,Processing
2593,20805,4,2024-10-09,HCM2,North,New
2594,45851,29,2024-12-27,DN1,South,Disbursed
2595,36832,23,2024-07-16,DN1,North,Processing
2596,73437,6,2024-02-13,DN1,South,New
2597,23944,32,2024-12-21,HCM1,South,Approved
2598,29873,42,2024-01-28,HN1,Central,Processing
2599,50372,18,2024-01-17,CT1,Central,New
2600,99464,15,2024-05-06,DN1,South,New
2601,25379,40,2024-06-16,DN1,North,New
2602,46751,32,2024-08-31,HCM2,South,Approved
2603,99822,9,2024-03-16,DN1,Central,Approved
2604,15110,37,2024-08-18,HCM2,South,Approved
2605,64341,10,2024-07-22,HCM2,Central,Disbursed
2606,22087,20,2024-09-04,HN1,South,Disbursed
2607,33762,6,2024-10-28,HCM1,South,Approved
2608,92617,48,2024-08-01,HCM2,North,New
2609,19596,3,2024-08-02,HCM2,Central,Approved
2610,28313,42,2024-06-06,HN1,Central,Processing
2611,76549,11,2024-03-09,HCM2,Central,Approved
2612,33705,43,2024-03-25,CT1,North,Approved
2613,77364,17,2024-09-23,HCM1,South,Processing
2614,83445,32,2024-03-09,CT1,North,Disbursed
2615,88645,4,2024-04-08,DN1,South,New
2616,12023,4,2024-12-12,HCM1,North,Approved
2617,69796,17,2024-08-03,DN1,North,New
2618,90073,41,2024-06-09,HCM2,Central,Disbursed
2619,74429,19,2024-04-03,HN1,North,New
2620,71627,5,2024-06-22,CT1,South,New
2621,43848,32,2024-06-13,DN1,North,Processing
2622,47804,22,2024-04-24,HCM2,North,Processing
2623,25379,6,2024-08-07,CT1,South,New
2624,69664,35,2024-01-31,CT1,Central,Approved
2625,37766,22,2024-01-11,DN1,South,Processing
2626,78099,1,2024-12-08,HCM2,South,New
2627,46060,20,2024-05-09,HN1,South,Processing
2628,79122,22,2024-04-14,DN1,North,Disbursed
2629,26087,48,2024-01-27,CT1,North,Approved
2630,58868,11,2024-08-14,CT1,South,Rejected
2631,33225,13,2024-01-02,HCM1,South,Approved
2632,16643,42,2024-12-24,HCM2,Central,Processing
2633,46727,3,2024-04-10,HCM1,North,New
2634,21005,9,2024-01-21,HN1,North,Processing
2635,75697,12,2024-02-27,DN1,North,Disbursed
2636,26029,23,2024-06-28,CT1,North,Disbursed
2637,24226,14,2024-12-06,HCM2,South,Processing
2638,73646,33,2024-12-14,CT1,South,New
2639,70603,18,2024-01-20,HCM1,Central,New
2640,38731,49,2024-09-11,HCM1,North,Processing
2641,78926,41,2024-11-12,DN1,North,Approved
2642,15997,9,2024-02-07,HCM2,South,New
2643,65506,23,2024-05-27,HCM2,Central,Disbursed
2644,88229,10,2024-01-25,DN1,South,Processing
2645,59815,19,2024-04-30,HCM1,North,Disbursed
2646,52092,47,2024-01-26,HCM1,North,Rejected
2647,72539,5,2024-06-17,HCM1,Central,Rejected
2648,76077,47,2024-11-18,CT1,South,Approved
2649,31817,23,2024-08-12,HN1,North,Approved
2650,47861,30,2024-01-01,HCM1,North,Approved
2651,23428,25,2024-11-02,HN1,Central,Approved
2652,53934,28,2024-09-17,HN1,North,Approved
2653,20258,34,2024-01-13,HCM2,North,Disbursed
2654,67775,45,2024-02-17,DN1,South,Rejected
2655,91580,48,2024-11-08,CT1,Central,Rejected
2656,15469,47,2024-10-17,HN1,Central,Disbursed
2657,38854,25,2024-11-27,CT1,Central,New
2658,16256,10,2024-04-03,HCM2,South,New
2659,86256,14,2024-09-17,HCM1,Central,Processing
2660,43937,42,2024-10-04,HN1,North,Approved
2661,11651,46,2024-12-24,DN1,Central,Disbursed
2662,60288,30,2024-07-23,HCM2,North,Processing
2663,94730,41,2024-07-03,CT1,Central,Approved
2664,35051,25,2024-06-23,HCM1,Central,Approved
2665,37386,14,2024-11-04,CT1,South,New
2666,85054,35,2024-03-09,DN1,Central,Approved
2667,26184,48,2024-04-13,HN1,Central,Disbursed
2668,43787,34,2024-09-02,DN1,South,New
2669,31621,10,2024-06-09,CT1,North,Approved
2670,85564,35,2024-07-18,CT1,Central,Approved
2671,87984,11,2024-08-03,DN1,Central,New
2672,69792,11,2024-07-30,DN1,North,New
2673,55253,21,2024-01-16,DN1,South,Disbursed
2674,44051,21,2024-11-27,HCM1,Central,Processing
2675,59811,22,2024-07-23,CT1,South,New
2676,40447,45,2024-12-30,HCM2,North,New
2677,93930,7,2024-02-08,HCM1,North,Approved
2678,40254,17,2024-03-29,HCM1,South,Approved
2679,94045,2,2024-09-12,HCM1,North,Approved
2680,67418,12,2024-09-10,HCM2,North,New
2681,24472,42,2024-08-03,DN1,Central,Disbursed
2682,13471,18,2024-10-29,CT1,South,Processing
2683,18329,11,2024-06-20,HN1,Central,Processing
2684,44865,16,2024-05-16,HN1,South,Processing
2685,56850,49,2024-06-26,CT1,Central,Processing
2686,64220,18,2024-03-17,HCM2,North,Disbursed
2687,16397,35,2024-07-06,HN1,South,Disbursed
2688,45525,26,2024-01-15,HCM1,South,Processing
2689,63072,16,2024-10-18,HN1,South,Disbursed
2690,93820,6,2024-11-14,CT1,South,Rejected
2691,94530,44,2024-11-20,HCM1,North,Disbursed
2692,33284,43,2024-08-01,HN1,North,New
2693,71330,47,2024-07-26,CT1,North,Approved
2694,93369,47,2024-06-17,HCM2,Central,Processing
2695,35122,48,2024-11-25,CT1,North,Disbursed
2696,80553,42,2024-10-06,HCM2,Central,New
2697,91906,12,2024-10-31,HCM1,Central,Approved
2698,72812,13,2024-05-25,CT1,North,Processing
2699,17999,4,2024-09-19,DN1,North,Processing
2700,32436,39,2024-01-04,DN1,North,Approved
2701,52963,2,2024-03-30,DN1,Central,Disbursed
2702,12096,26,2024-02-29,DN1,South,Approved
2703,35279,27,2024-11-06,DN1,North,Disbursed
2704,36201,27,2024-01-16,HCM2,Central,Processing
2705,29715,15,2024-08-14,CT1,Central,Approved
2706,39309,8,2024-01-29,HCM1,North,Processing
2707,25078,7,2024-05-30,DN1,Central,New
2708,66614,47,2024-09-01,DN1,North,Approved
2709,15105,46,2024-09-26,HCM1,Central,Approved
2710,12839,40,2024-03-19,HCM1,South,Approved
2711,78920,12,2024-10-15,DN1,Central,Rejected
2712,53619,13,2024-06-01,HCM2,North,Approved
2713,52821,43,2024-10-03,HCM1,South,New
2714,23493,17,2024-10-05,CT1,North,New
2715,27069,17,2024-02-26,CT1,Central,Approved
2716,17531,36,2024-07-04,HCM2,South,Processing
2717,47051,21,2024-04-02,HN1,South,New
2718,17736,8,2024-10-02,HCM2,Central,Processing
2719,17710,5,2024-06-06,DN1,South,Approved
2720,77155,26,2024-10-01,HN1,South,Processing
2721,23975,16,2024-06-29,DN1,South,Rejected
2722,72424,36,2024-12-24,CT1,North,Approved
2723,55603,28,2024-03-17,HCM1,North,Processing
2724,33252,29,2024-05-30,DN1,South,Rejected
2725,90797,47,2024-08-25,CT1,Central,Approved
2726,11431,12,2024-10-15,HCM2,Central,Approved
2727,84603,37,2024-08-18,DN1,North,Approved
2728,47481,30,2024-01-18,CT1,Central,New
2729,19557,23,2024-03-13,HCM1,South,Approved
2730,84971,16,2024-07-07,DN1,Central,Processing
2731,10162,14,2024-01-17,CT1,North,Disbursed
2732,44742,10,2024-01-19,DN1,North,Disbursed
2733,29675,7,2024-08-06,HCM1,South,Approved
2734,83997,45,2024-11-21,DN1,North,Processing
2735,27015,37,2024-04-29,DN1,North,New
2736,60057,29,2024-04-10,CT1,North,Processing
2737,42591,3,2024-02-03,HN1,Central,Processing
2738,19833,15,2024-03-24,DN1,North,Processing
2739,17896,36,2024-07-14,HN1,Central,Approved
2740,42972,47,2024-11-25,HCM2,North,New
2741,59733,46,2024-07-20,DN1,North,Disbursed
2742,51800,19,2024-12-09,HN1,Central,New
2743,15347,13,2024-12-06,HCM2,Central,Disbursed
2744,69063,42,2024-01-11,CT1,South,Disbursed
2745,12643,21,2024-12-12,DN1,South,Approved
2746,50785,37,2024-08-05,CT1,Central,Rejected
2747,28681,27,2024-09-09,HCM2,North,Processing
2748,60026,29,2024-08-09,CT1,South,Approved
2749,25892,20,2024-03-20,CT1,Central,Processing
2750,57299,25,2024-01-07,HCM1,Central,Processing
2751,27073,6,2024-09-28,HCM2,North,Approved
2752,40682,36,2024-08-14,CT1,Central,Processing
2753,24289,2,2024-01-16,HN1,South,Approved
2754,17927,22,2024-01-12,HCM2,North,Processing
2755,58330,32,2024-10-17,HCM1,Central,Processing
2756,76707,16,2024-08-28,DN1,Central,New
2757,87454,18,2024-01-21,CT1,North,New
2758,75428,5,2024-06-26,HN1,North,Processing
2759,60601,36,2024-08-15,HCM1,North,New
2760,87465,30,2024-09-29,HCM2,South,New
2761,12539,45,2024-10-14,CT1,South,Disbursed
2762,32669,19,2024-10-23,HCM1,Central,New
2763,80968,23,2024-05-13,HCM1,Central,Approved
2764,30644,34,2024-10-09,HN1,North,Processing
2765,28745,13,2024-06-01,DN1,Central,Disbursed
2766,38228,43,2024-03-06,DN1,Central,Processing
2767,44521,29,2024-05-16,DN1,North,Processing
2768,36928,36,2024-04-01,HCM2,South,Approved
2769,28322,22,2024-11-12,HCM1,South,Processing
2770,67714,47,2024-09-15,HCM2,South,Approved
2771,97896,36,2024-04-12,HCM1,Central,New
2772,72292,9,2024-02-24,HN1,North,Disbursed
2773,39055,39,2024-09-13,HN1,South,Processing
2774,52891,19,2024-04-10,HCM2,Central,Processing
2775,91912,38,2024-07-16,HCM2,North,Rejected
2776,16588,6,2024-10-27,HN1,South,Processing
2777,16304,47,2024-08-13,CT1,South,Disbursed
2778,17345,15,2024-08-24,DN1,North,Processing
2779,39300,20,2024-01-26,DN1,Central,Rejected
2780,34259,9,2024-04-30,HN1,Central,New
2781,98553,32,2024-06-30,DN1,South,Disbursed
2782,25352,4,2024-07-17,CT1,North,Rejected
2783,43365,18,2024-10-28,CT1,Central,New
2784,29446,5,2024-09-11,HCM1,North,New
2785,12336,20,2024-05-01,HCM2,North,Processing
2786,72032,23,2024-01-31,DN1,South,Disbursed
2787,85415,11,2024-11-10,CT1,North,Processing
2788,17521,37,2024-10-11,HCM2,North,Processing
2789,81707,22,2024-04-15,HCM2,North,New
2790,33481,4,2024-08-11,HCM1,Central,Processing
2791,28474,29,2024-09-29,HCM2,South,Approved
2792,56760,44,2024-08-19,HCM2,South,Disbursed
2793,65718,34,2024-09-12,HN1,North,Approved
2794,54629,13,2024-01-24,HCM1,North,Disbursed
2795,55232,42,2024-04-18,HCM1,Central,Approved
2796,96544,9,2024-07-09,DN1,South,New
2797,77169,42,2024-12-12,HCM2,Central,Processing
2798,60669,31,2024-01-25,DN1,South,Approved
2799,88021,7,2024-07-05,CT1,Central,Disbursed
2800,79184,4,2024-10-14,HCM2,North,Disbursed
2801,57945,19,2024-04-25,CT1,Central,New
2802,23140,42,2024-12-03,HN1,North,New
2803,93457,30,2024-12-31,HCM2,South,New
2804,24357,31,2024-02-06,DN1,South,Disbursed
2805,78673,35,2024-10-08,DN1,North,Disbursed
2806,75633,21,2024-05-16,HCM2,South,Rejected
2807,86943,31,2024-08-14,DN1,Central,Processing
2808,88258,19,2024-11-15,HCM2,North,Approved
2809,22924,31,2024-11-23,HCM1,South,Processing
2810,79286,32,2024-06-30,DN1,Central,Processing
2811,84071,2,2024-12-27,HCM2,Central,Approved
2812,67326,10,2024-03-26,HCM2,South,New
2813,40651,2,2024-02-22,DN1,South,New
2814,80202,2,2024-12-13,HCM1,Central,Disbursed
2815,58777,24,2024-12-20,DN1,North,Rejected
2816,26994,17,2024-08-22,HCM2,South,Processing
2817,77263,32,2024-09-23,HCM1,South,Approved
2818,69634,16,2024-10-13,CT1,North,Processing
2819,20800,16,2024-04-09,HN1,North,Rejected
2820,47823,46,2024-03-27,DN1,South,Rejected
2821,73878,39,2024-01-15,HCM2,North,Rejected
2822,28708,31,2024-04-10,HCM1,Central,Rejected
2823,22819,43,2024-06-13,HCM1,Central,New
2824,84905,24,2024-01-29,CT1,Central,Processing
2825,73870,1,2024-04-23,DN1,South,Processing
2826,19283,11,2024-04-16,HCM1,North,Processing
2827,40573,21,2024-12-29,CT1,Central,Rejected
2828,88707,4,2024-05-09,HCM2,North,Processing
2829,40933,7,2024-03-24,CT1,Central,New
2830,15774,26,2024-09-27,DN1,North,Processing
2831,82055,47,2024-08-31,CT1,Central,Disbursed
2832,20983,12,2024-08-01,HCM1,Central,New
2833,28133,31,2024-11-01,HCM1,Central,Approved
2834,24939,17,2024-06-14,HN1,Central,Processing
2835,10781,33,2024-10-05,CT1,Central,New
2836,66700,11,2024-02-28,HCM2,Central,Processing
2837,37624,28,2024-03-30,DN1,Central,Rejected
2838,16823,32,2024-11-26,HN1,Central,Approved
2839,28489,1,2024-07-12,CT1,Central,Disbursed
2840,49961,47,2024-05-02,HCM2,North,Processing
2841,39118,28,2024-05-15,HN1,North,New
2842,91816,42,2024-05-18,HCM1,South,Disbursed
2843,32263,7,2024-08-16,DN1,Central,Processing
2844,23565,2,2024-09-30,CT1,North,Approved
2845,30354,42,2024-02-19,HCM2,North,Rejected
2846,52951,24,2024-04-27,HCM1,North,Processing
2847,33648,4,2024-07-20,HN1,North,Rejected
2848,60729,44,2024-07-09,DN1,North,New
2849,51971,19,2024-12-29,HN1,North,Processing
2850,28658,26,2024-11-18,HN1,South,New
2851,31253,11,2024-06-29,HCM2,North,Disbursed
2852,74166,40,2024-03-18,HCM1,South,New
2853,58563,43,2024-03-15,CT1,South,Rejected
2854,36390,11,2024-10-21,HCM2,Central,Disbursed
2855,98664,45,2024-10-07,DN1,Central,Approved
2856,61578,3,2024-01-21,HN1,Central,Approved
2857,89025,12,2024-06-19,DN1,North,Processing
2858,42658,3,2024-01-15,HCM2,Central,Processing
2859,16852,42,2024-07-29,HCM2,North,Processing
2860,12551,27,2024-02-17,CT1,North,Approved
2861,81947,49,2024-03-26,HN1,Central,Disbursed
2862,71001,2,2024-05-28,HCM2,Central,Disbursed
2863,59159,49,2024-07-06,DN1,South,Disbursed
2864,61707,16,2024-11-01,CT1,South,Disbursed
2865,43243,2,2024-05-30,DN1,North,Processing
2866,31800,30,2024-05-20,HN1,North,Approved
2867,85939,20,2024-03-09,CT1,Central,Disbursed
2868,67828,38,2024-09-16,CT1,Central,Processing
2869,17239,28,2024-11-29,CT1,South,Disbursed
2870,16710,25,2024-01-09,HCM1,Central,Processing
2871,31384,32,2024-04-30,CT1,North,Approved
2872,31038,10,2024-04-10,DN1,Central,Rejected
2873,50846,42,2024-05-28,DN1,South,Disbursed
2874,97983,40,2024-05-25,HN1,North,New
2875,77821,33,2024-12-18,HCM2,South,Rejected
2876,47991,13,2024-08-30,HCM2,South,Approved
2877,89057,41,2024-08-28,HCM1,North,Processing
2878,16971,42,2024-12-02,CT1,South,Rejected
2879,39139,47,2024-02-12,HCM1,Central,Approved
2880,95445,37,2024-04-04,HN1,Central,Approved
2881,87067,16,2024-08-13,HN1,South,Processing
2882,90257,45,2024-01-06,HCM2,Central,Processing
2883,94742,22,2024-08-01,HN1,South,Approved
2884,47711,20,2024-07-24,CT1,Central,Processing
2885,16530,43,2024-03-07,DN1,South,New
2886,21116,27,2024-04-09,HN1,Central,Disbursed
2887,75794,41,2024-01-12,HCM1,North,Approved
2888,10282,16,2024-08-24,CT1,North,Rejected
2889,89473,34,2024-11-17,HN1,Central,Processing
2890,11898,32,2024-09-14,HN1,South,Processing
2891,14135,26,2024-12-02,CT1,Central,Processing
2892,16629,25,2024-05-14,HN1,South,Processing
2893,95120,2,2024-08-09,DN1,Central,Approved
2894,99087,12,2024-06-04,HCM2,Central,Approved
2895,75031,40,2024-05-21,CT1,North,Processing
2896,43380,9,2024-06-06,HCM1,South,New
2897,27071,12,2024-11-21,HN1,South,Processing
2898,30074,26,2024-12-09,HCM2,South,New
2899,77843,9,2024-09-18,HCM1,South,New
2900,49901,10,2024-10-09,HCM1,South,Disbursed
2901,21205,32,2024-12-03,DN1,North,Approved
2902,65661,34,2024-12-09,HCM2,Central,Approved
2903,15906,48,2024-08-16,CT1,South,Processing
2904,12591,20,2024-10-06,HCM2,South,Disbursed
2905,72987,39,2024-12-23,HCM2,Central,Approved
2906,73370,2,2024-10-16,HCM1,North,Rejected
2907,90685,1,2024-06-16,DN1,North,Processing
2908,64400,36,2024-02-16,DN1,North,Disbursed
2909,35150,24,2024-07-21,HCM2,Central,Disbursed
2910,41852,27,2024-08-01,HCM2,Central,Disbursed
2911,52870,2,2024-09-02,HN1,North,New
2912,62756,31,2024-01-24,HCM1,North,Processing
2913,66481,14,2024-11-16,CT1,Central,Processing
2914,11283,2,2024-09-30,CT1,North,Processing
2915,43691,29,2024-02-13,DN1,South,Disbursed
2916,11125,15,2024-11-27,HCM1,Central,New
2917,77065,12,2024-11-08,DN1,North,New
2918,36170,37,2024-12-28,CT1,South,Processing
2919,18438,28,2024-06-04,HCM2,Central,New
2920,30095,20,2024-07-17,HCM1,Central,New
2921,26154,39,2024-06-10,HCM1,South,Rejected
2922,18004,24,2024-08-21,HN1,Central,Approved
2923,19752,21,2024-06-11,HCM2,North,New
2924,65426,10,2024-04-25,HCM2,Central,Processing
2925,36819,46,2024-04-02,DN1,North,Processing
2926,34217,14,2024-02-11,HCM1,South,New
2927,98708,37,2024-10-10,DN1,South,Approved
2928,42994,18,2024-07-28,HCM2,Central,Rejected
2929,25036,24,2024-07-24,HN1,South,Rejected
2930,87275,14,2024-08-07,HCM1,South,Rejected
2931,59416,34,2024-10-06,HCM2,Central,New
2932,19587,12,2024-05-15,HN1,North,Disbursed
2933,10645,22,2024-04-15,CT1,Central,Disbursed
2934,40930,6,2024-04-27,HCM2,Central,Disbursed
2935,91835,36,2024-08-24,CT1,North,New
2936,40090,45,2024-11-04,DN1,North,Disbursed
2937,97489,36,2024-04-09,CT1,North,Disbursed
2938,62142,22,2024-09-17,HCM2,Central,Disbursed
2939,36475,14,2024-10-31,CT1,North,New
2940,28888,16,2024-12-19,HCM1,South,Rejected
2941,53732,36,2024-10-12,HCM2,North,Disbursed
2942,91623,25,2024-11-23,HN1,South,Approved
2943,56305,32,2024-04-12,CT1,North,Approved
2944,56037,33,2024-03-03,HCM1,South,Disbursed
2945,19346,45,2024-06-23,DN1,South,Processing
2946,10587,36,2024-10-08,DN1,South,Approved
2947,22763,20,2024-10-19,CT1,South,Processing
2948,69165,18,2024-08-13,DN1,South,Disbursed
2949,79615,38,2024-01-07,HN1,North,New
2950,46116,3,2024-05-06,HCM2,Central,Approved
2951,95751,23,2024-04-01,HCM1,Central,Approved
2952,35556,32,2024-07-08,CT1,Central,Rejected
2953,69042,45,2024-12-24,DN1,Central,Approved
2954,28099,16,2024-02-22,HCM2,Central,Disbursed
2955,55096,5,2024-08-29,HN1,South,Disbursed
2956,81986,4,2024-05-11,DN1,North,New
2957,23230,21,2024-12-29,DN1,South,Processing
2958,39009,40,2024-04-21,HCM1,North,New
2959,80969,14,2024-01-07,HN1,North,Processing
2960,43866,39,2024-08-17,HN1,North,Approved
2961,94246,31,2024-06-04,CT1,North,Disbursed
2962,86975,14,2024-07-15,HCM1,Central,Disbursed
2963,51855,6,2024-11-18,CT1,North,New
2964,91557,12,2024-12-29,HCM1,North,New
2965,16416,16,2024-08-10,HN1,Central,Approved
2966,82516,17,2024-09-06,HCM1,South,Approved
2967,65915,45,2024-03-23,HCM1,South,Processing
2968,28058,23,2024-08-27,HCM1,South,Disbursed
2969,86637,14,2024-12-25,HCM2,South,Disbursed
2970,50718,7,2024-11-18,HCM2,North,Processing
2971,42602,46,2024-09-19,HN1,Central,Disbursed
2972,84658,32,2024-07-07,HCM1,Central,Processing
2973,88112,15,2024-12-31,HN1,South,Rejected
2974,68067,44,2024-10-16,HCM2,Central,Processing
2975,37516,17,2024-12-27,HCM1,North,New
2976,97969,41,2024-02-27,CT1,South,Disbursed
2977,11089,47,2024-01-09,HCM2,North,Processing
2978,47346,44,2024-10-30,HCM2,North,Rejected
2979,84663,34,2024-04-24,HCM2,North,Processing
2980,20487,5,2024-07-28,HCM1,North,New
2981,10155,45,2024-02-10,DN1,North,New
2982,77494,27,2024-10-30,CT1,South,Processing
2983,86229,23,2024-06-21,CT1,North,Approved
2984,48547,40,2024-08-21,HN1,South,Processing
2985,38795,14,2024-10-07,HCM1,Central,Approved
2986,65296,15,2024-03-18,HCM2,North,Approved
2987,31447,43,2024-04-17,DN1,North,Rejected
2988,46598,33,2024-10-07,HCM1,Central,Processing
2989,51814,31,2024-02-08,HCM1,South,Disbursed
2990,85330,35,2024-04-28,DN1,North,Processing
2991,97960,17,2024-11-30,HCM2,Central,Processing
2992,73278,28,2024-12-01,HCM1,Central,New
2993,65077,19,2024-01-27,CT1,North,Processing
2994,81906,46,2024-04-13,CT1,South,New
2995,19528,23,2024-03-14,DN1,South,Approved
2996,60100,32,2024-07-09,HCM2,North,New
2997,18179,40,2024-11-19,DN1,Central,Processing
2998,58781,13,2024-05-26,HCM1,North,Rejected
2999,65267,20,2024-09-11,CT1,South,Processing
3000,92379,35,2024-10-10,HN1,Central,New
