LeadID,SignupDate,CustomerID,ProductID,Branch,Region,SourceChannel,Campaign,LeadStatus,IsConverted,ConvertedTransactionID
1,2024-03-26,29611,90,HCM1,Central,Email Marketing,SummerSale,New,0,
2,2024-11-27,53791,186,HN1,South,Website SEO,BackToSchool,New,0,
3,2024-09-10,21950,62,HN1,South,Tiktok Ads,FlashSaleWeekend,Cancelled,0,
4,2024-03-30,86240,102,CT1,Central,Google Ads,FlashSaleWeekend,Calling,0,
5,2024-02-24,87403,174,CT1,South,Website SEO,11.11,Cancelled,0,
6,2024-06-20,12745,139,HCM2,South,Google Ads,FlashSaleWeekend,New,0,
7,2024-01-04,65243,8,DN1,North,Facebook Ads,11.11,Calling,0,
8,2024-03-26,13866,97,HCM1,South,Tiktok Ads,BackToSchool,New,0,
9,2024-04-14,42245,117,HCM1,Central,Tiktok Ads,FlashSaleWeekend,Calling,0,
10,2024-07-16,54724,199,CT1,South,Facebook Ads,11.11,NoAnswer,0,
11,2024-11-09,81354,64,CT1,North,Zalo OA,SummerSale,Cancelled,0,
12,2024-03-11,61374,21,HCM2,South,Tiktok Ads,Tet2024,Converted,1,2554.0
13,2024-12-21,40116,115,DN1,South,Zalo OA,FlashSaleWeekend,Converted,1,2113.0
14,2024-03-23,91029,191,HCM2,South,Google Ads,12.12,Cancelled,0,
15,2024-12-08,30447,85,DN1,North,Tiktok Ads,12.12,Converted,1,466.0
16,2024-05-14,40431,192,HCM1,Central,Email Marketing,11.11,Converted,1,2120.0
17,2024-04-23,27908,20,HCM2,Central,Facebook Ads,Tet2024,Calling,0,
18,2024-05-12,39336,8,CT1,North,Zalo OA,12.12,Cancelled,0,
19,2024-10-18,50992,58,HCM2,North,Email Marketing,FlashSaleWeekend,Converted,1,2703.0
20,2024-08-28,65350,46,HCM2,South,Google Ads,Tet2024,Converted,1,19.0
21,2024-11-22,79561,31,HCM1,Central,Google Ads,BackToSchool,Converted,1,2570.0
22,2024-10-03,61955,93,CT1,North,Tiktok Ads,NewProductLaunch,Converted,1,784.0
23,2024-06-23,71240,9,CT1,Central,Tiktok Ads,11.11,New,0,
24,2024-09-16,30093,15,HN1,South,Email Marketing,BackToSchool,Cancelled,0,
25,2024-05-23,16155,94,HN1,North,Website SEO,BackToSchool,Calling,0,
26,2024-10-23,56607,154,HN1,Central,Website SEO,Tet2024,Cancelled,0,
27,2024-01-05,43487,138,HCM1,Central,Tiktok Ads,11.11,Cancelled,0,
28,2024-08-23,65668,29,HCM2,South,Website SEO,BackToSchool,New,0,
29,2024-08-06,30963,80,CT1,North,Facebook Ads,SummerSale,NoAnswer,0,
30,2024-11-23,60124,36,CT1,Central,Email Marketing,BackToSchool,New,0,
31,2024-02-01,62870,84,HCM2,South,Facebook Ads,SummerSale,Cancelled,0,
32,2024-02-11,66547,109,CT1,Central,Website SEO,NewProductLaunch,Cancelled,0,
33,2024-06-01,74110,118,HCM2,South,Tiktok Ads,SummerSale,NoAnswer,0,
34,2024-06-19,63554,37,HCM1,Central,Facebook Ads,SummerSale,NoAnswer,0,
35,2024-09-10,30936,86,HCM1,Central,Google Ads,Tet2024,Converted,1,509.0
36,2024-06-21,14426,71,HCM1,South,Tiktok Ads,BackToSchool,Converted,1,466.0
37,2024-06-06,98839,151,HCM2,North,Email Marketing,NewProductLaunch,New,0,
38,2024-02-03,37606,169,HCM2,South,Zalo OA,BackToSchool,NoAnswer,0,
39,2024-12-12,57832,93,DN1,North,Zalo OA,FlashSaleWeekend,Converted,1,2541.0
40,2024-02-07,38151,80,CT1,Central,Tiktok Ads,FlashSaleWeekend,New,0,
41,2024-08-14,89303,102,CT1,Central,Website SEO,SummerSale,Converted,1,1840.0
42,2024-10-29,21308,156,DN1,South,Facebook Ads,12.12,Calling,0,
43,2024-04-23,72522,176,DN1,South,Facebook Ads,SummerSale,Converted,1,1627.0
44,2024-10-16,55671,166,HCM1,North,Tiktok Ads,BackToSchool,Converted,1,1115.0
45,2024-04-27,12204,159,DN1,North,Google Ads,NewProductLaunch,Converted,1,723.0
46,2024-01-04,97265,14,HCM2,North,Email Marketing,12.12,Cancelled,0,
47,2024-11-07,41131,117,HN1,South,Website SEO,NewProductLaunch,Converted,1,2348.0
48,2024-05-29,62428,73,HCM2,Central,Google Ads,Tet2024,Converted,1,2222.0
49,2024-09-13,43870,91,DN1,South,Tiktok Ads,SummerSale,Converted,1,646.0
50,2024-03-12,59067,90,CT1,Central,Tiktok Ads,SummerSale,NoAnswer,0,
51,2024-10-25,68585,29,HCM2,South,Google Ads,FlashSaleWeekend,Converted,1,731.0
52,2023-12-28,31607,179,CT1,South,Zalo OA,Tet2024,Calling,0,
53,2024-08-12,34968,49,HCM2,North,Tiktok Ads,FlashSaleWeekend,Calling,0,
54,2024-09-04,21908,171,CT1,Central,Email Marketing,BackToSchool,New,0,
55,2024-11-24,36423,72,HCM2,South,Website SEO,SummerSale,New,0,
56,2024-02-05,84707,133,CT1,South,Google Ads,BackToSchool,Converted,1,166.0
57,2024-11-18,88257,42,HN1,Central,Zalo OA,NewProductLaunch,Converted,1,428.0
58,2024-03-15,71215,135,HCM1,South,Google Ads,12.12,NoAnswer,0,
59,2024-12-15,65835,42,HCM2,Central,Zalo OA,12.12,Converted,1,1535.0
60,2024-09-03,59429,164,HN1,North,Zalo OA,12.12,Converted,1,933.0
61,2024-01-18,92152,105,HCM1,North,Email Marketing,FlashSaleWeekend,New,0,
62,2024-07-07,48458,27,HCM2,Central,Website SEO,11.11,Calling,0,
63,2024-03-04,56169,58,HN1,North,Tiktok Ads,Tet2024,Calling,0,
64,2024-02-02,17659,46,HN1,Central,Zalo OA,12.12,Cancelled,0,
65,2024-12-08,70614,66,HN1,South,Tiktok Ads,SummerSale,Calling,0,
66,2023-12-16,87240,25,DN1,South,Website SEO,Tet2024,NoAnswer,0,
67,2024-02-06,42793,73,CT1,Central,Tiktok Ads,NewProductLaunch,Cancelled,0,
68,2024-03-29,56473,117,HCM1,South,Email Marketing,NewProductLaunch,Converted,1,1343.0
69,2024-08-30,99388,155,CT1,North,Email Marketing,FlashSaleWeekend,Converted,1,1062.0
70,2024-10-19,98330,129,CT1,South,Facebook Ads,NewProductLaunch,New,0,
71,2024-06-22,65751,87,CT1,South,Email Marketing,NewProductLaunch,Cancelled,0,
72,2024-07-19,88915,74,HN1,Central,Zalo OA,11.11,Calling,0,
73,2024-01-27,64254,170,CT1,North,Website SEO,BackToSchool,NoAnswer,0,
74,2024-05-24,17006,180,DN1,South,Email Marketing,BackToSchool,New,0,
75,2024-07-03,84218,153,HCM2,South,Google Ads,12.12,New,0,
76,2024-09-09,75344,182,HN1,Central,Website SEO,11.11,Calling,0,
77,2024-11-29,43840,125,HCM1,Central,Zalo OA,FlashSaleWeekend,NoAnswer,0,
78,2024-10-13,42430,67,HCM2,North,Website SEO,BackToSchool,Calling,0,
79,2024-09-10,33091,6,HCM2,South,Email Marketing,FlashSaleWeekend,Converted,1,303.0
80,2024-07-16,42983,125,HCM2,Central,Google Ads,FlashSaleWeekend,Calling,0,
81,2024-08-22,33989,58,CT1,Central,Facebook Ads,NewProductLaunch,NoAnswer,0,
82,2024-06-21,85451,70,CT1,Central,Zalo OA,BackToSchool,Calling,0,
83,2024-10-05,28990,53,HN1,North,Zalo OA,Tet2024,Converted,1,1668.0
84,2024-07-14,90360,66,CT1,Central,Website SEO,12.12,Converted,1,1227.0
85,2024-07-09,46081,58,CT1,North,Tiktok Ads,BackToSchool,NoAnswer,0,
86,2024-08-07,21033,82,CT1,North,Tiktok Ads,Tet2024,Converted,1,1883.0
87,2024-11-16,26241,87,HN1,South,Google Ads,SummerSale,NoAnswer,0,
88,2024-12-15,15939,2,HN1,South,Facebook Ads,Tet2024,Converted,1,898.0
89,2024-02-05,57562,150,DN1,North,Facebook Ads,Tet2024,Calling,0,
90,2024-09-19,45063,37,DN1,South,Website SEO,NewProductLaunch,Calling,0,
91,2024-07-18,86721,148,DN1,South,Website SEO,NewProductLaunch,Converted,1,1585.0
92,2024-08-22,37045,103,DN1,Central,Tiktok Ads,12.12,Cancelled,0,
93,2024-06-19,54769,24,HCM2,South,Email Marketing,NewProductLaunch,Converted,1,727.0
94,2024-12-28,57118,112,HCM2,North,Facebook Ads,Tet2024,New,0,
95,2024-01-24,94703,65,DN1,South,Email Marketing,11.11,Converted,1,2910.0
96,2024-05-19,31625,193,DN1,Central,Facebook Ads,NewProductLaunch,New,0,
97,2023-12-29,37076,129,HCM1,North,Email Marketing,NewProductLaunch,NoAnswer,0,
98,2024-10-10,74805,117,HCM2,South,Email Marketing,Tet2024,Converted,1,2364.0
99,2024-02-17,54605,116,HCM1,North,Facebook Ads,SummerSale,Converted,1,2013.0
100,2024-11-23,94565,105,HCM1,South,Google Ads,SummerSale,Converted,1,1101.0
101,2024-11-05,98509,3,CT1,Central,Google Ads,BackToSchool,Converted,1,816.0
102,2023-12-23,49121,46,HN1,South,Website SEO,12.12,Converted,1,151.0
103,2024-11-22,75101,55,HCM2,North,Email Marketing,SummerSale,Cancelled,0,
104,2024-04-21,41433,75,DN1,North,Email Marketing,NewProductLaunch,NoAnswer,0,
105,2024-04-28,53309,192,DN1,North,Email Marketing,11.11,Cancelled,0,
106,2024-02-15,77468,45,HN1,South,Email Marketing,BackToSchool,NoAnswer,0,
107,2024-05-01,54254,154,HCM2,South,Email Marketing,12.12,Converted,1,407.0
108,2024-03-04,77293,77,DN1,South,Tiktok Ads,11.11,New,0,
109,2024-05-25,47853,193,DN1,Central,Zalo OA,11.11,Converted,1,2965.0
110,2024-09-28,48405,24,CT1,Central,Email Marketing,NewProductLaunch,Cancelled,0,
111,2024-12-27,76652,35,HCM1,Central,Tiktok Ads,Tet2024,Converted,1,1033.0
112,2024-08-31,53527,24,DN1,North,Google Ads,Tet2024,Calling,0,
113,2024-08-01,87227,28,HCM2,North,Email Marketing,Tet2024,Calling,0,
114,2024-01-24,10492,16,HN1,North,Google Ads,SummerSale,Converted,1,1101.0
115,2024-01-11,18811,59,CT1,North,Website SEO,Tet2024,New,0,
116,2024-04-27,34272,182,HCM2,North,Zalo OA,12.12,Cancelled,0,
117,2024-07-02,82010,144,CT1,South,Facebook Ads,NewProductLaunch,Calling,0,
118,2024-11-06,57153,15,HCM1,North,Zalo OA,SummerSale,Calling,0,
119,2024-09-07,64110,11,DN1,South,Email Marketing,12.12,Calling,0,
120,2024-01-16,23979,193,HCM2,Central,Email Marketing,Tet2024,Converted,1,1114.0
121,2024-01-31,38328,79,HN1,Central,Zalo OA,12.12,New,0,
122,2024-02-14,22867,115,HCM1,Central,Zalo OA,11.11,NoAnswer,0,
123,2024-07-17,69234,68,HCM1,Central,Website SEO,NewProductLaunch,Calling,0,
124,2024-10-02,35851,43,CT1,Central,Google Ads,NewProductLaunch,Converted,1,354.0
125,2024-03-22,41279,69,HCM1,North,Facebook Ads,12.12,Converted,1,2319.0
126,2024-06-03,83402,141,HCM2,North,Zalo OA,BackToSchool,Calling,0,
127,2024-12-08,25449,138,CT1,North,Facebook Ads,NewProductLaunch,NoAnswer,0,
128,2024-07-15,86221,75,HCM1,Central,Zalo OA,11.11,Calling,0,
129,2024-01-18,99080,103,HN1,Central,Google Ads,NewProductLaunch,Converted,1,2520.0
130,2024-07-28,15451,41,HCM2,South,Facebook Ads,BackToSchool,Converted,1,1780.0
131,2024-03-24,97178,178,HN1,North,Tiktok Ads,NewProductLaunch,Converted,1,1332.0
132,2024-04-23,51316,199,HN1,Central,Google Ads,FlashSaleWeekend,Cancelled,0,
133,2024-08-27,73064,59,CT1,Central,Facebook Ads,NewProductLaunch,Calling,0,
134,2023-12-19,73761,39,DN1,Central,Zalo OA,BackToSchool,NoAnswer,0,
135,2024-07-19,48870,3,CT1,South,Zalo OA,FlashSaleWeekend,New,0,
136,2024-08-25,40873,7,HCM2,Central,Google Ads,FlashSaleWeekend,New,0,
137,2024-12-07,68627,49,HCM2,South,Google Ads,NewProductLaunch,Cancelled,0,
138,2024-09-22,76155,26,CT1,South,Zalo OA,12.12,Converted,1,2963.0
139,2024-07-08,35372,161,DN1,North,Facebook Ads,SummerSale,Calling,0,
140,2023-12-29,13642,101,CT1,Central,Tiktok Ads,FlashSaleWeekend,Converted,1,697.0
141,2024-11-24,38001,176,HCM2,South,Website SEO,12.12,Calling,0,
142,2024-01-25,44064,79,DN1,Central,Google Ads,NewProductLaunch,Converted,1,1773.0
143,2024-12-28,24122,2,HCM2,North,Zalo OA,Tet2024,Converted,1,716.0
144,2024-06-10,34820,127,DN1,North,Facebook Ads,Tet2024,Converted,1,1235.0
145,2024-02-15,78431,199,DN1,South,Google Ads,SummerSale,Converted,1,2780.0
146,2024-11-30,65745,160,CT1,North,Facebook Ads,FlashSaleWeekend,Converted,1,1847.0
147,2024-08-01,60081,132,CT1,North,Google Ads,NewProductLaunch,NoAnswer,0,
148,2024-08-11,80902,20,CT1,North,Zalo OA,11.11,NoAnswer,0,
149,2024-02-04,18711,117,DN1,Central,Facebook Ads,FlashSaleWeekend,Converted,1,212.0
150,2024-03-19,95132,164,DN1,Central,Zalo OA,NewProductLaunch,Converted,1,754.0
151,2024-07-23,28793,32,HCM2,South,Facebook Ads,Tet2024,Converted,1,436.0
152,2024-08-01,18199,28,HN1,South,Google Ads,BackToSchool,Cancelled,0,
153,2024-08-07,86253,77,CT1,North,Website SEO,SummerSale,Cancelled,0,
154,2024-05-05,46191,1,HCM2,North,Website SEO,BackToSchool,Converted,1,1236.0
155,2024-06-02,20211,188,HCM2,South,Tiktok Ads,11.11,Converted,1,779.0
156,2024-01-12,73069,56,HCM1,North,Tiktok Ads,NewProductLaunch,Calling,0,
157,2024-01-19,98896,35,CT1,South,Email Marketing,11.11,Calling,0,
158,2023-12-27,66746,112,HCM2,Central,Zalo OA,BackToSchool,Cancelled,0,
159,2024-05-22,31542,30,HCM1,North,Facebook Ads,NewProductLaunch,New,0,
160,2024-11-05,41312,54,CT1,North,Tiktok Ads,FlashSaleWeekend,New,0,
161,2024-06-18,55242,36,DN1,North,Google Ads,12.12,New,0,
162,2024-08-13,97893,183,HCM1,Central,Website SEO,12.12,Converted,1,1718.0
163,2024-03-09,65388,80,DN1,Central,Facebook Ads,FlashSaleWeekend,New,0,
164,2024-09-23,37691,58,HN1,North,Email Marketing,11.11,Cancelled,0,
165,2024-02-18,87960,83,HN1,South,Website SEO,12.12,Converted,1,1495.0
166,2024-06-01,94388,65,HN1,Central,Facebook Ads,12.12,Converted,1,1980.0
167,2024-01-28,32601,69,HN1,North,Tiktok Ads,Tet2024,Converted,1,1333.0
168,2024-02-14,28020,128,HCM2,North,Tiktok Ads,12.12,NoAnswer,0,
169,2024-04-26,18155,51,HN1,Central,Zalo OA,Tet2024,Converted,1,1853.0
170,2024-09-23,79119,22,HCM2,South,Email Marketing,SummerSale,New,0,
171,2024-01-11,91051,107,HCM2,North,Facebook Ads,Tet2024,Converted,1,285.0
172,2024-03-31,46777,109,CT1,South,Email Marketing,Tet2024,Converted,1,988.0
173,2024-01-27,29710,116,HCM2,South,Google Ads,BackToSchool,Cancelled,0,
174,2024-11-18,34532,101,HCM2,Central,Email Marketing,Tet2024,New,0,
175,2024-09-25,28601,181,HN1,North,Tiktok Ads,Tet2024,Calling,0,
176,2024-11-09,73227,100,HCM2,North,Zalo OA,BackToSchool,Converted,1,1393.0
177,2024-04-20,14967,164,DN1,South,Tiktok Ads,Tet2024,New,0,
178,2024-11-26,94289,68,HN1,Central,Website SEO,12.12,Converted,1,2534.0
179,2024-08-01,30022,36,HCM1,Central,Tiktok Ads,FlashSaleWeekend,Cancelled,0,
180,2024-06-21,53463,180,HN1,Central,Facebook Ads,Tet2024,Calling,0,
181,2024-07-26,84671,181,HCM2,South,Zalo OA,SummerSale,Converted,1,2229.0
182,2024-12-25,15722,178,DN1,South,Facebook Ads,Tet2024,Converted,1,2931.0
183,2024-09-22,37413,169,HN1,North,Google Ads,Tet2024,Converted,1,1922.0
184,2024-04-13,91050,146,DN1,Central,Google Ads,SummerSale,Calling,0,
185,2024-04-08,95867,22,HCM1,South,Tiktok Ads,FlashSaleWeekend,New,0,
186,2024-08-03,93596,66,HCM1,Central,Zalo OA,BackToSchool,New,0,
187,2024-08-29,76732,21,CT1,South,Email Marketing,12.12,Calling,0,
188,2024-12-07,22297,100,CT1,North,Zalo OA,FlashSaleWeekend,NoAnswer,0,
189,2024-06-29,78323,128,HN1,Central,Zalo OA,Tet2024,Converted,1,1997.0
190,2024-04-29,33816,44,CT1,South,Zalo OA,12.12,Cancelled,0,
191,2024-10-27,50695,103,DN1,Central,Tiktok Ads,11.11,Cancelled,0,
192,2024-05-27,29702,47,CT1,South,Facebook Ads,12.12,Cancelled,0,
193,2024-07-26,35242,39,DN1,South,Tiktok Ads,BackToSchool,Cancelled,0,
194,2024-10-16,65841,29,CT1,South,Email Marketing,BackToSchool,Converted,1,105.0
195,2024-08-04,77712,54,CT1,Central,Facebook Ads,FlashSaleWeekend,Cancelled,0,
196,2024-06-03,95663,90,CT1,South,Email Marketing,Tet2024,Calling,0,
197,2024-05-14,63574,85,HCM2,North,Website SEO,SummerSale,Cancelled,0,
198,2024-10-24,95744,17,HCM2,Central,Website SEO,BackToSchool,Converted,1,1352.0
199,2024-12-22,38482,80,CT1,North,Facebook Ads,SummerSale,Converted,1,2699.0
200,2024-05-22,19171,188,DN1,North,Tiktok Ads,FlashSaleWeekend,Converted,1,509.0
201,2024-03-19,13696,159,HN1,Central,Email Marketing,FlashSaleWeekend,NoAnswer,0,
202,2024-08-03,30058,73,HCM1,South,Email Marketing,11.11,NoAnswer,0,
203,2024-06-11,30313,49,HCM2,North,Google Ads,SummerSale,Converted,1,2095.0
204,2024-04-05,29149,101,CT1,Central,Email Marketing,FlashSaleWeekend,Converted,1,879.0
205,2024-10-27,63521,2,HCM1,South,Tiktok Ads,FlashSaleWeekend,Converted,1,1275.0
206,2024-02-04,55740,176,HCM2,Central,Google Ads,FlashSaleWeekend,Converted,1,1018.0
207,2024-09-07,14956,142,HN1,Central,Tiktok Ads,NewProductLaunch,New,0,
208,2024-10-04,85731,59,DN1,Central,Zalo OA,FlashSaleWeekend,Converted,1,2933.0
209,2024-04-05,92612,97,CT1,South,Email Marketing,FlashSaleWeekend,Converted,1,64.0
210,2024-03-24,76641,99,HN1,North,Zalo OA,SummerSale,Converted,1,320.0
211,2024-04-05,73811,186,HCM2,North,Website SEO,BackToSchool,New,0,
212,2024-03-04,62160,103,CT1,Central,Website SEO,SummerSale,New,0,
213,2024-06-18,61313,186,HCM1,Central,Facebook Ads,SummerSale,New,0,
214,2024-04-05,73232,179,DN1,South,Email Marketing,NewProductLaunch,Calling,0,
215,2023-12-16,25417,2,HCM2,Central,Google Ads,NewProductLaunch,NoAnswer,0,
216,2024-04-22,34729,41,DN1,Central,Zalo OA,Tet2024,Converted,1,437.0
217,2024-07-21,40099,123,CT1,Central,Tiktok Ads,BackToSchool,Calling,0,
218,2024-02-06,39961,82,HN1,North,Email Marketing,FlashSaleWeekend,NoAnswer,0,
219,2024-11-21,22602,144,DN1,Central,Facebook Ads,Tet2024,Calling,0,
220,2024-07-25,19256,132,HCM1,North,Tiktok Ads,FlashSaleWeekend,NoAnswer,0,
221,2024-07-26,96120,140,HCM2,South,Zalo OA,FlashSaleWeekend,Converted,1,2499.0
222,2024-04-18,44681,29,HCM1,South,Email Marketing,NewProductLaunch,New,0,
223,2024-04-22,97440,135,DN1,North,Zalo OA,FlashSaleWeekend,NoAnswer,0,
224,2024-02-05,74789,14,HN1,North,Email Marketing,FlashSaleWeekend,Converted,1,1077.0
225,2024-06-03,53361,12,HN1,North,Email Marketing,SummerSale,Converted,1,2281.0
226,2024-07-19,74503,99,HCM1,North,Zalo OA,NewProductLaunch,New,0,
227,2024-05-22,44540,133,CT1,Central,Zalo OA,11.11,Converted,1,1899.0
228,2024-06-29,36536,81,CT1,North,Tiktok Ads,SummerSale,Converted,1,200.0
229,2024-08-17,94700,106,HN1,North,Facebook Ads,Tet2024,Converted,1,674.0
230,2024-11-02,73043,32,HCM1,North,Zalo OA,SummerSale,NoAnswer,0,
231,2024-07-04,88532,74,HCM1,Central,Website SEO,11.11,Converted,1,937.0
232,2024-06-15,66575,171,HCM1,Central,Facebook Ads,NewProductLaunch,Calling,0,
233,2024-04-15,12871,81,DN1,Central,Website SEO,BackToSchool,Cancelled,0,
234,2024-08-25,56002,69,CT1,South,Tiktok Ads,FlashSaleWeekend,NoAnswer,0,
235,2024-10-03,59812,45,CT1,Central,Zalo OA,12.12,Calling,0,
236,2024-09-19,32626,106,DN1,North,Facebook Ads,BackToSchool,Converted,1,2088.0
237,2024-11-03,69979,137,HCM2,Central,Zalo OA,BackToSchool,Cancelled,0,
238,2024-12-20,86057,177,DN1,Central,Email Marketing,FlashSaleWeekend,Calling,0,
239,2024-03-21,76668,161,HCM1,North,Zalo OA,NewProductLaunch,Cancelled,0,
240,2024-06-29,90070,100,DN1,Central,Facebook Ads,BackToSchool,New,0,
241,2024-08-10,99390,146,HCM1,South,Zalo OA,11.11,Converted,1,770.0
242,2024-05-06,52998,9,HN1,Central,Zalo OA,FlashSaleWeekend,NoAnswer,0,
243,2024-03-20,73814,62,HCM1,South,Google Ads,NewProductLaunch,Converted,1,2481.0
244,2024-07-02,55607,185,CT1,South,Google Ads,BackToSchool,Converted,1,2755.0
245,2024-04-16,17812,29,DN1,South,Facebook Ads,FlashSaleWeekend,Converted,1,2613.0
246,2024-06-18,71844,125,HCM1,North,Facebook Ads,12.12,Converted,1,147.0
247,2024-11-04,80093,114,HCM2,Central,Email Marketing,Tet2024,Calling,0,
248,2024-11-27,12179,153,HN1,South,Email Marketing,NewProductLaunch,Converted,1,2330.0
249,2024-08-29,53798,143,HCM2,South,Zalo OA,NewProductLaunch,Converted,1,2803.0
250,2024-05-10,84601,134,HCM2,Central,Website SEO,SummerSale,Converted,1,495.0
251,2024-08-22,18275,120,HCM2,North,Facebook Ads,FlashSaleWeekend,Converted,1,2457.0
252,2024-11-24,60574,170,HN1,North,Zalo OA,BackToSchool,Converted,1,1650.0
253,2024-05-09,57857,157,HN1,South,Website SEO,Tet2024,Converted,1,2321.0
254,2024-05-10,30700,79,HN1,North,Google Ads,FlashSaleWeekend,Converted,1,2506.0
255,2024-11-30,49464,93,HN1,Central,Email Marketing,12.12,NoAnswer,0,
256,2024-06-30,52351,4,HCM2,North,Facebook Ads,11.11,New,0,
257,2024-10-17,92534,82,CT1,Central,Zalo OA,NewProductLaunch,New,0,
258,2024-04-20,23869,185,CT1,South,Google Ads,11.11,NoAnswer,0,
259,2024-01-22,70315,177,HN1,Central,Tiktok Ads,11.11,Converted,1,331.0
260,2024-11-16,30954,172,DN1,South,Google Ads,11.11,Converted,1,11.0
261,2024-12-08,41555,75,HCM1,Central,Zalo OA,SummerSale,Converted,1,908.0
262,2024-04-21,73353,14,DN1,Central,Email Marketing,FlashSaleWeekend,Converted,1,1401.0
263,2024-09-06,92190,131,DN1,North,Website SEO,11.11,Calling,0,
264,2024-05-13,55026,114,DN1,Central,Tiktok Ads,BackToSchool,Converted,1,8.0
265,2024-10-07,56976,62,CT1,South,Tiktok Ads,BackToSchool,Calling,0,
266,2024-03-22,90578,106,HCM1,Central,Email Marketing,Tet2024,Calling,0,
267,2024-09-02,55095,64,DN1,South,Tiktok Ads,Tet2024,NoAnswer,0,
268,2024-08-22,24270,102,HN1,South,Facebook Ads,12.12,Converted,1,566.0
269,2024-05-06,40908,173,CT1,Central,Zalo OA,11.11,Calling,0,
270,2024-11-24,25523,106,HN1,North,Tiktok Ads,11.11,Converted,1,2989.0
271,2024-04-04,72433,186,HN1,Central,Google Ads,SummerSale,Calling,0,
272,2024-02-12,57068,20,DN1,Central,Website SEO,FlashSaleWeekend,Cancelled,0,
273,2024-12-17,29991,58,HN1,North,Zalo OA,11.11,Calling,0,
274,2023-12-16,20775,112,HCM1,South,Email Marketing,11.11,New,0,
275,2024-10-13,87801,57,HN1,Central,Google Ads,FlashSaleWeekend,Converted,1,114.0
276,2024-08-24,94995,196,DN1,North,Facebook Ads,11.11,Calling,0,
277,2024-05-02,71250,119,HN1,North,Tiktok Ads,NewProductLaunch,Converted,1,1523.0
278,2024-01-20,26673,97,CT1,South,Google Ads,NewProductLaunch,Converted,1,1045.0
279,2024-05-22,37056,92,CT1,North,Zalo OA,SummerSale,Converted,1,1744.0
280,2023-12-23,16614,52,CT1,South,Google Ads,SummerSale,NoAnswer,0,
281,2024-08-03,17415,37,HCM2,Central,Facebook Ads,BackToSchool,Converted,1,133.0
282,2024-03-22,98691,8,CT1,North,Website SEO,SummerSale,NoAnswer,0,
283,2024-05-09,53884,44,CT1,Central,Tiktok Ads,12.12,Calling,0,
284,2024-10-13,26964,98,HCM2,North,Zalo OA,BackToSchool,NoAnswer,0,
285,2024-07-09,47726,133,CT1,North,Tiktok Ads,FlashSaleWeekend,Converted,1,26.0
286,2024-04-23,47044,118,DN1,Central,Tiktok Ads,11.11,NoAnswer,0,
287,2024-05-14,67149,69,CT1,North,Email Marketing,SummerSale,Calling,0,
288,2024-02-06,47544,159,CT1,Central,Tiktok Ads,12.12,Cancelled,0,
289,2024-04-12,59976,45,HCM2,Central,Google Ads,SummerSale,Cancelled,0,
290,2024-05-23,42252,137,DN1,South,Google Ads,SummerSale,Cancelled,0,
291,2024-04-08,13832,32,HN1,Central,Website SEO,BackToSchool,Converted,1,2337.0
292,2024-02-27,90437,33,HCM1,South,Facebook Ads,FlashSaleWeekend,Cancelled,0,
293,2024-04-05,44148,126,DN1,Central,Zalo OA,FlashSaleWeekend,Converted,1,817.0
294,2024-03-27,71240,67,HN1,North,Google Ads,BackToSchool,Converted,1,1935.0
295,2024-11-18,98454,30,DN1,Central,Tiktok Ads,Tet2024,Converted,1,108.0
296,2024-08-24,95076,114,HN1,North,Facebook Ads,BackToSchool,New,0,
297,2024-07-28,87116,29,HN1,South,Zalo OA,BackToSchool,Converted,1,738.0
298,2024-04-04,63459,131,DN1,North,Zalo OA,NewProductLaunch,Calling,0,
299,2024-03-22,48402,185,HCM2,Central,Zalo OA,SummerSale,NoAnswer,0,
300,2024-05-15,67727,30,DN1,North,Zalo OA,BackToSchool,Converted,1,2783.0
301,2024-11-27,48578,137,DN1,South,Website SEO,SummerSale,Converted,1,793.0
302,2024-12-14,32318,154,HN1,North,Zalo OA,SummerSale,Converted,1,1868.0
303,2024-11-16,85715,130,HCM1,North,Facebook Ads,NewProductLaunch,Converted,1,1356.0
304,2024-06-25,87787,62,HN1,Central,Google Ads,SummerSale,NoAnswer,0,
305,2024-10-19,95029,3,CT1,Central,Facebook Ads,12.12,Converted,1,289.0
306,2024-05-25,30466,174,DN1,North,Tiktok Ads,BackToSchool,Calling,0,
307,2024-07-09,55475,68,DN1,South,Email Marketing,SummerSale,NoAnswer,0,
308,2024-05-31,70142,25,HCM2,North,Website SEO,Tet2024,Converted,1,1372.0
309,2024-05-23,95160,179,HN1,South,Website SEO,Tet2024,Converted,1,2940.0
310,2024-02-20,36564,141,HCM2,South,Tiktok Ads,NewProductLaunch,New,0,
311,2024-09-28,32412,44,DN1,South,Facebook Ads,12.12,Cancelled,0,
312,2024-09-16,61001,163,HN1,North,Facebook Ads,FlashSaleWeekend,Calling,0,
313,2024-10-13,67649,55,HN1,South,Tiktok Ads,FlashSaleWeekend,NoAnswer,0,
314,2024-04-27,70957,137,CT1,North,Email Marketing,BackToSchool,Converted,1,2943.0
315,2024-06-26,45517,130,CT1,South,Zalo OA,NewProductLaunch,Converted,1,1077.0
316,2024-04-20,23156,189,HCM1,South,Zalo OA,Tet2024,Converted,1,1874.0
317,2024-01-16,33064,41,CT1,North,Google Ads,12.12,Converted,1,2918.0
318,2024-06-07,35711,172,HN1,Central,Facebook Ads,BackToSchool,New,0,
319,2024-12-19,40106,64,CT1,Central,Facebook Ads,SummerSale,NoAnswer,0,
320,2024-12-23,75458,31,HCM1,North,Tiktok Ads,BackToSchool,New,0,
321,2024-01-05,26589,47,DN1,North,Tiktok Ads,11.11,Converted,1,2711.0
322,2024-08-08,99272,130,CT1,Central,Zalo OA,BackToSchool,Converted,1,1501.0
323,2024-05-20,96511,96,HN1,Central,Facebook Ads,SummerSale,Converted,1,1994.0
324,2024-01-21,17214,77,DN1,Central,Facebook Ads,11.11,NoAnswer,0,
325,2024-07-31,95731,110,HN1,North,Website SEO,FlashSaleWeekend,Cancelled,0,
326,2024-12-13,37127,69,DN1,South,Google Ads,12.12,Converted,1,1867.0
327,2024-02-03,15141,58,HN1,North,Google Ads,NewProductLaunch,Calling,0,
328,2024-09-03,38884,106,CT1,Central,Zalo OA,12.12,Converted,1,301.0
329,2024-09-22,12708,44,CT1,South,Email Marketing,BackToSchool,Cancelled,0,
330,2024-01-10,28375,74,HCM1,North,Facebook Ads,FlashSaleWeekend,Cancelled,0,
331,2024-07-27,25088,56,DN1,Central,Website SEO,NewProductLaunch,Converted,1,2702.0
332,2024-09-16,67615,171,HCM1,North,Facebook Ads,BackToSchool,NoAnswer,0,
333,2024-09-25,55046,127,HCM2,South,Tiktok Ads,Tet2024,Converted,1,2154.0
334,2024-03-20,20014,162,CT1,Central,Zalo OA,Tet2024,Converted,1,586.0
335,2024-09-23,74425,30,DN1,North,Email Marketing,SummerSale,Cancelled,0,
336,2024-12-15,13273,71,HCM1,South,Google Ads,FlashSaleWeekend,Converted,1,810.0
337,2024-10-26,57135,198,HCM1,South,Facebook Ads,FlashSaleWeekend,Calling,0,
338,2024-10-13,40881,118,HCM2,North,Email Marketing,12.12,New,0,
339,2024-05-09,88077,55,HCM1,South,Zalo OA,Tet2024,Converted,1,2979.0
340,2023-12-18,18712,67,HN1,Central,Google Ads,11.11,New,0,
341,2024-01-18,84704,141,CT1,South,Facebook Ads,11.11,NoAnswer,0,
342,2024-06-23,62874,3,HCM1,North,Website SEO,FlashSaleWeekend,Converted,1,2934.0
343,2024-02-01,79087,26,HCM1,Central,Zalo OA,FlashSaleWeekend,Calling,0,
344,2023-12-31,22297,57,HCM2,South,Facebook Ads,BackToSchool,Converted,1,460.0
345,2024-06-03,37128,126,HN1,South,Google Ads,FlashSaleWeekend,Converted,1,2627.0
346,2024-07-21,78368,152,HCM1,Central,Google Ads,NewProductLaunch,Calling,0,
347,2024-05-20,97599,53,CT1,Central,Website SEO,11.11,New,0,
348,2024-01-29,98499,198,CT1,South,Zalo OA,BackToSchool,New,0,
349,2024-12-21,88958,43,HCM1,Central,Zalo OA,NewProductLaunch,Cancelled,0,
350,2023-12-20,42920,188,HN1,North,Email Marketing,FlashSaleWeekend,Converted,1,998.0
351,2024-03-22,21156,186,CT1,South,Facebook Ads,FlashSaleWeekend,Converted,1,1546.0
352,2024-12-28,21108,49,CT1,North,Email Marketing,Tet2024,NoAnswer,0,
353,2024-08-03,41845,42,HN1,South,Google Ads,BackToSchool,Converted,1,936.0
354,2024-01-20,12800,194,HN1,North,Google Ads,NewProductLaunch,Converted,1,1679.0
355,2024-09-19,52712,11,HCM1,North,Website SEO,SummerSale,New,0,
356,2024-11-27,12610,103,DN1,Central,Website SEO,FlashSaleWeekend,Converted,1,1191.0
357,2024-10-11,87603,98,HCM2,South,Zalo OA,12.12,Converted,1,2698.0
358,2024-06-12,43872,146,DN1,Central,Email Marketing,12.12,New,0,
359,2024-03-18,20728,85,DN1,Central,Google Ads,FlashSaleWeekend,Calling,0,
360,2024-03-22,30583,100,CT1,South,Facebook Ads,SummerSale,Converted,1,2577.0
361,2024-06-19,95774,104,HN1,North,Tiktok Ads,11.11,Calling,0,
362,2024-04-08,17263,180,CT1,South,Facebook Ads,12.12,Calling,0,
363,2024-06-22,77450,46,HCM2,South,Website SEO,NewProductLaunch,Converted,1,1936.0
364,2024-08-23,99285,44,HCM1,South,Facebook Ads,FlashSaleWeekend,Converted,1,334.0
365,2024-05-23,29456,22,HCM2,Central,Google Ads,FlashSaleWeekend,New,0,
366,2024-08-26,75942,181,CT1,South,Email Marketing,FlashSaleWeekend,NoAnswer,0,
367,2024-11-01,23689,187,CT1,South,Zalo OA,SummerSale,Cancelled,0,
368,2024-04-20,42934,114,CT1,South,Email Marketing,11.11,NoAnswer,0,
369,2024-01-01,43276,125,CT1,North,Tiktok Ads,BackToSchool,New,0,
370,2024-09-20,29873,124,DN1,North,Zalo OA,FlashSaleWeekend,Cancelled,0,
371,2024-07-24,23050,30,HCM1,North,Tiktok Ads,BackToSchool,NoAnswer,0,
372,2024-02-06,76216,8,DN1,North,Tiktok Ads,NewProductLaunch,New,0,
373,2024-02-10,94444,98,CT1,Central,Google Ads,NewProductLaunch,NoAnswer,0,
374,2024-11-01,94040,57,HN1,Central,Google Ads,NewProductLaunch,New,0,
375,2024-12-08,31644,111,DN1,South,Website SEO,12.12,Calling,0,
376,2024-06-05,72021,73,CT1,Central,Website SEO,NewProductLaunch,NoAnswer,0,
377,2024-09-19,47125,115,CT1,North,Tiktok Ads,FlashSaleWeekend,Converted,1,72.0
378,2024-04-06,76899,20,HCM1,South,Email Marketing,SummerSale,Calling,0,
379,2024-09-27,52291,25,HCM2,South,Website SEO,SummerSale,Converted,1,2959.0
380,2024-11-20,45060,19,DN1,North,Google Ads,11.11,Converted,1,1779.0
381,2024-05-13,11538,5,DN1,North,Website SEO,SummerSale,Calling,0,
382,2024-04-19,46176,75,DN1,North,Tiktok Ads,12.12,Converted,1,826.0
383,2024-05-17,51520,128,CT1,Central,Zalo OA,BackToSchool,Cancelled,0,
384,2024-09-12,35675,72,HCM1,South,Email Marketing,11.11,Cancelled,0,
385,2024-03-27,28287,155,CT1,North,Email Marketing,SummerSale,NoAnswer,0,
386,2024-10-08,10174,40,CT1,South,Facebook Ads,NewProductLaunch,New,0,
387,2024-08-16,44998,26,HN1,South,Website SEO,SummerSale,Cancelled,0,
388,2024-06-07,63312,27,HCM1,Central,Email Marketing,Tet2024,Cancelled,0,
389,2024-01-22,22112,190,DN1,South,Google Ads,11.11,Converted,1,1675.0
390,2024-06-01,85225,83,HCM2,North,Zalo OA,FlashSaleWeekend,Converted,1,1933.0
391,2024-08-17,54814,128,DN1,North,Google Ads,FlashSaleWeekend,Calling,0,
392,2024-01-09,95091,178,CT1,South,Website SEO,12.12,Calling,0,
393,2024-12-03,60719,170,HCM1,South,Tiktok Ads,SummerSale,New,0,
394,2024-10-15,43919,157,HCM1,Central,Facebook Ads,SummerSale,Cancelled,0,
395,2023-12-27,83155,167,HCM1,North,Facebook Ads,12.12,Converted,1,2977.0
396,2024-10-25,81569,188,HN1,North,Zalo OA,BackToSchool,Cancelled,0,
397,2024-10-22,51328,169,DN1,South,Email Marketing,NewProductLaunch,New,0,
398,2024-01-19,80482,33,HN1,South,Email Marketing,NewProductLaunch,Converted,1,1763.0
399,2024-06-04,34618,97,HCM2,South,Email Marketing,BackToSchool,Converted,1,2113.0
400,2024-01-03,44675,111,CT1,North,Facebook Ads,BackToSchool,Cancelled,0,
401,2024-10-30,28919,16,HN1,South,Tiktok Ads,Tet2024,NoAnswer,0,
402,2024-09-03,14173,23,HN1,Central,Email Marketing,12.12,NoAnswer,0,
403,2024-05-04,36400,135,CT1,Central,Google Ads,11.11,New,0,
404,2024-12-19,60445,26,HCM1,South,Email Marketing,NewProductLaunch,Calling,0,
405,2024-05-05,80305,96,CT1,Central,Tiktok Ads,BackToSchool,New,0,
406,2024-03-15,47564,12,DN1,Central,Zalo OA,BackToSchool,Converted,1,2317.0
407,2024-12-02,55814,72,CT1,Central,Zalo OA,12.12,NoAnswer,0,
408,2024-10-31,89747,133,HCM1,Central,Facebook Ads,FlashSaleWeekend,Cancelled,0,
409,2024-09-27,98791,106,CT1,Central,Tiktok Ads,11.11,Cancelled,0,
410,2024-07-16,37962,117,HN1,North,Google Ads,BackToSchool,Calling,0,
411,2024-11-20,94892,197,HCM2,South,Tiktok Ads,FlashSaleWeekend,Converted,1,2248.0
412,2024-02-03,95842,177,HN1,Central,Google Ads,Tet2024,Calling,0,
413,2024-05-15,80533,26,HCM2,South,Google Ads,11.11,NoAnswer,0,
414,2024-06-17,66184,133,CT1,Central,Tiktok Ads,FlashSaleWeekend,Calling,0,
415,2024-02-15,92912,22,DN1,North,Website SEO,Tet2024,New,0,
416,2024-06-21,20578,13,CT1,North,Tiktok Ads,SummerSale,NoAnswer,0,
417,2024-04-17,28624,156,HCM1,Central,Google Ads,NewProductLaunch,Cancelled,0,
418,2024-05-12,49194,161,CT1,Central,Email Marketing,BackToSchool,Cancelled,0,
419,2024-10-23,10389,107,HCM2,Central,Zalo OA,FlashSaleWeekend,Cancelled,0,
420,2024-02-10,77391,23,HN1,North,Zalo OA,11.11,Calling,0,
421,2024-11-20,23794,97,DN1,North,Facebook Ads,Tet2024,Converted,1,699.0
422,2024-10-14,68002,18,CT1,South,Zalo OA,NewProductLaunch,Converted,1,364.0
423,2024-06-11,45531,117,CT1,North,Website SEO,NewProductLaunch,Converted,1,2708.0
424,2024-06-01,62815,30,HN1,Central,Google Ads,BackToSchool,Converted,1,2022.0
425,2024-11-04,14986,26,DN1,South,Tiktok Ads,FlashSaleWeekend,NoAnswer,0,
426,2024-09-10,42298,144,CT1,North,Tiktok Ads,NewProductLaunch,Converted,1,699.0
427,2024-02-06,11481,39,CT1,North,Website SEO,BackToSchool,Calling,0,
428,2024-03-24,66408,161,HCM2,Central,Zalo OA,FlashSaleWeekend,New,0,
429,2024-09-03,79267,154,HCM2,South,Google Ads,FlashSaleWeekend,NoAnswer,0,
430,2024-02-05,26835,176,HCM1,North,Zalo OA,SummerSale,Calling,0,
431,2024-02-12,37798,193,HN1,North,Facebook Ads,BackToSchool,Converted,1,2978.0
432,2024-03-31,74887,166,DN1,Central,Zalo OA,12.12,Cancelled,0,
433,2023-12-19,29477,130,CT1,South,Facebook Ads,Tet2024,Cancelled,0,
434,2024-03-26,27266,113,CT1,South,Tiktok Ads,12.12,New,0,
435,2024-06-27,96328,134,HCM1,South,Google Ads,FlashSaleWeekend,New,0,
436,2024-09-01,95988,46,CT1,South,Email Marketing,FlashSaleWeekend,New,0,
437,2024-12-13,53526,50,HN1,Central,Facebook Ads,NewProductLaunch,Cancelled,0,
438,2024-12-20,21889,166,HCM1,North,Zalo OA,NewProductLaunch,Calling,0,
439,2024-11-28,34335,106,HN1,North,Zalo OA,NewProductLaunch,Converted,1,1453.0
440,2024-01-30,21254,146,HCM1,South,Tiktok Ads,FlashSaleWeekend,Cancelled,0,
441,2024-12-03,96610,155,CT1,South,Website SEO,BackToSchool,Cancelled,0,
442,2024-10-20,21442,169,HCM1,South,Email Marketing,11.11,Converted,1,1618.0
443,2024-10-17,56289,72,HCM2,North,Website SEO,BackToSchool,Converted,1,2269.0
444,2024-05-06,63747,74,DN1,North,Zalo OA,Tet2024,Cancelled,0,
445,2024-09-08,47327,17,CT1,South,Website SEO,BackToSchool,Calling,0,
446,2024-12-18,26199,190,DN1,Central,Email Marketing,NewProductLaunch,Converted,1,1647.0
447,2024-04-16,82827,157,CT1,North,Email Marketing,SummerSale,Cancelled,0,
448,2024-03-29,10112,186,DN1,North,Google Ads,Tet2024,New,0,
449,2024-05-20,97051,70,HCM2,South,Website SEO,12.12,New,0,
450,2024-05-09,29581,150,DN1,Central,Google Ads,SummerSale,Converted,1,667.0
451,2024-05-07,69722,6,HCM1,South,Zalo OA,Tet2024,Converted,1,1441.0
452,2024-04-12,26523,26,DN1,South,Zalo OA,Tet2024,Converted,1,2000.0
453,2024-10-28,76960,167,CT1,Central,Zalo OA,FlashSaleWeekend,New,0,
454,2024-09-14,29552,140,HN1,Central,Tiktok Ads,NewProductLaunch,New,0,
455,2024-03-15,20808,99,DN1,Central,Website SEO,FlashSaleWeekend,Cancelled,0,
456,2024-02-10,82525,142,DN1,North,Facebook Ads,12.12,Converted,1,934.0
457,2024-11-24,33620,22,DN1,South,Email Marketing,BackToSchool,Converted,1,183.0
458,2024-07-30,10887,51,CT1,North,Facebook Ads,FlashSaleWeekend,Cancelled,0,
459,2024-04-09,41802,151,DN1,Central,Zalo OA,12.12,Converted,1,2246.0
460,2024-10-27,95024,176,CT1,North,Website SEO,NewProductLaunch,Cancelled,0,
461,2024-09-18,91938,199,CT1,Central,Google Ads,NewProductLaunch,New,0,
462,2024-04-19,96741,104,HN1,Central,Facebook Ads,FlashSaleWeekend,Converted,1,381.0
463,2024-04-21,36049,178,HCM1,South,Zalo OA,NewProductLaunch,Calling,0,
464,2024-02-10,87789,89,CT1,South,Facebook Ads,SummerSale,NoAnswer,0,
465,2024-04-14,94526,141,HCM2,South,Facebook Ads,12.12,NoAnswer,0,
466,2023-12-15,17846,138,DN1,North,Email Marketing,12.12,Converted,1,192.0
467,2024-08-09,56220,183,HCM2,South,Facebook Ads,Tet2024,Converted,1,525.0
468,2024-09-29,56163,9,DN1,Central,Zalo OA,11.11,Converted,1,1094.0
469,2024-03-19,13765,79,HN1,South,Email Marketing,BackToSchool,Converted,1,2337.0
470,2024-04-18,91486,52,CT1,North,Zalo OA,NewProductLaunch,NoAnswer,0,
471,2024-04-10,55270,130,HCM1,South,Tiktok Ads,12.12,Calling,0,
472,2024-01-31,85277,153,CT1,South,Tiktok Ads,12.12,Converted,1,2361.0
473,2024-03-12,98278,13,DN1,South,Tiktok Ads,Tet2024,Cancelled,0,
474,2024-08-07,32931,51,HCM1,North,Facebook Ads,BackToSchool,Converted,1,2355.0
475,2024-12-21,99116,186,CT1,Central,Website SEO,11.11,Converted,1,821.0
476,2024-09-11,65633,34,HCM1,Central,Zalo OA,11.11,Converted,1,36.0
477,2024-06-20,90702,35,DN1,Central,Tiktok Ads,NewProductLaunch,NoAnswer,0,
478,2024-06-23,61913,131,HN1,South,Website SEO,11.11,NoAnswer,0,
479,2024-02-21,35991,120,HN1,South,Tiktok Ads,11.11,Converted,1,1873.0
480,2024-09-17,64845,187,CT1,North,Tiktok Ads,FlashSaleWeekend,Converted,1,1061.0
481,2024-11-27,65312,70,HCM2,Central,Website SEO,BackToSchool,Converted,1,1043.0
482,2024-08-17,20561,176,DN1,South,Tiktok Ads,BackToSchool,Cancelled,0,
483,2024-02-28,26901,192,CT1,South,Facebook Ads,FlashSaleWeekend,NoAnswer,0,
484,2024-05-16,72875,147,CT1,South,Facebook Ads,NewProductLaunch,Converted,1,1846.0
485,2024-05-06,35917,67,HN1,North,Email Marketing,12.12,Converted,1,1542.0
486,2024-03-09,72120,103,HCM1,Central,Facebook Ads,Tet2024,Converted,1,467.0
487,2024-06-16,11988,73,DN1,North,Google Ads,NewProductLaunch,Cancelled,0,
488,2024-09-24,24256,116,HCM1,Central,Email Marketing,SummerSale,Converted,1,199.0
489,2024-07-21,97728,133,DN1,Central,Tiktok Ads,11.11,NoAnswer,0,
490,2024-02-21,38230,67,HCM2,South,Google Ads,FlashSaleWeekend,Converted,1,2816.0
491,2024-01-30,69778,139,HN1,South,Zalo OA,Tet2024,Cancelled,0,
492,2024-03-17,55833,121,HCM2,South,Website SEO,12.12,New,0,
493,2024-08-08,32625,94,CT1,South,Zalo OA,12.12,Converted,1,1194.0
494,2024-07-05,42088,196,HN1,South,Google Ads,BackToSchool,Calling,0,
495,2024-07-19,89650,197,CT1,Central,Facebook Ads,SummerSale,NoAnswer,0,
496,2024-11-19,51167,129,HCM2,South,Tiktok Ads,12.12,Cancelled,0,
497,2024-01-22,81291,91,DN1,South,Email Marketing,SummerSale,Converted,1,1763.0
498,2024-03-23,75303,92,CT1,North,Tiktok Ads,11.11,New,0,
499,2024-09-28,86361,63,HCM1,North,Facebook Ads,BackToSchool,Cancelled,0,
500,2024-08-24,98229,29,DN1,Central,Tiktok Ads,Tet2024,Converted,1,2415.0
501,2024-07-23,14117,12,DN1,Central,Website SEO,BackToSchool,NoAnswer,0,
502,2024-12-05,70710,77,HCM2,North,Website SEO,11.11,NoAnswer,0,
503,2024-01-06,77054,41,HCM2,North,Website SEO,FlashSaleWeekend,NoAnswer,0,
504,2024-08-20,40949,130,HN1,South,Zalo OA,12.12,Converted,1,1542.0
505,2023-12-24,32547,37,HN1,South,Facebook Ads,SummerSale,NoAnswer,0,
506,2024-08-16,91882,173,HCM1,Central,Website SEO,FlashSaleWeekend,Converted,1,2826.0
507,2024-11-03,78136,176,DN1,North,Google Ads,11.11,NoAnswer,0,
508,2024-03-23,74619,24,HCM1,Central,Website SEO,12.12,Converted,1,1633.0
509,2024-09-29,71842,99,HCM1,South,Email Marketing,NewProductLaunch,Converted,1,2494.0
510,2024-06-11,36990,150,HCM2,Central,Zalo OA,SummerSale,New,0,
511,2024-07-24,26193,100,HCM1,Central,Google Ads,11.11,Cancelled,0,
512,2024-08-20,40109,139,HCM1,Central,Facebook Ads,Tet2024,Converted,1,2186.0
513,2024-05-09,29233,58,CT1,South,Facebook Ads,Tet2024,Cancelled,0,
514,2024-03-19,91730,174,HN1,Central,Email Marketing,12.12,Converted,1,2899.0
515,2024-08-27,44510,29,HN1,South,Website SEO,12.12,NoAnswer,0,
516,2024-11-03,11306,163,DN1,North,Google Ads,Tet2024,Converted,1,552.0
517,2023-12-18,13849,143,HN1,Central,Email Marketing,NewProductLaunch,Cancelled,0,
518,2023-12-30,22360,60,DN1,Central,Google Ads,BackToSchool,Converted,1,2098.0
519,2024-09-19,55800,95,CT1,South,Website SEO,Tet2024,New,0,
520,2024-11-14,46963,42,HN1,Central,Website SEO,12.12,NoAnswer,0,
521,2024-08-17,64330,43,CT1,South,Tiktok Ads,12.12,Calling,0,
522,2024-08-28,61707,74,HN1,Central,Tiktok Ads,NewProductLaunch,New,0,
523,2024-05-22,28689,177,HN1,North,Website SEO,Tet2024,NoAnswer,0,
524,2024-11-18,39084,192,CT1,North,Zalo OA,NewProductLaunch,Cancelled,0,
525,2024-05-14,50387,160,HCM1,North,Email Marketing,Tet2024,Converted,1,962.0
526,2024-06-09,84816,64,HCM1,Central,Tiktok Ads,BackToSchool,New,0,
527,2024-05-25,12642,2,HCM1,Central,Website SEO,11.11,Converted,1,1194.0
528,2024-12-28,52137,152,HCM1,North,Google Ads,Tet2024,NoAnswer,0,
529,2024-01-16,89832,66,HN1,North,Email Marketing,11.11,Cancelled,0,
530,2024-06-10,65561,166,HCM2,South,Tiktok Ads,Tet2024,Cancelled,0,
531,2024-03-24,72260,31,CT1,South,Zalo OA,BackToSchool,Converted,1,1698.0
532,2024-09-07,25438,115,HCM2,North,Email Marketing,FlashSaleWeekend,Converted,1,1983.0
533,2024-11-01,58442,26,HCM2,North,Email Marketing,12.12,NoAnswer,0,
534,2024-02-17,12994,29,DN1,Central,Facebook Ads,11.11,Converted,1,2643.0
535,2024-05-30,11813,195,HCM1,North,Google Ads,NewProductLaunch,New,0,
536,2024-11-08,94381,78,HN1,South,Zalo OA,Tet2024,NoAnswer,0,
537,2024-01-26,65276,25,HCM1,South,Zalo OA,12.12,NoAnswer,0,
538,2024-01-27,51243,48,HCM1,South,Zalo OA,Tet2024,NoAnswer,0,
539,2024-09-24,72912,65,HCM2,South,Google Ads,NewProductLaunch,NoAnswer,0,
540,2023-12-26,70272,181,DN1,South,Zalo OA,BackToSchool,Converted,1,1394.0
541,2024-03-18,52051,67,HCM1,South,Facebook Ads,SummerSale,NoAnswer,0,
542,2024-10-11,88854,90,CT1,North,Tiktok Ads,Tet2024,Converted,1,773.0
543,2024-08-23,92736,146,CT1,South,Google Ads,FlashSaleWeekend,Cancelled,0,
544,2024-08-12,75618,137,HCM1,South,Zalo OA,NewProductLaunch,NoAnswer,0,
545,2024-01-18,11920,38,HCM2,South,Website SEO,SummerSale,Converted,1,1616.0
546,2024-07-16,87219,87,HCM2,South,Tiktok Ads,Tet2024,Converted,1,888.0
547,2024-11-15,86872,149,HN1,North,Email Marketing,11.11,Converted,1,2720.0
548,2024-03-13,91132,65,DN1,Central,Google Ads,12.12,New,0,
549,2024-09-03,12093,149,HCM2,Central,Website SEO,12.12,Converted,1,2307.0
550,2024-03-16,22905,27,HN1,Central,Email Marketing,NewProductLaunch,Converted,1,260.0
551,2024-03-13,34351,106,CT1,Central,Website SEO,11.11,Calling,0,
552,2024-04-07,40981,123,CT1,South,Zalo OA,BackToSchool,NoAnswer,0,
553,2024-03-28,83903,198,CT1,Central,Google Ads,SummerSale,New,0,
554,2024-06-27,80821,44,HCM1,Central,Zalo OA,NewProductLaunch,Calling,0,
555,2024-10-23,92289,100,DN1,North,Email Marketing,FlashSaleWeekend,New,0,
556,2024-04-06,94021,28,HN1,North,Facebook Ads,Tet2024,Converted,1,2177.0
557,2024-02-27,88513,173,DN1,North,Website SEO,12.12,Cancelled,0,
558,2024-12-24,29874,17,HCM1,South,Facebook Ads,Tet2024,Converted,1,2363.0
559,2024-07-18,60931,127,HN1,South,Email Marketing,SummerSale,Converted,1,2503.0
560,2024-09-16,17674,123,HN1,South,Zalo OA,11.11,Cancelled,0,
561,2024-08-19,60516,168,HCM2,North,Tiktok Ads,11.11,Calling,0,
562,2024-05-26,70686,131,DN1,Central,Website SEO,NewProductLaunch,Calling,0,
563,2024-12-05,79212,76,DN1,North,Tiktok Ads,NewProductLaunch,Converted,1,232.0
564,2024-06-23,12426,194,HCM2,South,Google Ads,11.11,Converted,1,2659.0
565,2024-07-28,78498,46,CT1,North,Website SEO,NewProductLaunch,Calling,0,
566,2024-06-08,39943,158,HCM1,Central,Facebook Ads,11.11,Converted,1,1421.0
567,2024-03-22,76395,69,DN1,South,Tiktok Ads,SummerSale,Cancelled,0,
568,2024-01-19,54816,137,HCM2,Central,Email Marketing,NewProductLaunch,Converted,1,1704.0
569,2024-03-19,14138,85,HN1,Central,Google Ads,11.11,Cancelled,0,
570,2024-05-14,85945,11,HCM2,South,Website SEO,NewProductLaunch,New,0,
571,2024-05-13,14017,69,CT1,Central,Email Marketing,Tet2024,Cancelled,0,
572,2024-06-21,20451,99,HCM1,North,Google Ads,12.12,Calling,0,
573,2024-07-25,72956,91,CT1,Central,Facebook Ads,Tet2024,NoAnswer,0,
574,2024-01-20,20278,194,HN1,Central,Email Marketing,BackToSchool,Converted,1,1111.0
575,2024-09-07,53764,159,HN1,Central,Website SEO,11.11,NoAnswer,0,
576,2024-12-17,11134,161,HN1,North,Google Ads,BackToSchool,Converted,1,1342.0
577,2024-06-14,72943,167,HN1,Central,Zalo OA,11.11,Calling,0,
578,2023-12-27,64318,94,HCM2,Central,Website SEO,12.12,Converted,1,1779.0
579,2024-09-18,70128,174,HN1,North,Website SEO,NewProductLaunch,Converted,1,1097.0
580,2024-07-18,98056,165,HN1,South,Website SEO,11.11,Converted,1,2932.0
581,2024-12-03,31869,115,HCM2,South,Website SEO,Tet2024,Cancelled,0,
582,2024-12-09,15039,188,HN1,South,Zalo OA,NewProductLaunch,Calling,0,
583,2024-09-25,31281,31,CT1,Central,Email Marketing,12.12,Converted,1,1673.0
584,2024-09-12,20442,11,CT1,South,Email Marketing,Tet2024,Cancelled,0,
585,2024-12-17,83788,87,DN1,North,Email Marketing,NewProductLaunch,NoAnswer,0,
586,2024-02-14,37586,121,CT1,Central,Facebook Ads,11.11,New,0,
587,2024-03-07,63053,130,HCM1,Central,Zalo OA,11.11,Converted,1,626.0
588,2024-12-16,60489,105,HCM1,Central,Zalo OA,Tet2024,Converted,1,845.0
589,2024-07-18,93104,27,HCM1,South,Google Ads,SummerSale,Converted,1,1879.0
590,2024-11-20,96346,2,HCM2,South,Tiktok Ads,11.11,Cancelled,0,
591,2024-06-18,77087,103,CT1,South,Email Marketing,SummerSale,New,0,
592,2024-01-02,22625,101,HCM1,Central,Tiktok Ads,NewProductLaunch,Converted,1,2768.0
593,2024-06-08,44397,21,DN1,North,Google Ads,SummerSale,NoAnswer,0,
594,2024-03-23,68671,58,HCM2,Central,Zalo OA,Tet2024,New,0,
595,2024-08-03,76897,133,DN1,North,Google Ads,BackToSchool,New,0,
596,2024-02-28,36149,180,CT1,Central,Website SEO,BackToSchool,Calling,0,
597,2024-09-04,70030,173,HN1,North,Google Ads,Tet2024,New,0,
598,2024-09-23,79906,85,DN1,Central,Google Ads,FlashSaleWeekend,NoAnswer,0,
599,2024-07-07,15283,93,HN1,Central,Website SEO,BackToSchool,Cancelled,0,
600,2024-07-24,17610,20,HCM2,North,Tiktok Ads,Tet2024,New,0,
601,2024-02-04,53326,61,DN1,North,Website SEO,11.11,Converted,1,2857.0
602,2024-11-17,24924,38,DN1,North,Facebook Ads,SummerSale,Cancelled,0,
603,2024-12-15,86162,148,HCM2,North,Google Ads,BackToSchool,Calling,0,
604,2024-05-06,10869,25,HCM2,North,Google Ads,11.11,Converted,1,1694.0
605,2024-12-21,11014,130,HCM1,North,Tiktok Ads,BackToSchool,Converted,1,1064.0
606,2024-02-21,20103,121,CT1,North,Zalo OA,NewProductLaunch,NoAnswer,0,
607,2024-03-22,92522,160,DN1,North,Website SEO,Tet2024,Converted,1,2918.0
608,2024-01-08,43458,26,DN1,Central,Zalo OA,Tet2024,NoAnswer,0,
609,2024-12-27,92409,198,HCM2,North,Facebook Ads,11.11,Cancelled,0,
610,2024-02-05,33248,169,HCM2,North,Website SEO,FlashSaleWeekend,NoAnswer,0,
611,2024-05-13,99160,67,CT1,Central,Facebook Ads,NewProductLaunch,Calling,0,
612,2024-05-06,53516,1,HCM2,Central,Facebook Ads,SummerSale,Converted,1,48.0
613,2024-02-09,39061,51,HN1,South,Facebook Ads,NewProductLaunch,Cancelled,0,
614,2024-01-22,34170,5,HN1,South,Email Marketing,FlashSaleWeekend,NoAnswer,0,
615,2024-04-01,18024,13,HN1,North,Website SEO,NewProductLaunch,Converted,1,1583.0
616,2024-06-12,92214,147,HN1,North,Website SEO,12.12,Calling,0,
617,2024-01-25,95947,140,CT1,South,Email Marketing,SummerSale,Converted,1,460.0
618,2024-06-17,53803,48,DN1,South,Tiktok Ads,SummerSale,Converted,1,2295.0
619,2024-07-24,29296,153,HN1,North,Email Marketing,NewProductLaunch,Calling,0,
620,2024-04-14,96664,57,HCM2,South,Google Ads,BackToSchool,Converted,1,1230.0
621,2024-04-25,28257,115,HN1,North,Zalo OA,12.12,New,0,
622,2024-05-25,22855,35,CT1,Central,Zalo OA,BackToSchool,NoAnswer,0,
623,2024-07-16,95178,76,HCM2,Central,Facebook Ads,NewProductLaunch,Cancelled,0,
624,2024-07-22,30025,94,HN1,South,Website SEO,BackToSchool,Converted,1,2798.0
625,2024-08-05,14458,5,DN1,Central,Website SEO,SummerSale,Converted,1,1364.0
626,2024-11-09,73610,22,HCM2,Central,Facebook Ads,SummerSale,New,0,
627,2024-05-08,80843,103,HCM2,Central,Google Ads,BackToSchool,Cancelled,0,
628,2024-08-09,93961,185,DN1,Central,Zalo OA,SummerSale,New,0,
629,2024-02-28,59831,175,HCM2,North,Email Marketing,Tet2024,Converted,1,814.0
630,2023-12-23,53427,182,HN1,North,Tiktok Ads,SummerSale,Converted,1,578.0
631,2024-02-26,48506,131,HCM2,South,Google Ads,NewProductLaunch,Converted,1,1932.0
632,2024-08-23,15668,124,HN1,Central,Website SEO,11.11,Converted,1,147.0
633,2024-07-31,57195,53,DN1,Central,Facebook Ads,BackToSchool,Calling,0,
634,2023-12-21,83233,159,HCM1,Central,Zalo OA,12.12,New,0,
635,2024-06-05,34417,69,DN1,South,Facebook Ads,FlashSaleWeekend,New,0,
636,2024-05-03,91982,104,HN1,North,Website SEO,BackToSchool,Converted,1,638.0
637,2024-05-30,20751,161,CT1,Central,Facebook Ads,FlashSaleWeekend,New,0,
638,2024-06-01,56218,178,DN1,North,Email Marketing,FlashSaleWeekend,NoAnswer,0,
639,2024-09-22,17352,16,CT1,South,Zalo OA,SummerSale,Converted,1,525.0
640,2024-04-14,89052,116,CT1,North,Facebook Ads,SummerSale,Converted,1,2791.0
641,2024-06-25,98835,76,HN1,Central,Zalo OA,11.11,New,0,
642,2023-12-19,38927,109,HN1,North,Facebook Ads,11.11,Converted,1,1915.0
643,2024-01-12,51094,39,HCM1,North,Facebook Ads,12.12,Converted,1,2371.0
644,2024-05-27,64122,89,HCM2,South,Zalo OA,NewProductLaunch,Calling,0,
645,2024-11-17,39493,174,DN1,South,Email Marketing,Tet2024,Cancelled,0,
646,2024-04-28,83539,112,HN1,South,Facebook Ads,NewProductLaunch,NoAnswer,0,
647,2024-12-13,41707,47,DN1,South,Email Marketing,12.12,Calling,0,
648,2024-10-30,78814,172,CT1,North,Google Ads,BackToSchool,Converted,1,337.0
649,2024-11-20,17296,137,HCM2,North,Tiktok Ads,SummerSale,NoAnswer,0,
650,2024-05-07,35398,128,HCM1,South,Google Ads,NewProductLaunch,Cancelled,0,
651,2024-11-05,45842,178,DN1,South,Tiktok Ads,FlashSaleWeekend,Cancelled,0,
652,2024-07-18,23261,77,HCM2,Central,Google Ads,SummerSale,Cancelled,0,
653,2024-10-10,86709,188,HCM1,Central,Tiktok Ads,SummerSale,NoAnswer,0,
654,2024-04-24,66704,15,DN1,South,Facebook Ads,NewProductLaunch,Converted,1,196.0
655,2024-10-01,77173,36,HCM2,North,Zalo OA,NewProductLaunch,NoAnswer,0,
656,2024-02-22,41781,63,HN1,South,Zalo OA,FlashSaleWeekend,Converted,1,623.0
657,2024-08-22,23652,69,DN1,North,Website SEO,FlashSaleWeekend,Converted,1,658.0
658,2024-09-14,15103,169,HCM2,North,Tiktok Ads,11.11,Cancelled,0,
659,2024-12-12,35500,74,HCM1,Central,Website SEO,12.12,Converted,1,1457.0
660,2024-06-13,45529,24,HCM2,South,Email Marketing,12.12,Converted,1,883.0
661,2024-05-29,28452,49,HN1,South,Email Marketing,FlashSaleWeekend,Cancelled,0,
662,2024-03-14,59393,146,DN1,North,Website SEO,Tet2024,Calling,0,
663,2024-07-03,41174,7,DN1,South,Tiktok Ads,FlashSaleWeekend,Converted,1,524.0
664,2024-11-24,74450,4,DN1,Central,Zalo OA,11.11,Converted,1,2265.0
665,2024-01-02,45436,90,HN1,Central,Tiktok Ads,Tet2024,Cancelled,0,
666,2024-01-22,57406,197,HCM1,South,Email Marketing,NewProductLaunch,New,0,
667,2024-04-18,73059,60,DN1,South,Facebook Ads,12.12,NoAnswer,0,
668,2024-06-04,25954,55,HCM1,Central,Website SEO,12.12,Calling,0,
669,2024-05-03,92722,16,HCM2,South,Website SEO,Tet2024,NoAnswer,0,
670,2024-08-12,22356,29,HCM1,North,Email Marketing,BackToSchool,Cancelled,0,
671,2024-07-21,12187,151,HCM1,South,Tiktok Ads,11.11,New,0,
672,2024-04-18,87243,14,DN1,North,Website SEO,11.11,Cancelled,0,
673,2024-02-10,45098,79,CT1,South,Zalo OA,11.11,NoAnswer,0,
674,2024-05-10,31225,177,CT1,South,Website SEO,12.12,Calling,0,
675,2024-10-26,13606,33,HN1,Central,Tiktok Ads,SummerSale,NoAnswer,0,
676,2024-12-31,67620,153,HN1,North,Email Marketing,12.12,Calling,0,
677,2024-12-09,42828,21,CT1,Central,Zalo OA,SummerSale,Converted,1,558.0
678,2023-12-15,36489,145,HCM2,South,Zalo OA,12.12,Converted,1,2557.0
679,2024-11-26,24387,23,DN1,Central,Website SEO,NewProductLaunch,New,0,
680,2024-06-21,79463,57,DN1,South,Tiktok Ads,12.12,Cancelled,0,
681,2024-06-22,81832,186,HCM2,South,Website SEO,NewProductLaunch,Cancelled,0,
682,2024-12-17,12591,142,HCM2,South,Facebook Ads,SummerSale,New,0,
683,2024-10-21,58516,93,CT1,North,Email Marketing,11.11,NoAnswer,0,
684,2024-04-09,72061,20,HN1,North,Facebook Ads,SummerSale,New,0,
685,2024-04-26,76736,158,HCM2,North,Zalo OA,Tet2024,Converted,1,1448.0
686,2024-02-10,91257,19,HN1,Central,Website SEO,11.11,Cancelled,0,
687,2024-01-27,71753,181,HCM1,South,Facebook Ads,12.12,Calling,0,
688,2024-06-04,94774,103,DN1,Central,Google Ads,12.12,Converted,1,2245.0
689,2024-05-22,21087,184,CT1,Central,Facebook Ads,12.12,Converted,1,504.0
690,2024-06-04,40816,77,DN1,South,Website SEO,12.12,Cancelled,0,
691,2024-10-26,33408,151,CT1,Central,Website SEO,12.12,NoAnswer,0,
692,2024-10-12,10136,190,HCM1,South,Email Marketing,SummerSale,Calling,0,
693,2024-05-11,27413,33,DN1,South,Facebook Ads,FlashSaleWeekend,NoAnswer,0,
694,2024-03-03,69500,18,HCM1,South,Website SEO,NewProductLaunch,Cancelled,0,
695,2024-12-22,94514,73,CT1,South,Website SEO,FlashSaleWeekend,Cancelled,0,
696,2024-07-14,66358,161,HCM2,Central,Email Marketing,SummerSale,Calling,0,
697,2024-07-04,76197,160,DN1,Central,Email Marketing,BackToSchool,Converted,1,2399.0
698,2024-08-22,42854,189,HCM1,Central,Email Marketing,FlashSaleWeekend,Converted,1,351.0
699,2024-07-30,86240,182,DN1,North,Email Marketing,SummerSale,NoAnswer,0,
700,2024-05-26,26322,17,DN1,Central,Google Ads,11.11,Calling,0,
701,2024-07-28,16968,19,DN1,Central,Zalo OA,12.12,Calling,0,
702,2024-05-09,37518,70,HN1,North,Website SEO,SummerSale,NoAnswer,0,
703,2024-01-03,61925,120,HCM1,South,Tiktok Ads,FlashSaleWeekend,Calling,0,
704,2024-01-30,69848,101,HCM1,South,Email Marketing,NewProductLaunch,Converted,1,425.0
705,2024-08-03,11700,34,DN1,South,Zalo OA,FlashSaleWeekend,Converted,1,2512.0
706,2024-10-14,33199,84,HCM2,North,Email Marketing,12.12,Converted,1,724.0
707,2023-12-28,54589,153,DN1,Central,Zalo OA,FlashSaleWeekend,Converted,1,1822.0
708,2024-05-05,42115,196,HN1,Central,Tiktok Ads,Tet2024,Converted,1,794.0
709,2023-12-15,71934,74,CT1,Central,Facebook Ads,BackToSchool,Converted,1,177.0
710,2024-12-21,64316,88,HN1,Central,Google Ads,11.11,Converted,1,2591.0
711,2024-02-06,15520,85,HCM2,North,Website SEO,NewProductLaunch,New,0,
712,2024-12-22,46455,11,DN1,Central,Facebook Ads,BackToSchool,Calling,0,
713,2024-08-29,96465,91,HCM1,South,Tiktok Ads,SummerSale,Cancelled,0,
714,2024-05-06,51605,144,DN1,North,Google Ads,BackToSchool,Converted,1,564.0
715,2023-12-26,24955,189,HCM2,North,Google Ads,12.12,NoAnswer,0,
716,2024-11-08,54049,127,HCM1,South,Google Ads,12.12,Cancelled,0,
717,2024-07-25,23917,113,HN1,South,Tiktok Ads,Tet2024,New,0,
718,2024-09-11,80293,80,CT1,Central,Email Marketing,BackToSchool,Converted,1,444.0
719,2024-12-06,88581,7,CT1,South,Email Marketing,FlashSaleWeekend,New,0,
720,2024-05-18,74925,16,DN1,North,Email Marketing,BackToSchool,Converted,1,111.0
721,2024-12-21,80269,16,HN1,North,Facebook Ads,12.12,Converted,1,2535.0
722,2023-12-22,40954,168,HCM2,North,Website SEO,SummerSale,Converted,1,89.0
723,2024-04-14,82617,12,CT1,Central,Google Ads,SummerSale,Calling,0,
724,2024-11-26,51458,35,HN1,Central,Google Ads,11.11,Cancelled,0,
725,2024-05-26,99037,21,DN1,South,Facebook Ads,FlashSaleWeekend,Calling,0,
726,2024-03-13,31113,178,HCM1,Central,Email Marketing,FlashSaleWeekend,Calling,0,
727,2024-04-28,53939,171,DN1,Central,Google Ads,SummerSale,Cancelled,0,
728,2024-06-17,39345,17,DN1,North,Google Ads,BackToSchool,Converted,1,816.0
729,2024-10-25,56313,32,HN1,North,Tiktok Ads,Tet2024,New,0,
730,2024-06-09,79166,41,CT1,South,Zalo OA,SummerSale,Converted,1,1699.0
731,2024-01-11,57861,134,HN1,North,Facebook Ads,FlashSaleWeekend,Converted,1,251.0
732,2024-07-21,59298,27,HCM1,Central,Facebook Ads,FlashSaleWeekend,New,0,
733,2024-12-05,57221,148,HN1,South,Email Marketing,12.12,Converted,1,2043.0
734,2024-01-24,54942,153,HCM2,South,Facebook Ads,12.12,Converted,1,1596.0
735,2024-07-29,13453,66,DN1,North,Email Marketing,11.11,New,0,
736,2024-06-23,64935,137,CT1,North,Tiktok Ads,11.11,NoAnswer,0,
737,2024-05-07,53370,92,HCM1,North,Tiktok Ads,BackToSchool,NoAnswer,0,
738,2024-07-02,18328,181,DN1,South,Website SEO,SummerSale,Calling,0,
739,2024-07-13,25534,61,HN1,North,Email Marketing,SummerSale,Converted,1,896.0
740,2024-07-21,95280,166,HCM2,Central,Tiktok Ads,11.11,NoAnswer,0,
741,2024-08-10,94925,3,HN1,South,Email Marketing,SummerSale,Converted,1,1932.0
742,2024-01-29,46320,198,DN1,North,Facebook Ads,BackToSchool,NoAnswer,0,
743,2024-01-18,59170,103,HCM1,Central,Website SEO,Tet2024,Cancelled,0,
744,2024-08-23,90201,55,CT1,Central,Zalo OA,12.12,Calling,0,
745,2024-03-05,18640,1,DN1,North,Google Ads,BackToSchool,Calling,0,
746,2024-12-19,40049,101,HCM1,Central,Google Ads,SummerSale,Cancelled,0,
747,2024-08-26,15618,198,DN1,South,Website SEO,BackToSchool,New,0,
748,2024-06-28,66053,45,HCM2,South,Email Marketing,12.12,Converted,1,633.0
749,2024-10-12,11920,175,HN1,Central,Email Marketing,NewProductLaunch,Converted,1,1313.0
750,2023-12-24,53937,26,CT1,South,Email Marketing,FlashSaleWeekend,Cancelled,0,
751,2024-10-21,79724,121,HCM1,North,Zalo OA,12.12,New,0,
752,2024-09-25,22207,142,CT1,Central,Google Ads,FlashSaleWeekend,Calling,0,
753,2024-08-12,75774,182,CT1,South,Website SEO,12.12,Calling,0,
754,2024-08-21,42972,199,CT1,North,Email Marketing,NewProductLaunch,Converted,1,2685.0
755,2024-12-13,20799,46,HCM1,North,Tiktok Ads,SummerSale,Converted,1,1247.0
756,2023-12-19,81088,122,HCM1,South,Facebook Ads,SummerSale,Converted,1,747.0
757,2024-04-11,38916,31,CT1,Central,Zalo OA,Tet2024,NoAnswer,0,
758,2024-09-28,80463,59,HN1,North,Email Marketing,12.12,Converted,1,2731.0
759,2024-12-22,86700,29,DN1,North,Google Ads,BackToSchool,NoAnswer,0,
760,2024-02-17,47158,106,CT1,North,Facebook Ads,Tet2024,Converted,1,2022.0
761,2024-05-08,94607,17,HCM2,North,Website SEO,SummerSale,Cancelled,0,
762,2024-07-25,81696,142,CT1,Central,Email Marketing,SummerSale,NoAnswer,0,
763,2024-08-09,71510,164,HCM1,South,Google Ads,11.11,Calling,0,
764,2024-06-08,68692,186,DN1,South,Facebook Ads,Tet2024,Calling,0,
765,2024-09-06,71744,24,HCM2,South,Tiktok Ads,SummerSale,Converted,1,227.0
766,2024-11-19,25810,109,DN1,North,Zalo OA,NewProductLaunch,Converted,1,891.0
767,2024-09-21,15126,191,DN1,Central,Website SEO,FlashSaleWeekend,New,0,
768,2024-02-15,40009,91,HCM2,South,Google Ads,11.11,Converted,1,2597.0
769,2024-07-18,10192,25,CT1,Central,Tiktok Ads,BackToSchool,NoAnswer,0,
770,2024-11-20,46413,187,CT1,South,Zalo OA,FlashSaleWeekend,New,0,
771,2024-10-24,22816,32,CT1,North,Zalo OA,11.11,Converted,1,2027.0
772,2024-09-22,49082,116,HN1,South,Tiktok Ads,12.12,Converted,1,1461.0
773,2024-06-08,75048,82,CT1,North,Google Ads,12.12,Calling,0,
774,2024-03-21,60940,110,HCM2,North,Zalo OA,BackToSchool,NoAnswer,0,
775,2024-03-28,42130,146,HN1,South,Website SEO,NewProductLaunch,New,0,
776,2024-03-22,50142,37,CT1,Central,Facebook Ads,BackToSchool,Converted,1,2627.0
777,2024-10-20,46468,26,HN1,North,Website SEO,Tet2024,Converted,1,1574.0
778,2023-12-20,40698,137,HCM2,Central,Email Marketing,FlashSaleWeekend,Calling,0,
779,2024-06-28,20655,64,CT1,South,Zalo OA,BackToSchool,Converted,1,742.0
780,2024-11-29,57897,72,HCM1,North,Facebook Ads,BackToSchool,New,0,
781,2024-04-25,40075,148,HCM2,Central,Tiktok Ads,11.11,NoAnswer,0,
782,2024-12-06,19359,182,DN1,North,Facebook Ads,NewProductLaunch,Converted,1,1977.0
783,2024-08-29,52056,106,DN1,South,Facebook Ads,BackToSchool,New,0,
784,2024-01-06,61831,86,HCM2,North,Facebook Ads,Tet2024,New,0,
785,2024-02-05,69191,158,DN1,South,Zalo OA,11.11,Converted,1,1917.0
786,2024-05-27,43272,53,HCM2,Central,Email Marketing,NewProductLaunch,Calling,0,
787,2024-07-03,24671,92,HCM1,North,Email Marketing,NewProductLaunch,NoAnswer,0,
788,2024-03-06,37048,99,HCM2,Central,Google Ads,SummerSale,Converted,1,1390.0
789,2024-05-07,86274,191,CT1,South,Email Marketing,12.12,Converted,1,1743.0
790,2024-03-08,35963,11,CT1,South,Zalo OA,FlashSaleWeekend,Converted,1,774.0
791,2024-03-01,53954,31,HN1,Central,Google Ads,Tet2024,Cancelled,0,
792,2024-12-14,82309,177,DN1,Central,Tiktok Ads,12.12,Cancelled,0,
793,2023-12-15,10717,100,DN1,South,Tiktok Ads,11.11,Converted,1,993.0
794,2024-02-03,21676,87,HCM2,Central,Tiktok Ads,11.11,New,0,
795,2024-06-04,14434,147,DN1,South,Tiktok Ads,Tet2024,Calling,0,
796,2024-07-06,59810,140,CT1,Central,Tiktok Ads,NewProductLaunch,NoAnswer,0,
797,2024-08-30,14994,15,HCM1,South,Website SEO,BackToSchool,Calling,0,
798,2024-12-17,14234,159,HCM2,South,Zalo OA,Tet2024,NoAnswer,0,
799,2024-09-27,79300,171,DN1,North,Google Ads,11.11,Converted,1,2302.0
800,2024-01-17,53949,101,CT1,South,Tiktok Ads,12.12,Converted,1,1876.0
801,2024-11-26,47405,165,HN1,South,Website SEO,FlashSaleWeekend,Calling,0,
802,2024-03-18,44872,29,DN1,North,Email Marketing,Tet2024,Converted,1,1487.0
803,2024-02-24,52215,114,HCM1,North,Website SEO,NewProductLaunch,Converted,1,2193.0
804,2024-01-22,33185,107,HCM1,Central,Website SEO,FlashSaleWeekend,Converted,1,165.0
805,2024-05-16,53442,154,DN1,Central,Zalo OA,FlashSaleWeekend,Cancelled,0,
806,2024-08-20,61759,108,DN1,South,Tiktok Ads,FlashSaleWeekend,Cancelled,0,
807,2024-05-24,51153,130,CT1,Central,Website SEO,SummerSale,Cancelled,0,
808,2024-04-10,87535,84,DN1,Central,Website SEO,FlashSaleWeekend,Calling,0,
809,2024-08-29,12581,15,HN1,South,Tiktok Ads,SummerSale,Calling,0,
810,2024-12-27,61717,132,CT1,North,Zalo OA,BackToSchool,New,0,
811,2024-10-15,12763,50,HCM2,North,Website SEO,BackToSchool,Cancelled,0,
812,2024-09-07,65480,166,HN1,South,Google Ads,FlashSaleWeekend,New,0,
813,2024-02-06,48759,23,CT1,South,Facebook Ads,NewProductLaunch,Calling,0,
814,2024-08-06,86067,59,CT1,South,Email Marketing,12.12,NoAnswer,0,
815,2024-07-23,35307,90,HCM1,South,Facebook Ads,BackToSchool,Converted,1,2484.0
816,2024-08-21,21064,115,CT1,South,Facebook Ads,SummerSale,Cancelled,0,
817,2024-10-22,86848,75,HN1,South,Zalo OA,NewProductLaunch,Converted,1,542.0
818,2024-04-04,47548,156,DN1,Central,Website SEO,FlashSaleWeekend,Converted,1,613.0
819,2024-08-25,46945,194,HN1,Central,Facebook Ads,NewProductLaunch,Converted,1,900.0
820,2024-10-12,57937,123,HCM2,Central,Facebook Ads,NewProductLaunch,Converted,1,1885.0
821,2024-07-08,16476,136,CT1,North,Email Marketing,Tet2024,Converted,1,1056.0
822,2024-07-30,61756,157,CT1,South,Tiktok Ads,12.12,Cancelled,0,
823,2024-11-19,12382,139,CT1,South,Website SEO,FlashSaleWeekend,Converted,1,1487.0
824,2024-02-18,59683,18,CT1,Central,Website SEO,12.12,Converted,1,2611.0
825,2024-02-27,97999,183,HCM1,North,Email Marketing,BackToSchool,Converted,1,2623.0
826,2024-03-26,55276,50,HCM1,Central,Tiktok Ads,12.12,Cancelled,0,
827,2024-06-23,43402,142,DN1,South,Website SEO,11.11,Cancelled,0,
828,2024-08-22,36946,118,CT1,South,Google Ads,SummerSale,Converted,1,2661.0
829,2024-07-27,89698,137,HCM2,Central,Email Marketing,BackToSchool,Converted,1,129.0
830,2024-10-03,83933,139,DN1,Central,Zalo OA,FlashSaleWeekend,Converted,1,1043.0
831,2024-10-15,32335,191,CT1,South,Tiktok Ads,12.12,Cancelled,0,
832,2024-03-21,55095,108,HCM1,Central,Email Marketing,SummerSale,Calling,0,
833,2024-11-16,89930,67,HCM2,South,Facebook Ads,FlashSaleWeekend,Cancelled,0,
834,2024-09-25,37197,181,DN1,Central,Website SEO,FlashSaleWeekend,Cancelled,0,
835,2024-11-13,32010,167,HCM2,North,Google Ads,BackToSchool,New,0,
836,2024-11-25,34123,78,CT1,South,Google Ads,11.11,NoAnswer,0,
837,2024-10-17,97923,184,HN1,North,Zalo OA,SummerSale,Cancelled,0,
838,2024-08-19,12890,156,HCM2,Central,Email Marketing,11.11,New,0,
839,2024-05-28,18026,75,HCM2,North,Google Ads,SummerSale,Calling,0,
840,2024-11-13,74925,39,HCM1,Central,Email Marketing,Tet2024,Converted,1,2540.0
841,2024-01-13,78842,25,CT1,North,Website SEO,FlashSaleWeekend,Converted,1,1899.0
842,2024-08-17,43665,21,HCM2,North,Website SEO,Tet2024,Converted,1,225.0
843,2024-03-29,19277,138,CT1,North,Google Ads,SummerSale,New,0,
844,2024-02-03,52239,171,HCM1,South,Website SEO,SummerSale,Converted,1,780.0
845,2024-03-04,57664,15,CT1,North,Email Marketing,11.11,Cancelled,0,
846,2024-04-25,58008,48,HCM1,Central,Website SEO,FlashSaleWeekend,Converted,1,226.0
847,2024-09-24,24683,86,HCM1,Central,Facebook Ads,12.12,Converted,1,1253.0
848,2024-04-30,10670,149,DN1,South,Email Marketing,FlashSaleWeekend,New,0,
849,2024-06-15,99211,188,CT1,South,Tiktok Ads,NewProductLaunch,Converted,1,812.0
850,2024-11-08,27889,116,HN1,Central,Website SEO,SummerSale,New,0,
851,2024-09-12,65612,50,DN1,North,Website SEO,BackToSchool,Calling,0,
852,2024-11-18,54535,151,HCM1,Central,Email Marketing,BackToSchool,Converted,1,7.0
853,2024-02-21,88542,141,HN1,South,Zalo OA,BackToSchool,New,0,
854,2024-01-17,64319,69,HCM2,South,Tiktok Ads,Tet2024,Calling,0,
855,2024-09-01,31639,4,HCM2,Central,Tiktok Ads,12.12,Converted,1,2733.0
856,2024-02-05,74712,78,DN1,North,Tiktok Ads,11.11,Calling,0,
857,2024-07-06,26633,9,HN1,North,Google Ads,12.12,Converted,1,214.0
858,2024-04-18,44660,121,CT1,South,Facebook Ads,Tet2024,Converted,1,247.0
859,2024-08-05,78975,115,HN1,Central,Facebook Ads,12.12,New,0,
860,2024-01-26,42172,163,DN1,Central,Zalo OA,12.12,Cancelled,0,
861,2024-08-10,69197,101,CT1,South,Tiktok Ads,FlashSaleWeekend,NoAnswer,0,
862,2024-12-19,68847,149,CT1,Central,Tiktok Ads,BackToSchool,New,0,
863,2024-04-03,21577,186,HCM2,South,Website SEO,SummerSale,New,0,
864,2024-08-19,87299,146,HN1,North,Email Marketing,BackToSchool,New,0,
865,2024-05-13,30176,97,CT1,North,Google Ads,12.12,NoAnswer,0,
866,2024-06-14,54386,81,DN1,Central,Google Ads,SummerSale,NoAnswer,0,
867,2024-11-14,73972,43,HCM2,North,Zalo OA,FlashSaleWeekend,Converted,1,143.0
868,2024-03-18,99791,95,CT1,North,Facebook Ads,11.11,Converted,1,2189.0
869,2024-12-22,51003,6,HN1,South,Tiktok Ads,NewProductLaunch,Converted,1,2613.0
870,2023-12-22,29996,67,HCM2,South,Email Marketing,SummerSale,Calling,0,
871,2024-12-08,96598,140,HN1,Central,Zalo OA,Tet2024,NoAnswer,0,
872,2024-06-15,45931,100,HN1,South,Google Ads,BackToSchool,Converted,1,2167.0
873,2024-09-20,45710,12,HN1,Central,Google Ads,FlashSaleWeekend,NoAnswer,0,
874,2024-06-26,44693,66,HCM2,Central,Google Ads,FlashSaleWeekend,New,0,
875,2024-11-30,45740,2,CT1,South,Tiktok Ads,BackToSchool,Converted,1,2736.0
876,2024-06-26,87241,143,HCM1,North,Tiktok Ads,12.12,Calling,0,
877,2024-05-17,86502,151,CT1,North,Tiktok Ads,12.12,Cancelled,0,
878,2024-03-16,27374,157,HCM2,North,Website SEO,12.12,Converted,1,850.0
879,2024-05-22,86674,81,HCM1,North,Facebook Ads,FlashSaleWeekend,Converted,1,1239.0
880,2024-02-13,91471,135,HCM1,Central,Google Ads,12.12,Calling,0,
881,2024-04-14,55913,156,HCM1,North,Google Ads,BackToSchool,NoAnswer,0,
882,2024-02-03,76025,142,DN1,Central,Website SEO,SummerSale,NoAnswer,0,
883,2024-09-16,54516,172,HCM2,South,Google Ads,11.11,Converted,1,2320.0
884,2023-12-19,97796,158,DN1,South,Google Ads,SummerSale,New,0,
885,2024-03-15,36069,160,HCM1,Central,Tiktok Ads,Tet2024,Cancelled,0,
886,2024-06-01,66233,70,DN1,North,Tiktok Ads,BackToSchool,Converted,1,2976.0
887,2024-10-26,94811,115,DN1,Central,Facebook Ads,SummerSale,Cancelled,0,
888,2024-01-05,69049,88,HCM2,North,Google Ads,BackToSchool,Converted,1,627.0
889,2024-11-04,49178,6,HN1,North,Zalo OA,FlashSaleWeekend,Converted,1,1824.0
890,2023-12-15,42821,27,DN1,Central,Google Ads,Tet2024,Cancelled,0,
891,2024-04-25,61727,82,DN1,Central,Google Ads,FlashSaleWeekend,Converted,1,981.0
892,2024-08-03,70935,88,HCM1,North,Facebook Ads,NewProductLaunch,NoAnswer,0,
893,2023-12-26,26999,120,HCM1,Central,Zalo OA,NewProductLaunch,Converted,1,1077.0
894,2024-11-24,72522,24,HCM1,North,Google Ads,NewProductLaunch,Converted,1,2295.0
895,2024-01-29,48712,102,CT1,Central,Email Marketing,BackToSchool,NoAnswer,0,
896,2024-01-17,74551,34,DN1,South,Email Marketing,SummerSale,Converted,1,33.0
897,2024-03-01,50172,168,HCM1,North,Zalo OA,BackToSchool,Converted,1,799.0
898,2024-07-19,43722,47,HCM2,South,Email Marketing,FlashSaleWeekend,Calling,0,
899,2024-10-10,20625,24,CT1,Central,Tiktok Ads,11.11,NoAnswer,0,
900,2024-02-25,77165,65,HN1,South,Tiktok Ads,FlashSaleWeekend,Cancelled,0,
901,2024-09-21,86509,18,DN1,Central,Zalo OA,SummerSale,Cancelled,0,
902,2024-08-19,16859,44,DN1,North,Google Ads,FlashSaleWeekend,Converted,1,2777.0
903,2024-01-30,51609,76,HCM2,Central,Zalo OA,FlashSaleWeekend,Converted,1,2092.0
904,2024-04-13,53307,57,HN1,Central,Email Marketing,Tet2024,Cancelled,0,
905,2024-07-15,31839,107,HN1,North,Zalo OA,12.12,New,0,
906,2024-08-09,37216,156,CT1,Central,Email Marketing,NewProductLaunch,Calling,0,
907,2024-02-08,62953,124,DN1,North,Tiktok Ads,SummerSale,Calling,0,
908,2024-11-28,94481,199,HCM1,Central,Zalo OA,SummerSale,NoAnswer,0,
909,2024-03-30,70593,151,HCM2,North,Website SEO,NewProductLaunch,New,0,
910,2024-10-28,82075,162,HCM2,South,Email Marketing,FlashSaleWeekend,Calling,0,
911,2024-01-31,59522,139,HCM2,Central,Website SEO,Tet2024,Converted,1,2651.0
912,2024-02-13,14886,163,HCM2,Central,Tiktok Ads,BackToSchool,Converted,1,922.0
913,2024-11-15,17485,116,HCM1,Central,Google Ads,BackToSchool,Converted,1,2479.0
914,2024-01-09,41455,93,HCM1,North,Email Marketing,FlashSaleWeekend,New,0,
915,2024-10-01,26767,42,CT1,Central,Google Ads,FlashSaleWeekend,Converted,1,2179.0
916,2024-08-27,38453,28,DN1,North,Tiktok Ads,12.12,Converted,1,1434.0
917,2023-12-22,86280,123,HCM1,Central,Google Ads,SummerSale,Converted,1,1249.0
918,2024-04-05,63442,24,CT1,South,Email Marketing,NewProductLaunch,New,0,
919,2024-12-03,61877,136,HN1,Central,Facebook Ads,FlashSaleWeekend,NoAnswer,0,
920,2024-08-23,22226,106,DN1,South,Email Marketing,FlashSaleWeekend,New,0,
921,2024-06-11,32588,118,HCM1,North,Email Marketing,11.11,Calling,0,
922,2024-07-08,88976,53,HN1,South,Website SEO,Tet2024,Converted,1,1236.0
923,2024-10-12,41709,132,CT1,Central,Facebook Ads,BackToSchool,Converted,1,934.0
924,2024-04-19,57788,100,HCM1,Central,Facebook Ads,Tet2024,NoAnswer,0,
925,2024-02-08,98031,5,HCM1,North,Facebook Ads,Tet2024,Calling,0,
926,2024-07-15,47019,49,HN1,Central,Email Marketing,12.12,Converted,1,1262.0
927,2023-12-28,54948,98,HCM1,Central,Tiktok Ads,Tet2024,New,0,
928,2024-01-11,75133,30,HCM2,North,Facebook Ads,NewProductLaunch,Converted,1,328.0
929,2024-03-01,76458,72,HCM1,North,Zalo OA,12.12,Converted,1,2860.0
930,2024-07-17,37526,103,DN1,South,Google Ads,FlashSaleWeekend,New,0,
931,2024-12-13,83493,63,HN1,North,Tiktok Ads,NewProductLaunch,Converted,1,2094.0
932,2024-05-16,62198,175,DN1,Central,Zalo OA,12.12,Cancelled,0,
933,2023-12-28,53395,26,CT1,North,Email Marketing,NewProductLaunch,Converted,1,2842.0
934,2024-06-18,34031,185,DN1,Central,Email Marketing,12.12,Converted,1,352.0
935,2024-10-21,85542,37,HCM2,South,Zalo OA,12.12,Converted,1,1037.0
936,2024-12-19,47701,7,HCM2,North,Website SEO,SummerSale,NoAnswer,0,
937,2023-12-21,35939,127,DN1,Central,Website SEO,NewProductLaunch,NoAnswer,0,
938,2023-12-17,59145,168,CT1,North,Zalo OA,SummerSale,Cancelled,0,
939,2024-04-03,30324,92,HCM1,North,Website SEO,FlashSaleWeekend,Calling,0,
940,2024-08-08,32867,167,HCM2,North,Google Ads,12.12,Converted,1,2729.0
941,2024-12-11,10203,190,DN1,North,Google Ads,BackToSchool,Calling,0,
942,2024-08-09,26544,103,DN1,South,Email Marketing,12.12,Converted,1,933.0
943,2024-09-13,25899,53,DN1,Central,Website SEO,BackToSchool,New,0,
944,2024-10-03,39063,132,HCM1,North,Facebook Ads,BackToSchool,NoAnswer,0,
945,2024-07-28,13748,108,HN1,Central,Zalo OA,BackToSchool,Converted,1,1231.0
946,2024-12-19,76629,112,CT1,South,Google Ads,BackToSchool,New,0,
947,2023-12-29,90764,153,HN1,Central,Website SEO,NewProductLaunch,Converted,1,300.0
948,2024-06-23,30884,7,CT1,Central,Website SEO,11.11,Cancelled,0,
949,2024-04-11,35183,156,CT1,South,Google Ads,NewProductLaunch,Converted,1,1477.0
950,2024-01-11,91570,197,DN1,North,Google Ads,FlashSaleWeekend,New,0,
951,2024-07-03,81246,67,HCM2,Central,Facebook Ads,11.11,Converted,1,2597.0
952,2024-01-22,29259,108,DN1,Central,Website SEO,NewProductLaunch,Calling,0,
953,2024-09-12,45959,111,HCM1,North,Website SEO,FlashSaleWeekend,Calling,0,
954,2024-08-01,43457,148,CT1,North,Tiktok Ads,BackToSchool,Converted,1,2848.0
955,2024-03-09,95679,83,HCM2,Central,Email Marketing,Tet2024,Converted,1,534.0
956,2024-04-18,12103,124,CT1,South,Facebook Ads,12.12,Cancelled,0,
957,2024-10-09,75901,139,CT1,North,Google Ads,11.11,Calling,0,
958,2024-01-08,54535,104,DN1,North,Google Ads,Tet2024,Cancelled,0,
959,2024-05-07,26103,67,HCM2,South,Zalo OA,BackToSchool,NoAnswer,0,
960,2023-12-27,88278,7,HCM2,Central,Email Marketing,11.11,Converted,1,1684.0
961,2024-07-13,22391,151,CT1,North,Google Ads,Tet2024,Cancelled,0,
962,2024-01-08,38901,189,HCM2,Central,Website SEO,NewProductLaunch,Cancelled,0,
963,2024-02-20,91159,199,HCM2,Central,Google Ads,FlashSaleWeekend,Converted,1,237.0
964,2024-02-19,77914,110,DN1,Central,Website SEO,BackToSchool,Cancelled,0,
965,2024-08-03,60357,34,HN1,South,Website SEO,NewProductLaunch,Converted,1,2802.0
966,2024-04-01,96908,106,HCM1,Central,Facebook Ads,NewProductLaunch,Converted,1,575.0
967,2024-05-08,48437,147,HN1,Central,Google Ads,BackToSchool,Calling,0,
968,2024-04-03,45503,58,HCM2,North,Facebook Ads,11.11,Converted,1,771.0
969,2024-07-29,85403,9,CT1,North,Email Marketing,12.12,NoAnswer,0,
970,2024-04-03,51258,48,HCM1,South,Website SEO,SummerSale,New,0,
971,2024-01-17,43724,115,HCM1,South,Email Marketing,SummerSale,NoAnswer,0,
972,2024-04-03,74286,41,CT1,North,Google Ads,12.12,Calling,0,
973,2024-09-03,84842,48,HCM1,North,Email Marketing,BackToSchool,NoAnswer,0,
974,2024-12-17,24908,173,CT1,South,Email Marketing,SummerSale,NoAnswer,0,
975,2024-08-06,60626,25,HCM1,Central,Google Ads,12.12,Converted,1,1423.0
976,2024-03-06,47228,116,HN1,South,Facebook Ads,Tet2024,Converted,1,1541.0
977,2024-01-25,33386,78,HCM1,Central,Facebook Ads,12.12,Converted,1,2006.0
978,2024-03-24,56754,108,DN1,North,Website SEO,11.11,Cancelled,0,
979,2023-12-20,38302,25,CT1,North,Website SEO,FlashSaleWeekend,Cancelled,0,
980,2024-06-11,70815,147,HCM1,North,Google Ads,12.12,Calling,0,
981,2024-09-21,94748,39,CT1,Central,Google Ads,NewProductLaunch,Cancelled,0,
982,2024-10-29,73344,119,DN1,South,Tiktok Ads,NewProductLaunch,Calling,0,
983,2024-07-27,45618,79,HCM1,Central,Tiktok Ads,FlashSaleWeekend,Converted,1,2499.0
984,2024-10-24,86234,80,HCM1,South,Zalo OA,BackToSchool,New,0,
985,2024-12-13,71114,27,DN1,South,Website SEO,NewProductLaunch,NoAnswer,0,
986,2024-07-30,80130,104,DN1,South,Email Marketing,Tet2024,New,0,
987,2024-12-25,35525,74,DN1,North,Zalo OA,12.12,New,0,
988,2024-09-28,89818,191,CT1,South,Zalo OA,FlashSaleWeekend,NoAnswer,0,
989,2024-05-12,24334,68,DN1,North,Facebook Ads,Tet2024,Cancelled,0,
990,2024-09-16,72767,147,CT1,South,Email Marketing,BackToSchool,Converted,1,1174.0
991,2024-06-29,16644,28,HN1,South,Facebook Ads,NewProductLaunch,New,0,
992,2024-02-22,42933,123,HCM1,North,Tiktok Ads,FlashSaleWeekend,Converted,1,499.0
993,2024-04-04,53469,161,HCM1,North,Zalo OA,SummerSale,NoAnswer,0,
994,2023-12-18,43687,138,HCM2,Central,Tiktok Ads,12.12,New,0,
995,2024-11-28,62656,83,HN1,South,Email Marketing,SummerSale,Converted,1,2747.0
996,2024-11-09,27375,30,DN1,North,Email Marketing,11.11,New,0,
997,2024-10-27,75206,22,DN1,Central,Website SEO,BackToSchool,NoAnswer,0,
998,2024-11-28,46607,3,HN1,Central,Google Ads,11.11,Converted,1,628.0
999,2024-03-18,93178,101,DN1,North,Facebook Ads,SummerSale,Cancelled,0,
1000,2024-05-14,33993,105,HCM2,South,Website SEO,SummerSale,Calling,0,
1001,2024-10-20,54386,176,CT1,Central,Website SEO,SummerSale,Converted,1,192.0
1002,2024-04-29,56287,2,HCM1,South,Facebook Ads,11.11,Converted,1,1769.0
1003,2024-08-17,96724,54,HN1,South,Facebook Ads,FlashSaleWeekend,NoAnswer,0,
1004,2024-08-13,86312,6,HCM1,Central,Email Marketing,BackToSchool,Calling,0,
1005,2024-01-14,85324,107,CT1,North,Email Marketing,12.12,Converted,1,1071.0
1006,2024-01-23,81196,168,HN1,South,Zalo OA,FlashSaleWeekend,NoAnswer,0,
1007,2024-07-30,80014,123,CT1,North,Tiktok Ads,12.12,NoAnswer,0,
1008,2024-01-19,18210,2,DN1,Central,Email Marketing,Tet2024,Calling,0,
1009,2024-07-24,20922,111,DN1,South,Website SEO,Tet2024,Converted,1,1140.0
1010,2023-12-20,46289,2,DN1,North,Zalo OA,SummerSale,Calling,0,
1011,2024-10-31,43340,93,CT1,North,Zalo OA,BackToSchool,Converted,1,2414.0
1012,2024-07-21,49850,183,CT1,South,Website SEO,BackToSchool,Cancelled,0,
1013,2024-02-27,66984,101,CT1,North,Email Marketing,NewProductLaunch,NoAnswer,0,
1014,2023-12-18,94178,188,HCM1,North,Website SEO,NewProductLaunch,Converted,1,445.0
1015,2024-11-13,21094,97,CT1,Central,Google Ads,FlashSaleWeekend,Converted,1,777.0
1016,2024-04-26,97959,111,DN1,Central,Email Marketing,11.11,NoAnswer,0,
1017,2024-04-10,43418,6,HCM2,North,Tiktok Ads,NewProductLaunch,NoAnswer,0,
1018,2024-12-17,15741,127,CT1,North,Website SEO,FlashSaleWeekend,Converted,1,433.0
1019,2024-03-17,82374,104,HCM2,South,Email Marketing,12.12,Converted,1,473.0
1020,2024-02-14,78798,147,DN1,Central,Facebook Ads,12.12,Cancelled,0,
1021,2024-06-25,80532,155,CT1,South,Google Ads,FlashSaleWeekend,Calling,0,
1022,2024-11-13,32164,1,HCM1,North,Tiktok Ads,11.11,Converted,1,1106.0
1023,2024-07-04,45595,33,HCM1,South,Email Marketing,Tet2024,Converted,1,2311.0
1024,2024-01-09,40257,40,HCM2,North,Facebook Ads,SummerSale,Converted,1,1891.0
1025,2024-06-04,24211,32,HCM1,Central,Email Marketing,BackToSchool,NoAnswer,0,
1026,2024-10-09,15232,197,HCM1,Central,Facebook Ads,Tet2024,Calling,0,
1027,2024-04-25,77753,17,HCM1,North,Tiktok Ads,FlashSaleWeekend,Converted,1,480.0
1028,2024-11-04,62691,126,DN1,Central,Google Ads,12.12,Cancelled,0,
1029,2024-04-10,99765,8,HCM1,North,Facebook Ads,Tet2024,New,0,
1030,2024-11-02,89768,57,HN1,South,Zalo OA,11.11,Calling,0,
1031,2024-09-14,35613,42,CT1,North,Tiktok Ads,SummerSale,Cancelled,0,
1032,2024-07-13,24026,98,HCM1,South,Tiktok Ads,12.12,New,0,
1033,2024-07-26,63535,137,HCM1,North,Website SEO,11.11,Converted,1,2474.0
1034,2024-01-03,40908,120,HCM1,Central,Google Ads,FlashSaleWeekend,Converted,1,1051.0
1035,2024-04-05,62113,87,HN1,North,Zalo OA,Tet2024,NoAnswer,0,
1036,2024-05-02,29610,163,HCM1,North,Zalo OA,BackToSchool,NoAnswer,0,
1037,2024-01-30,56646,199,HCM1,North,Website SEO,NewProductLaunch,Calling,0,
1038,2023-12-15,73185,181,CT1,Central,Facebook Ads,11.11,Converted,1,1653.0
1039,2024-03-13,82567,54,HN1,North,Facebook Ads,12.12,New,0,
1040,2024-05-04,57574,84,HN1,Central,Zalo OA,Tet2024,Converted,1,8.0
1041,2024-10-29,46182,25,HCM1,North,Google Ads,NewProductLaunch,Cancelled,0,
1042,2024-01-21,10570,67,HN1,South,Facebook Ads,NewProductLaunch,NoAnswer,0,
1043,2024-10-02,29288,190,HCM2,North,Tiktok Ads,Tet2024,Converted,1,1223.0
1044,2024-12-30,88824,183,HN1,South,Email Marketing,SummerSale,NoAnswer,0,
1045,2024-05-01,39877,174,HN1,Central,Website SEO,Tet2024,New,0,
1046,2024-12-04,94425,152,HN1,Central,Google Ads,12.12,Cancelled,0,
1047,2024-11-11,10917,46,DN1,North,Facebook Ads,FlashSaleWeekend,NoAnswer,0,
1048,2024-08-29,85602,22,DN1,Central,Email Marketing,BackToSchool,NoAnswer,0,
1049,2024-05-23,74575,139,DN1,North,Zalo OA,12.12,Calling,0,
1050,2024-06-09,82518,176,HN1,Central,Website SEO,FlashSaleWeekend,Converted,1,815.0
1051,2023-12-24,49104,8,HCM2,South,Facebook Ads,NewProductLaunch,Converted,1,1818.0
1052,2024-08-31,28062,39,HN1,Central,Zalo OA,BackToSchool,Converted,1,358.0
1053,2024-04-30,26999,163,HCM1,South,Facebook Ads,11.11,Cancelled,0,
1054,2024-06-03,71845,49,HCM2,North,Website SEO,NewProductLaunch,Converted,1,702.0
1055,2023-12-27,19941,46,DN1,North,Tiktok Ads,SummerSale,NoAnswer,0,
1056,2024-05-30,71169,38,CT1,North,Tiktok Ads,Tet2024,New,0,
1057,2024-04-22,33470,136,HCM2,South,Email Marketing,11.11,NoAnswer,0,
1058,2024-03-07,69821,54,DN1,North,Zalo OA,12.12,Converted,1,782.0
1059,2024-10-30,96669,165,HCM2,North,Tiktok Ads,BackToSchool,Cancelled,0,
1060,2024-10-28,54435,92,HCM2,South,Website SEO,11.11,Converted,1,185.0
1061,2024-03-24,14529,40,HN1,Central,Zalo OA,SummerSale,Calling,0,
1062,2024-11-07,93055,34,HCM1,North,Facebook Ads,Tet2024,NoAnswer,0,
1063,2024-09-12,22192,96,CT1,Central,Google Ads,11.11,New,0,
1064,2024-09-04,84102,79,DN1,Central,Facebook Ads,12.12,Converted,1,2042.0
1065,2024-01-21,82762,127,HCM2,North,Website SEO,BackToSchool,NoAnswer,0,
1066,2024-03-17,96795,17,CT1,North,Email Marketing,11.11,Converted,1,30.0
1067,2024-03-18,44087,161,HCM2,South,Zalo OA,Tet2024,Converted,1,1933.0
1068,2024-10-14,76677,175,HCM1,South,Facebook Ads,12.12,Converted,1,2984.0
1069,2024-02-21,14627,110,CT1,North,Zalo OA,11.11,New,0,
1070,2024-10-27,66541,52,DN1,Central,Tiktok Ads,BackToSchool,Converted,1,1317.0
1071,2024-08-06,78226,118,HCM2,South,Google Ads,Tet2024,Converted,1,1197.0
1072,2024-11-12,13255,9,HCM1,South,Website SEO,SummerSale,Cancelled,0,
1073,2024-12-21,67433,33,CT1,North,Facebook Ads,SummerSale,Converted,1,86.0
1074,2024-12-24,15213,188,HCM2,North,Google Ads,NewProductLaunch,Calling,0,
1075,2024-04-29,29404,113,HCM2,North,Website SEO,11.11,Cancelled,0,
1076,2024-02-28,35380,149,DN1,North,Website SEO,BackToSchool,NoAnswer,0,
1077,2024-01-18,29173,186,HCM1,South,Email Marketing,11.11,NoAnswer,0,
1078,2023-12-15,63027,85,HN1,South,Tiktok Ads,Tet2024,Calling,0,
1079,2024-10-05,33989,197,HCM2,South,Email Marketing,NewProductLaunch,New,0,
1080,2024-10-29,34519,10,CT1,Central,Email Marketing,BackToSchool,Converted,1,683.0
1081,2024-02-12,32439,6,DN1,South,Zalo OA,11.11,Converted,1,272.0
1082,2024-10-29,86949,115,DN1,South,Zalo OA,BackToSchool,Converted,1,2885.0
1083,2024-11-27,24995,121,HCM2,North,Google Ads,Tet2024,Cancelled,0,
1084,2024-11-06,33559,141,HCM2,South,Tiktok Ads,NewProductLaunch,Converted,1,2161.0
1085,2024-09-06,99049,65,HCM2,South,Website SEO,BackToSchool,New,0,
1086,2024-12-09,15021,20,HN1,South,Tiktok Ads,Tet2024,Converted,1,1418.0
1087,2024-07-30,31119,57,HCM2,North,Tiktok Ads,SummerSale,NoAnswer,0,
1088,2024-09-09,61539,46,HCM1,South,Google Ads,BackToSchool,New,0,
1089,2024-10-25,49350,136,CT1,South,Zalo OA,NewProductLaunch,Converted,1,2653.0
1090,2024-09-25,56223,10,HCM2,Central,Tiktok Ads,FlashSaleWeekend,Cancelled,0,
1091,2024-09-30,35517,113,HN1,Central,Tiktok Ads,12.12,New,0,
1092,2024-07-14,88653,195,CT1,Central,Tiktok Ads,12.12,Converted,1,1011.0
1093,2024-05-27,32250,139,DN1,Central,Facebook Ads,BackToSchool,NoAnswer,0,
1094,2023-12-19,94486,12,HCM2,North,Tiktok Ads,BackToSchool,Cancelled,0,
1095,2024-11-17,92895,138,CT1,Central,Tiktok Ads,Tet2024,New,0,
1096,2024-12-27,99132,153,DN1,South,Website SEO,11.11,New,0,
1097,2024-03-01,76798,177,HN1,Central,Email Marketing,12.12,Cancelled,0,
1098,2024-02-14,64199,177,HCM1,North,Facebook Ads,11.11,Converted,1,295.0
1099,2024-04-24,69546,11,HCM2,Central,Tiktok Ads,12.12,NoAnswer,0,
1100,2024-03-12,98151,190,HCM1,Central,Email Marketing,BackToSchool,Converted,1,1768.0
1101,2024-08-07,13327,118,HN1,North,Tiktok Ads,NewProductLaunch,Cancelled,0,
1102,2024-01-25,39768,164,CT1,North,Google Ads,NewProductLaunch,NoAnswer,0,
1103,2024-03-12,74418,39,CT1,North,Google Ads,FlashSaleWeekend,Converted,1,2350.0
1104,2024-10-05,52788,53,HN1,North,Email Marketing,12.12,Converted,1,1332.0
1105,2024-11-06,92384,56,HN1,North,Facebook Ads,12.12,Converted,1,2172.0
1106,2024-10-04,56830,104,HCM2,North,Website SEO,Tet2024,Converted,1,2717.0
1107,2024-03-27,62446,129,DN1,South,Facebook Ads,BackToSchool,New,0,
1108,2023-12-28,25160,56,HCM1,Central,Facebook Ads,BackToSchool,Cancelled,0,
1109,2024-09-27,66583,118,HCM1,Central,Google Ads,FlashSaleWeekend,Converted,1,2399.0
1110,2024-06-10,43998,132,CT1,North,Google Ads,11.11,NoAnswer,0,
1111,2024-04-17,37230,30,CT1,North,Website SEO,Tet2024,Cancelled,0,
1112,2024-12-01,19076,12,HCM2,South,Tiktok Ads,SummerSale,New,0,
1113,2024-01-06,79341,35,HN1,South,Website SEO,NewProductLaunch,Converted,1,2248.0
1114,2024-02-15,41085,77,HCM1,North,Tiktok Ads,NewProductLaunch,Cancelled,0,
1115,2024-05-05,65571,180,HCM2,South,Email Marketing,BackToSchool,New,0,
1116,2024-05-15,24715,159,CT1,South,Email Marketing,FlashSaleWeekend,New,0,
1117,2024-05-07,15750,102,CT1,North,Zalo OA,Tet2024,Converted,1,1604.0
1118,2024-07-26,88768,87,HCM1,North,Google Ads,SummerSale,New,0,
1119,2024-10-18,45903,196,CT1,North,Zalo OA,NewProductLaunch,NoAnswer,0,
1120,2024-03-27,82489,52,CT1,North,Zalo OA,Tet2024,Converted,1,745.0
1121,2024-03-27,42093,80,DN1,Central,Google Ads,SummerSale,Converted,1,2746.0
1122,2024-01-22,97954,135,HN1,Central,Zalo OA,12.12,Converted,1,1861.0
1123,2024-06-29,44314,22,CT1,North,Facebook Ads,BackToSchool,Converted,1,1466.0
1124,2024-04-26,58225,75,DN1,South,Tiktok Ads,11.11,NoAnswer,0,
1125,2024-02-19,97985,184,HCM2,North,Website SEO,NewProductLaunch,Calling,0,
1126,2024-06-10,93014,58,CT1,Central,Google Ads,NewProductLaunch,NoAnswer,0,
1127,2024-01-25,45179,93,HCM2,South,Facebook Ads,SummerSale,Converted,1,2950.0
1128,2023-12-29,35338,192,CT1,Central,Email Marketing,11.11,Calling,0,
1129,2024-04-03,79681,103,HCM1,North,Website SEO,12.12,Converted,1,1367.0
1130,2024-05-19,42101,140,DN1,Central,Website SEO,Tet2024,Converted,1,2172.0
1131,2024-09-28,12775,7,DN1,Central,Website SEO,BackToSchool,Cancelled,0,
1132,2024-08-01,55619,128,HCM1,Central,Zalo OA,Tet2024,New,0,
1133,2024-05-19,55838,55,HN1,South,Zalo OA,SummerSale,NoAnswer,0,
1134,2024-01-21,29539,106,DN1,Central,Zalo OA,NewProductLaunch,New,0,
1135,2024-03-20,67124,62,HCM2,South,Zalo OA,12.12,Calling,0,
1136,2024-09-28,75149,90,DN1,North,Facebook Ads,NewProductLaunch,Converted,1,1143.0
1137,2024-08-24,36616,98,HN1,North,Zalo OA,Tet2024,NoAnswer,0,
1138,2024-06-27,89655,77,HCM2,Central,Google Ads,12.12,NoAnswer,0,
1139,2024-03-09,64567,183,HCM2,South,Website SEO,FlashSaleWeekend,NoAnswer,0,
1140,2024-10-31,47099,119,HCM1,North,Facebook Ads,BackToSchool,Converted,1,2929.0
1141,2023-12-24,85831,36,CT1,South,Email Marketing,SummerSale,Converted,1,1655.0
1142,2023-12-19,71799,89,HCM1,South,Zalo OA,BackToSchool,Converted,1,2399.0
1143,2024-04-15,35479,152,CT1,Central,Email Marketing,SummerSale,Converted,1,1673.0
1144,2024-11-08,56172,172,HCM1,Central,Website SEO,BackToSchool,NoAnswer,0,
1145,2024-12-01,65863,145,CT1,South,Facebook Ads,FlashSaleWeekend,New,0,
1146,2024-04-10,52043,130,DN1,South,Website SEO,Tet2024,NoAnswer,0,
1147,2024-10-03,92569,141,HCM2,Central,Email Marketing,11.11,Calling,0,
1148,2024-05-21,25408,159,CT1,South,Facebook Ads,12.12,Converted,1,2515.0
1149,2024-10-12,67980,93,DN1,Central,Tiktok Ads,SummerSale,NoAnswer,0,
1150,2024-07-29,92956,114,HN1,South,Facebook Ads,Tet2024,Calling,0,
1151,2024-12-13,26351,28,HCM1,Central,Zalo OA,NewProductLaunch,Converted,1,1318.0
1152,2024-07-17,14131,188,HN1,South,Email Marketing,NewProductLaunch,Converted,1,602.0
1153,2024-06-15,54825,155,DN1,Central,Website SEO,BackToSchool,Converted,1,2788.0
1154,2023-12-29,21349,143,HN1,South,Website SEO,NewProductLaunch,Calling,0,
1155,2024-05-19,70931,33,HN1,North,Website SEO,11.11,Converted,1,1092.0
1156,2024-04-28,54254,20,DN1,North,Google Ads,SummerSale,New,0,
1157,2024-08-31,48225,170,HCM2,South,Google Ads,BackToSchool,NoAnswer,0,
1158,2024-05-19,22453,140,CT1,North,Zalo OA,SummerSale,Converted,1,2572.0
1159,2024-01-30,28814,101,HCM1,South,Tiktok Ads,SummerSale,Converted,1,2735.0
1160,2024-11-02,28263,23,CT1,South,Google Ads,FlashSaleWeekend,Calling,0,
1161,2024-11-10,87694,112,HCM1,North,Facebook Ads,Tet2024,NoAnswer,0,
1162,2024-06-04,25735,14,CT1,South,Email Marketing,NewProductLaunch,New,0,
1163,2024-04-22,25830,91,HN1,Central,Zalo OA,12.12,New,0,
1164,2024-03-18,57893,153,HCM2,South,Tiktok Ads,SummerSale,Converted,1,1318.0
1165,2024-04-07,54673,77,HN1,South,Facebook Ads,11.11,NoAnswer,0,
1166,2024-08-13,99462,85,HCM2,North,Website SEO,FlashSaleWeekend,Converted,1,2871.0
1167,2024-10-01,55066,109,DN1,Central,Google Ads,11.11,Converted,1,564.0
1168,2024-09-21,13373,31,HCM1,South,Facebook Ads,12.12,Calling,0,
1169,2024-10-08,20335,122,HCM1,South,Tiktok Ads,NewProductLaunch,Cancelled,0,
1170,2024-09-22,33741,107,DN1,South,Zalo OA,NewProductLaunch,Cancelled,0,
1171,2024-02-21,20692,54,CT1,South,Facebook Ads,BackToSchool,New,0,
1172,2024-05-10,57295,133,DN1,South,Zalo OA,BackToSchool,Calling,0,
1173,2023-12-25,55541,141,DN1,South,Website SEO,BackToSchool,Cancelled,0,
1174,2024-08-24,44057,156,HCM2,Central,Tiktok Ads,NewProductLaunch,Converted,1,766.0
1175,2024-11-08,76983,43,DN1,Central,Tiktok Ads,SummerSale,Calling,0,
1176,2024-12-08,29583,89,HCM1,South,Google Ads,Tet2024,Converted,1,2307.0
1177,2024-01-21,32765,115,HN1,South,Email Marketing,12.12,NoAnswer,0,
1178,2024-04-26,69287,99,HCM2,North,Tiktok Ads,FlashSaleWeekend,Converted,1,2355.0
1179,2024-07-01,33906,47,HCM2,Central,Facebook Ads,12.12,Converted,1,568.0
1180,2024-01-06,95103,71,CT1,Central,Facebook Ads,12.12,New,0,
1181,2024-10-12,89675,166,HN1,South,Facebook Ads,BackToSchool,Converted,1,2069.0
1182,2024-11-24,56525,67,HCM2,Central,Website SEO,Tet2024,Converted,1,231.0
1183,2024-10-11,48230,62,DN1,Central,Tiktok Ads,11.11,Converted,1,82.0
1184,2024-12-11,29520,109,HCM2,North,Tiktok Ads,NewProductLaunch,Converted,1,217.0
1185,2024-07-19,95238,167,HCM2,North,Facebook Ads,11.11,NoAnswer,0,
1186,2024-05-03,61934,37,HCM2,Central,Google Ads,BackToSchool,NoAnswer,0,
1187,2024-03-27,35566,119,CT1,Central,Google Ads,SummerSale,NoAnswer,0,
1188,2024-07-11,83193,86,HCM2,Central,Tiktok Ads,FlashSaleWeekend,Calling,0,
1189,2024-04-03,40134,126,HCM2,South,Tiktok Ads,FlashSaleWeekend,Converted,1,753.0
1190,2024-03-27,20345,136,CT1,North,Zalo OA,BackToSchool,Converted,1,594.0
1191,2024-10-25,51185,52,HN1,South,Tiktok Ads,Tet2024,Cancelled,0,
1192,2024-06-02,80744,91,HCM1,North,Facebook Ads,FlashSaleWeekend,Converted,1,2752.0
1193,2024-12-04,43455,33,CT1,North,Email Marketing,BackToSchool,Converted,1,2973.0
1194,2024-11-02,38018,81,CT1,North,Website SEO,12.12,NoAnswer,0,
1195,2024-04-25,64219,42,HCM2,Central,Tiktok Ads,SummerSale,New,0,
1196,2024-12-24,55991,112,HCM2,North,Tiktok Ads,SummerSale,Calling,0,
1197,2024-10-02,83616,126,HCM1,South,Facebook Ads,NewProductLaunch,Converted,1,783.0
1198,2024-11-06,97438,155,HCM2,North,Zalo OA,NewProductLaunch,Converted,1,2135.0
1199,2024-04-19,19486,136,DN1,South,Email Marketing,12.12,Cancelled,0,
1200,2024-03-29,48862,151,HCM2,North,Tiktok Ads,SummerSale,NoAnswer,0,
1201,2024-03-15,68870,106,HCM2,North,Google Ads,12.12,Converted,1,587.0
1202,2024-09-26,96694,125,DN1,Central,Google Ads,SummerSale,Converted,1,1502.0
1203,2024-12-26,53856,113,HCM1,South,Google Ads,Tet2024,Converted,1,2546.0
1204,2024-02-03,96055,64,DN1,North,Website SEO,BackToSchool,Converted,1,2955.0
1205,2024-01-12,41379,123,CT1,North,Website SEO,NewProductLaunch,New,0,
1206,2024-10-05,74729,114,DN1,South,Email Marketing,Tet2024,NoAnswer,0,
1207,2024-10-06,38378,20,HN1,North,Tiktok Ads,FlashSaleWeekend,Cancelled,0,
1208,2024-07-15,64353,16,CT1,Central,Tiktok Ads,BackToSchool,Converted,1,588.0
1209,2024-09-06,59996,145,HCM2,South,Tiktok Ads,NewProductLaunch,Cancelled,0,
1210,2024-08-27,24031,19,CT1,Central,Website SEO,FlashSaleWeekend,Converted,1,2511.0
1211,2024-10-11,90072,120,HCM1,South,Email Marketing,12.12,NoAnswer,0,
1212,2024-03-24,75982,136,HCM1,South,Tiktok Ads,FlashSaleWeekend,Converted,1,1021.0
1213,2024-11-24,46683,166,DN1,South,Facebook Ads,Tet2024,NoAnswer,0,
1214,2024-04-02,27618,38,CT1,North,Zalo OA,11.11,Calling,0,
1215,2024-06-13,16587,181,HCM2,South,Google Ads,FlashSaleWeekend,Converted,1,1132.0
1216,2024-10-22,72790,93,HCM1,South,Google Ads,11.11,Cancelled,0,
1217,2023-12-15,41480,105,HCM2,South,Facebook Ads,NewProductLaunch,Converted,1,2517.0
1218,2024-10-28,30527,100,HN1,Central,Tiktok Ads,Tet2024,Cancelled,0,
1219,2024-02-07,33569,90,HCM1,South,Email Marketing,FlashSaleWeekend,NoAnswer,0,
1220,2024-12-19,21151,159,DN1,North,Email Marketing,BackToSchool,Converted,1,91.0
1221,2024-05-11,81094,44,HN1,South,Website SEO,FlashSaleWeekend,Converted,1,1480.0
1222,2024-10-18,69174,188,CT1,South,Tiktok Ads,BackToSchool,New,0,
1223,2024-04-29,54739,76,HCM2,Central,Email Marketing,Tet2024,Converted,1,2432.0
1224,2024-07-03,42954,145,HCM1,North,Tiktok Ads,11.11,NoAnswer,0,
1225,2024-10-22,45303,79,HN1,North,Google Ads,Tet2024,NoAnswer,0,
1226,2024-04-09,44700,73,HN1,North,Google Ads,11.11,Cancelled,0,
1227,2024-05-16,77568,167,HCM1,South,Website SEO,11.11,Calling,0,
1228,2024-09-30,76788,170,CT1,South,Google Ads,12.12,NoAnswer,0,
1229,2024-02-15,81045,176,CT1,North,Tiktok Ads,12.12,New,0,
1230,2024-08-14,47842,140,DN1,North,Facebook Ads,BackToSchool,New,0,
1231,2024-01-08,23900,96,CT1,Central,Website SEO,NewProductLaunch,Converted,1,575.0
1232,2024-03-13,90059,89,DN1,North,Facebook Ads,SummerSale,NoAnswer,0,
1233,2024-02-27,11881,103,HN1,South,Tiktok Ads,Tet2024,Converted,1,2548.0
1234,2024-10-03,43037,146,HCM1,South,Website SEO,11.11,Converted,1,828.0
1235,2024-07-11,11630,6,CT1,South,Facebook Ads,Tet2024,New,0,
1236,2024-11-25,30789,122,DN1,Central,Website SEO,NewProductLaunch,New,0,
1237,2023-12-31,98059,171,HN1,North,Tiktok Ads,NewProductLaunch,NoAnswer,0,
1238,2024-04-20,93494,116,CT1,South,Email Marketing,SummerSale,Converted,1,351.0
1239,2024-12-12,56151,163,HCM2,Central,Website SEO,FlashSaleWeekend,New,0,
1240,2024-08-21,58920,182,HN1,Central,Email Marketing,SummerSale,New,0,
1241,2024-06-10,77231,62,CT1,South,Tiktok Ads,11.11,Converted,1,2152.0
1242,2024-06-13,90357,197,HN1,Central,Website SEO,12.12,Converted,1,620.0
1243,2024-05-14,13262,144,HCM1,Central,Website SEO,FlashSaleWeekend,NoAnswer,0,
1244,2024-01-08,76981,136,HCM1,South,Email Marketing,SummerSale,Cancelled,0,
1245,2024-06-11,91972,89,HCM1,Central,Google Ads,12.12,Converted,1,2435.0
1246,2024-06-29,85485,96,HCM2,South,Email Marketing,FlashSaleWeekend,Converted,1,2992.0
1247,2024-11-22,64722,126,HCM1,South,Email Marketing,12.12,Calling,0,
1248,2024-05-23,99499,90,HCM2,Central,Email Marketing,11.11,Calling,0,
1249,2024-06-08,60818,86,HCM1,South,Tiktok Ads,BackToSchool,Converted,1,1233.0
1250,2024-09-24,39932,159,HN1,South,Zalo OA,12.12,Converted,1,2531.0
1251,2024-02-15,16901,138,CT1,North,Email Marketing,11.11,Converted,1,473.0
1252,2024-05-12,18597,184,CT1,South,Website SEO,SummerSale,Cancelled,0,
1253,2024-05-16,73909,121,HCM1,North,Facebook Ads,Tet2024,Converted,1,2990.0
1254,2024-05-18,82391,76,CT1,North,Google Ads,SummerSale,NoAnswer,0,
1255,2024-12-18,94214,92,HCM1,North,Email Marketing,NewProductLaunch,Cancelled,0,
1256,2024-02-01,18263,70,HCM1,North,Email Marketing,SummerSale,Converted,1,516.0
1257,2024-11-15,73293,148,DN1,Central,Google Ads,BackToSchool,Calling,0,
1258,2024-03-07,35805,133,DN1,Central,Email Marketing,11.11,Converted,1,1376.0
1259,2024-12-09,21874,23,DN1,South,Website SEO,12.12,Calling,0,
1260,2024-06-08,96402,137,HCM2,South,Zalo OA,NewProductLaunch,Converted,1,2095.0
1261,2024-05-10,24079,58,DN1,South,Email Marketing,11.11,Calling,0,
1262,2024-04-10,59850,187,HCM1,Central,Google Ads,11.11,Converted,1,543.0
1263,2024-11-20,82779,182,HN1,North,Email Marketing,12.12,Calling,0,
1264,2024-02-15,19018,46,DN1,Central,Tiktok Ads,FlashSaleWeekend,Converted,1,1060.0
1265,2024-06-20,59500,22,DN1,Central,Website SEO,SummerSale,Converted,1,757.0
1266,2024-12-08,22100,192,HN1,South,Website SEO,Tet2024,NoAnswer,0,
1267,2024-02-01,67021,8,HCM1,South,Zalo OA,FlashSaleWeekend,Calling,0,
1268,2024-11-05,29800,123,HCM2,South,Tiktok Ads,NewProductLaunch,Calling,0,
1269,2024-08-27,73400,20,DN1,North,Tiktok Ads,12.12,Converted,1,483.0
1270,2024-07-25,39437,179,HN1,North,Zalo OA,BackToSchool,NoAnswer,0,
1271,2024-05-03,86537,78,HCM1,Central,Facebook Ads,BackToSchool,Cancelled,0,
1272,2024-07-16,56675,39,CT1,North,Email Marketing,Tet2024,NoAnswer,0,
1273,2024-12-27,29942,37,HCM2,South,Tiktok Ads,Tet2024,Converted,1,296.0
1274,2024-07-12,30862,178,HN1,North,Facebook Ads,SummerSale,Calling,0,
1275,2024-10-27,21669,162,HN1,North,Facebook Ads,BackToSchool,New,0,
1276,2024-01-15,63772,75,HN1,North,Website SEO,NewProductLaunch,Converted,1,2043.0
1277,2024-05-20,25916,118,DN1,North,Email Marketing,12.12,Converted,1,175.0
1278,2024-09-24,20878,104,CT1,South,Website SEO,Tet2024,NoAnswer,0,
1279,2024-10-14,12985,161,HCM2,South,Google Ads,Tet2024,Converted,1,2104.0
1280,2024-09-25,83648,31,HCM1,Central,Website SEO,Tet2024,Converted,1,2389.0
1281,2024-05-06,51235,123,HCM1,Central,Tiktok Ads,12.12,NoAnswer,0,
1282,2024-01-02,28931,54,CT1,Central,Tiktok Ads,NewProductLaunch,Cancelled,0,
1283,2024-01-01,10336,172,HN1,North,Email Marketing,BackToSchool,Converted,1,1775.0
1284,2024-08-27,52933,34,HN1,North,Facebook Ads,FlashSaleWeekend,Calling,0,
1285,2024-03-01,94899,199,HN1,South,Tiktok Ads,NewProductLaunch,New,0,
1286,2024-12-19,55536,122,HN1,Central,Website SEO,12.12,NoAnswer,0,
1287,2024-06-06,79504,113,HN1,South,Website SEO,NewProductLaunch,Converted,1,758.0
1288,2024-06-25,61148,62,CT1,Central,Email Marketing,SummerSale,NoAnswer,0,
1289,2024-04-05,26279,23,DN1,Central,Website SEO,FlashSaleWeekend,Converted,1,2598.0
1290,2024-04-06,78665,46,HCM2,Central,Zalo OA,12.12,NoAnswer,0,
1291,2024-07-23,81386,56,HN1,North,Email Marketing,FlashSaleWeekend,Converted,1,2221.0
1292,2024-05-28,96124,135,DN1,Central,Email Marketing,FlashSaleWeekend,Converted,1,105.0
1293,2024-10-28,87485,118,HCM1,Central,Tiktok Ads,Tet2024,New,0,
1294,2024-04-24,84055,189,CT1,North,Email Marketing,BackToSchool,Converted,1,1423.0
1295,2024-09-03,87273,131,DN1,Central,Google Ads,FlashSaleWeekend,NoAnswer,0,
1296,2024-02-07,76670,166,HN1,North,Tiktok Ads,SummerSale,Converted,1,2690.0
1297,2024-12-07,86474,162,HN1,North,Tiktok Ads,SummerSale,NoAnswer,0,
1298,2024-04-23,64028,113,HN1,South,Zalo OA,12.12,New,0,
1299,2024-09-27,81128,44,DN1,North,Tiktok Ads,11.11,Converted,1,194.0
1300,2024-09-05,28108,128,HN1,North,Facebook Ads,Tet2024,Converted,1,2891.0
1301,2024-12-14,62495,108,DN1,North,Website SEO,BackToSchool,NoAnswer,0,
1302,2024-05-24,92806,158,HN1,Central,Website SEO,BackToSchool,New,0,
1303,2024-12-28,86533,17,HCM1,South,Email Marketing,BackToSchool,Cancelled,0,
1304,2024-03-10,66830,59,HCM1,Central,Zalo OA,12.12,Converted,1,1887.0
1305,2024-02-07,84640,138,HCM2,North,Website SEO,Tet2024,New,0,
1306,2024-09-27,62509,99,HN1,North,Facebook Ads,FlashSaleWeekend,Cancelled,0,
1307,2024-06-09,76406,84,HN1,South,Zalo OA,FlashSaleWeekend,New,0,
1308,2024-11-27,49519,146,DN1,South,Google Ads,12.12,Converted,1,1969.0
1309,2023-12-22,59649,45,DN1,North,Website SEO,BackToSchool,Calling,0,
1310,2024-10-30,44524,108,HN1,North,Tiktok Ads,FlashSaleWeekend,NoAnswer,0,
1311,2024-10-22,43885,187,HCM2,Central,Facebook Ads,NewProductLaunch,Cancelled,0,
1312,2024-08-17,54369,62,HN1,North,Facebook Ads,NewProductLaunch,NoAnswer,0,
1313,2024-11-01,40676,59,DN1,Central,Website SEO,Tet2024,Converted,1,221.0
1314,2024-08-25,74093,177,HN1,South,Email Marketing,BackToSchool,Converted,1,876.0
1315,2024-11-06,57764,191,DN1,Central,Google Ads,12.12,Converted,1,2726.0
1316,2024-02-06,60799,160,HN1,North,Tiktok Ads,11.11,NoAnswer,0,
1317,2024-08-19,89414,138,CT1,Central,Google Ads,11.11,Converted,1,2710.0
1318,2024-08-09,82307,11,DN1,Central,Google Ads,11.11,New,0,
1319,2024-07-30,92062,102,HCM2,South,Website SEO,NewProductLaunch,Calling,0,
1320,2024-02-19,41923,70,CT1,Central,Tiktok Ads,12.12,Converted,1,225.0
1321,2024-02-03,88388,123,HN1,North,Website SEO,11.11,New,0,
1322,2024-03-20,57574,190,DN1,Central,Website SEO,BackToSchool,NoAnswer,0,
1323,2024-03-15,53391,175,CT1,Central,Email Marketing,BackToSchool,Converted,1,188.0
1324,2024-09-03,63664,34,HCM2,Central,Facebook Ads,11.11,New,0,
1325,2024-09-30,77384,101,DN1,North,Email Marketing,SummerSale,Converted,1,2691.0
1326,2024-03-19,41027,145,CT1,Central,Email Marketing,11.11,Converted,1,963.0
1327,2024-03-11,45464,104,CT1,North,Website SEO,SummerSale,Cancelled,0,
1328,2024-03-01,44485,182,CT1,Central,Email Marketing,Tet2024,Calling,0,
1329,2024-09-27,29456,40,HCM1,South,Email Marketing,Tet2024,NoAnswer,0,
1330,2024-04-12,84795,19,HN1,South,Zalo OA,BackToSchool,New,0,
1331,2024-10-11,45554,67,DN1,South,Tiktok Ads,12.12,Cancelled,0,
1332,2024-05-27,56922,82,DN1,North,Facebook Ads,NewProductLaunch,Converted,1,1564.0
1333,2024-06-13,23409,181,DN1,North,Tiktok Ads,12.12,Calling,0,
1334,2024-07-24,79327,64,CT1,North,Facebook Ads,BackToSchool,New,0,
1335,2024-10-20,46639,83,HN1,Central,Zalo OA,BackToSchool,New,0,
1336,2023-12-21,73627,47,HCM2,North,Website SEO,12.12,NoAnswer,0,
1337,2024-11-08,93424,6,DN1,North,Facebook Ads,NewProductLaunch,Converted,1,998.0
1338,2024-09-02,29692,16,HN1,North,Facebook Ads,BackToSchool,Cancelled,0,
1339,2024-05-23,99037,146,HN1,North,Facebook Ads,FlashSaleWeekend,Converted,1,1590.0
1340,2024-05-13,88840,180,HCM1,South,Zalo OA,FlashSaleWeekend,Calling,0,
1341,2024-03-08,64200,176,DN1,Central,Tiktok Ads,NewProductLaunch,New,0,
1342,2024-05-09,67415,171,CT1,South,Zalo OA,BackToSchool,Calling,0,
1343,2024-04-04,28074,39,HN1,Central,Facebook Ads,FlashSaleWeekend,Cancelled,0,
1344,2024-12-29,25549,177,HN1,Central,Email Marketing,Tet2024,Converted,1,1815.0
1345,2024-01-19,39963,113,HCM2,South,Facebook Ads,SummerSale,NoAnswer,0,
1346,2024-09-24,62265,140,HCM1,North,Email Marketing,BackToSchool,Converted,1,1110.0
1347,2024-06-19,26061,138,HN1,South,Website SEO,SummerSale,NoAnswer,0,
1348,2024-03-05,68226,71,HN1,Central,Zalo OA,11.11,Converted,1,54.0
1349,2023-12-16,38810,110,CT1,Central,Email Marketing,FlashSaleWeekend,NoAnswer,0,
1350,2024-10-12,70006,55,CT1,North,Zalo OA,BackToSchool,Calling,0,
1351,2024-06-28,32800,129,HCM2,South,Google Ads,Tet2024,Calling,0,
1352,2023-12-25,85476,49,HCM2,Central,Tiktok Ads,NewProductLaunch,New,0,
1353,2024-08-04,79460,164,HCM2,South,Google Ads,Tet2024,Converted,1,373.0
1354,2024-06-26,67767,21,CT1,North,Email Marketing,SummerSale,Cancelled,0,
1355,2024-04-11,38054,37,CT1,North,Google Ads,NewProductLaunch,Cancelled,0,
1356,2024-01-03,85319,116,HCM1,Central,Tiktok Ads,Tet2024,Cancelled,0,
1357,2024-08-31,55397,24,DN1,North,Email Marketing,Tet2024,Calling,0,
1358,2024-10-02,23233,55,DN1,Central,Website SEO,Tet2024,Converted,1,1424.0
1359,2024-08-26,35068,25,HCM1,Central,Website SEO,12.12,Converted,1,1208.0
1360,2024-07-23,75727,135,DN1,North,Tiktok Ads,NewProductLaunch,Converted,1,562.0
1361,2024-07-27,80453,127,CT1,North,Tiktok Ads,Tet2024,NoAnswer,0,
1362,2024-02-05,35832,93,DN1,South,Email Marketing,FlashSaleWeekend,Converted,1,1640.0
1363,2024-12-03,96242,94,CT1,South,Zalo OA,FlashSaleWeekend,Converted,1,1407.0
1364,2024-11-20,23682,71,HCM1,Central,Email Marketing,Tet2024,Cancelled,0,
1365,2024-12-12,33383,199,HCM2,South,Zalo OA,SummerSale,New,0,
1366,2024-09-19,68160,122,HCM1,Central,Zalo OA,Tet2024,Converted,1,15.0
1367,2024-03-04,33666,24,DN1,North,Zalo OA,FlashSaleWeekend,Calling,0,
1368,2024-07-03,68817,11,CT1,North,Email Marketing,Tet2024,Converted,1,1219.0
1369,2024-05-20,44642,73,DN1,South,Facebook Ads,11.11,NoAnswer,0,
1370,2024-04-12,51830,12,DN1,Central,Facebook Ads,NewProductLaunch,Cancelled,0,
1371,2024-02-11,20234,35,HCM2,Central,Website SEO,11.11,Converted,1,917.0
1372,2024-07-16,67616,191,DN1,South,Facebook Ads,12.12,Converted,1,2253.0
1373,2024-04-20,19221,196,HCM2,Central,Facebook Ads,SummerSale,NoAnswer,0,
1374,2024-07-25,21410,185,CT1,Central,Zalo OA,11.11,Converted,1,776.0
1375,2024-07-10,90055,141,CT1,North,Zalo OA,12.12,New,0,
1376,2024-12-18,71413,23,HCM2,Central,Tiktok Ads,BackToSchool,Converted,1,1134.0
1377,2024-04-07,11051,83,HCM1,Central,Zalo OA,NewProductLaunch,Converted,1,686.0
1378,2024-07-10,85301,167,CT1,Central,Email Marketing,Tet2024,Converted,1,2766.0
1379,2023-12-28,86918,88,HCM1,South,Tiktok Ads,11.11,Cancelled,0,
1380,2023-12-23,88116,80,CT1,South,Tiktok Ads,11.11,Cancelled,0,
1381,2024-01-23,66563,97,CT1,South,Facebook Ads,Tet2024,Converted,1,1788.0
1382,2024-08-07,54757,140,HN1,Central,Zalo OA,Tet2024,NoAnswer,0,
1383,2024-09-20,87475,34,DN1,Central,Facebook Ads,SummerSale,Calling,0,
1384,2024-12-07,61257,199,DN1,South,Zalo OA,11.11,Converted,1,1376.0
1385,2024-07-02,10307,75,HCM1,South,Facebook Ads,11.11,NoAnswer,0,
1386,2024-08-16,66889,159,DN1,Central,Facebook Ads,FlashSaleWeekend,New,0,
1387,2024-09-17,78895,128,HCM1,Central,Facebook Ads,BackToSchool,NoAnswer,0,
1388,2024-08-05,45944,190,CT1,North,Email Marketing,FlashSaleWeekend,NoAnswer,0,
1389,2023-12-18,48134,141,HN1,South,Website SEO,12.12,Cancelled,0,
1390,2024-05-16,37323,31,HN1,Central,Facebook Ads,BackToSchool,Converted,1,1518.0
1391,2024-01-12,81762,130,CT1,South,Google Ads,FlashSaleWeekend,Calling,0,
1392,2024-04-01,97225,103,HCM2,South,Google Ads,11.11,Calling,0,
1393,2024-03-21,35954,15,HCM2,South,Google Ads,BackToSchool,Converted,1,1635.0
1394,2024-07-16,65021,57,DN1,North,Email Marketing,11.11,Converted,1,2482.0
1395,2024-10-02,99959,75,HCM1,Central,Tiktok Ads,NewProductLaunch,Converted,1,1126.0
1396,2024-02-27,89866,34,HN1,Central,Facebook Ads,SummerSale,Calling,0,
1397,2024-11-04,80427,103,DN1,South,Google Ads,BackToSchool,Converted,1,1402.0
1398,2024-05-08,14992,196,CT1,Central,Email Marketing,11.11,Calling,0,
1399,2024-04-20,11961,75,HN1,North,Tiktok Ads,BackToSchool,NoAnswer,0,
1400,2024-11-19,22497,29,HCM1,South,Google Ads,12.12,Cancelled,0,
1401,2024-01-25,42551,194,HCM1,North,Zalo OA,SummerSale,Cancelled,0,
1402,2024-12-04,86384,16,HCM2,North,Website SEO,NewProductLaunch,Calling,0,
1403,2024-01-24,65755,167,DN1,Central,Facebook Ads,Tet2024,Converted,1,2861.0
1404,2024-01-17,23255,77,CT1,Central,Website SEO,Tet2024,NoAnswer,0,
1405,2023-12-31,14567,37,HN1,North,Website SEO,BackToSchool,Converted,1,2440.0
1406,2024-05-27,58847,81,HCM1,Central,Zalo OA,11.11,Calling,0,
1407,2024-05-15,58003,149,HN1,North,Zalo OA,12.12,Calling,0,
1408,2024-12-26,30389,172,CT1,North,Zalo OA,SummerSale,Cancelled,0,
1409,2024-02-28,54523,124,HN1,South,Tiktok Ads,NewProductLaunch,Converted,1,1352.0
1410,2024-03-10,71576,19,DN1,North,Google Ads,NewProductLaunch,Converted,1,2069.0
1411,2024-04-09,53919,199,HCM2,North,Facebook Ads,FlashSaleWeekend,Converted,1,1121.0
1412,2024-12-10,92103,102,HN1,Central,Zalo OA,NewProductLaunch,Converted,1,1839.0
1413,2024-11-20,13358,136,HCM2,South,Email Marketing,Tet2024,Converted,1,2561.0
1414,2024-01-10,98535,77,CT1,Central,Facebook Ads,SummerSale,Converted,1,2956.0
1415,2024-10-22,86524,194,HCM2,South,Facebook Ads,FlashSaleWeekend,Converted,1,2763.0
1416,2024-09-26,15698,41,HN1,Central,Facebook Ads,Tet2024,Cancelled,0,
1417,2024-04-26,76809,198,HN1,North,Zalo OA,BackToSchool,Calling,0,
1418,2024-07-20,65805,61,HCM1,South,Zalo OA,NewProductLaunch,NoAnswer,0,
1419,2024-05-30,41349,26,HN1,South,Google Ads,SummerSale,Calling,0,
1420,2024-03-21,86777,71,HCM2,South,Zalo OA,NewProductLaunch,Cancelled,0,
1421,2024-09-07,60248,103,HCM1,South,Zalo OA,Tet2024,Cancelled,0,
1422,2024-08-07,85033,70,HN1,Central,Facebook Ads,Tet2024,NoAnswer,0,
1423,2024-10-18,54041,107,HN1,Central,Google Ads,Tet2024,Calling,0,
1424,2024-06-04,41954,157,CT1,South,Website SEO,NewProductLaunch,Converted,1,476.0
1425,2024-06-21,18002,107,HCM1,South,Zalo OA,SummerSale,Calling,0,
1426,2024-04-14,79783,103,CT1,South,Email Marketing,SummerSale,New,0,
1427,2024-01-29,97234,194,CT1,Central,Zalo OA,BackToSchool,Converted,1,920.0
1428,2024-02-16,29738,19,CT1,South,Website SEO,NewProductLaunch,Calling,0,
1429,2024-04-22,20703,68,DN1,South,Facebook Ads,BackToSchool,NoAnswer,0,
1430,2024-10-19,59422,186,CT1,South,Google Ads,12.12,Cancelled,0,
1431,2024-12-11,93106,70,HCM2,Central,Facebook Ads,BackToSchool,New,0,
1432,2024-06-24,71899,113,HN1,North,Tiktok Ads,BackToSchool,NoAnswer,0,
1433,2024-10-16,22392,57,DN1,North,Zalo OA,BackToSchool,NoAnswer,0,
1434,2024-06-12,54724,165,CT1,Central,Email Marketing,Tet2024,New,0,
1435,2024-10-01,42299,61,HN1,North,Tiktok Ads,12.12,Converted,1,1926.0
1436,2024-12-19,25641,92,HCM1,South,Zalo OA,FlashSaleWeekend,Calling,0,
1437,2024-09-21,89534,30,HCM1,South,Tiktok Ads,BackToSchool,Converted,1,1628.0
1438,2024-01-12,16305,199,HN1,Central,Website SEO,SummerSale,New,0,
1439,2024-05-11,28782,153,HCM2,Central,Zalo OA,BackToSchool,NoAnswer,0,
1440,2024-09-06,88257,127,HN1,North,Email Marketing,Tet2024,Converted,1,2204.0
1441,2024-10-05,87963,193,HN1,North,Zalo OA,11.11,Calling,0,
1442,2023-12-25,30566,115,DN1,South,Tiktok Ads,FlashSaleWeekend,Converted,1,1544.0
1443,2024-05-26,77766,6,HCM1,Central,Google Ads,12.12,Cancelled,0,
1444,2024-04-05,16511,18,HCM1,North,Tiktok Ads,11.11,Converted,1,2684.0
1445,2024-06-18,36177,10,CT1,North,Zalo OA,11.11,New,0,
1446,2024-10-04,14765,92,HN1,South,Zalo OA,12.12,NoAnswer,0,
1447,2024-08-02,30354,139,HN1,South,Google Ads,NewProductLaunch,Converted,1,2227.0
1448,2024-07-28,33929,193,HCM2,South,Facebook Ads,FlashSaleWeekend,Converted,1,1665.0
1449,2024-10-19,38820,77,HCM1,South,Google Ads,FlashSaleWeekend,Calling,0,
1450,2024-03-21,39523,101,HCM2,North,Facebook Ads,SummerSale,Converted,1,373.0
1451,2024-02-07,81088,84,DN1,Central,Email Marketing,Tet2024,NoAnswer,0,
1452,2024-04-03,76163,193,CT1,Central,Zalo OA,12.12,Calling,0,
1453,2024-05-14,87525,52,HCM2,South,Website SEO,11.11,Calling,0,
1454,2024-08-16,23780,195,HCM1,South,Website SEO,Tet2024,Converted,1,515.0
1455,2024-02-21,16589,31,DN1,North,Tiktok Ads,Tet2024,Converted,1,364.0
1456,2024-10-21,44812,145,HN1,South,Google Ads,NewProductLaunch,New,0,
1457,2024-09-28,55939,183,DN1,Central,Google Ads,11.11,Cancelled,0,
1458,2024-08-20,61493,110,HCM2,South,Website SEO,BackToSchool,Converted,1,1952.0
1459,2024-01-19,50953,93,HCM1,Central,Facebook Ads,Tet2024,Calling,0,
1460,2024-08-09,75785,164,HCM2,South,Google Ads,11.11,NoAnswer,0,
1461,2024-05-10,29309,154,HN1,South,Facebook Ads,FlashSaleWeekend,Calling,0,
1462,2024-07-28,64195,53,HN1,Central,Facebook Ads,Tet2024,Cancelled,0,
1463,2024-08-14,35901,145,HCM1,North,Facebook Ads,NewProductLaunch,NoAnswer,0,
1464,2024-11-15,33576,86,CT1,North,Facebook Ads,NewProductLaunch,Calling,0,
1465,2024-12-13,41508,153,DN1,South,Tiktok Ads,BackToSchool,Converted,1,2418.0
1466,2024-07-02,84711,2,DN1,South,Tiktok Ads,NewProductLaunch,Converted,1,597.0
1467,2024-05-16,35464,86,HN1,Central,Website SEO,11.11,Calling,0,
1468,2024-02-25,70281,133,HCM2,Central,Tiktok Ads,12.12,New,0,
1469,2024-07-02,26260,4,HCM2,South,Email Marketing,NewProductLaunch,Cancelled,0,
1470,2024-10-05,45440,164,CT1,Central,Google Ads,12.12,Calling,0,
1471,2023-12-31,66683,6,HCM2,North,Email Marketing,BackToSchool,Converted,1,1062.0
1472,2024-04-21,51430,149,DN1,North,Tiktok Ads,FlashSaleWeekend,Converted,1,1569.0
1473,2024-07-18,11987,118,HCM2,Central,Google Ads,SummerSale,Converted,1,377.0
1474,2024-02-13,35105,89,CT1,Central,Google Ads,Tet2024,Converted,1,2148.0
1475,2024-03-27,88484,154,DN1,Central,Facebook Ads,Tet2024,Cancelled,0,
1476,2024-01-25,23026,183,HCM2,North,Website SEO,11.11,Calling,0,
1477,2024-01-08,78309,167,DN1,South,Facebook Ads,BackToSchool,Converted,1,1964.0
1478,2024-01-22,55927,161,HN1,Central,Facebook Ads,BackToSchool,Converted,1,2166.0
1479,2024-09-30,85414,14,HN1,Central,Email Marketing,BackToSchool,NoAnswer,0,
1480,2024-04-23,67535,56,HN1,Central,Tiktok Ads,Tet2024,Cancelled,0,
1481,2024-07-30,52946,81,HCM2,South,Email Marketing,NewProductLaunch,Converted,1,541.0
1482,2024-03-31,66561,149,CT1,Central,Tiktok Ads,Tet2024,NoAnswer,0,
1483,2024-06-03,20377,46,DN1,Central,Email Marketing,Tet2024,Converted,1,1876.0
1484,2024-03-25,63592,144,HCM1,North,Google Ads,Tet2024,Converted,1,1237.0
1485,2024-12-02,17347,16,HN1,Central,Tiktok Ads,FlashSaleWeekend,Cancelled,0,
1486,2023-12-26,43776,120,HN1,North,Tiktok Ads,FlashSaleWeekend,Converted,1,2747.0
1487,2024-09-14,13783,84,HCM1,South,Email Marketing,NewProductLaunch,Converted,1,113.0
1488,2024-03-24,65798,157,HCM1,Central,Zalo OA,SummerSale,Converted,1,373.0
1489,2024-01-27,14298,8,HCM2,Central,Google Ads,11.11,NoAnswer,0,
1490,2024-10-14,80204,88,DN1,North,Google Ads,SummerSale,Calling,0,
1491,2023-12-31,96207,131,HN1,South,Zalo OA,SummerSale,NoAnswer,0,
1492,2024-11-08,65161,19,CT1,South,Email Marketing,Tet2024,NoAnswer,0,
1493,2024-02-09,70652,97,HCM2,North,Email Marketing,SummerSale,Calling,0,
1494,2024-10-20,44484,66,HCM2,South,Google Ads,Tet2024,Cancelled,0,
1495,2024-10-12,30922,79,CT1,South,Email Marketing,Tet2024,Converted,1,8.0
1496,2023-12-26,44028,86,CT1,South,Website SEO,11.11,NoAnswer,0,
1497,2024-10-27,30316,124,CT1,South,Website SEO,BackToSchool,New,0,
1498,2024-03-03,86996,150,HCM1,South,Zalo OA,Tet2024,New,0,
1499,2024-07-17,26968,46,HN1,South,Tiktok Ads,FlashSaleWeekend,Converted,1,2303.0
1500,2024-11-17,40266,113,HCM1,South,Website SEO,SummerSale,Converted,1,2634.0
1501,2024-09-03,34000,91,HN1,South,Email Marketing,11.11,NoAnswer,0,
1502,2024-05-11,24011,141,HCM1,Central,Zalo OA,12.12,Converted,1,362.0
1503,2024-03-04,12866,33,DN1,North,Website SEO,12.12,NoAnswer,0,
1504,2024-07-16,15898,133,HN1,South,Facebook Ads,12.12,NoAnswer,0,
1505,2024-12-22,28395,77,HCM2,North,Zalo OA,SummerSale,Converted,1,209.0
1506,2024-06-29,49019,155,HN1,South,Google Ads,BackToSchool,Converted,1,267.0
1507,2024-07-01,14006,121,HN1,South,Website SEO,NewProductLaunch,Cancelled,0,
1508,2024-01-08,44393,128,HN1,Central,Google Ads,BackToSchool,Converted,1,997.0
1509,2024-03-12,20956,78,DN1,North,Zalo OA,11.11,Converted,1,554.0
1510,2024-09-07,60042,152,HCM1,North,Website SEO,BackToSchool,Calling,0,
1511,2024-05-05,16078,67,HCM2,Central,Google Ads,12.12,New,0,
1512,2024-02-11,39631,115,HCM1,Central,Tiktok Ads,BackToSchool,New,0,
1513,2024-12-13,72901,63,HCM1,North,Tiktok Ads,11.11,Cancelled,0,
1514,2024-01-09,79497,113,CT1,South,Facebook Ads,11.11,NoAnswer,0,
1515,2024-01-30,51574,94,DN1,South,Email Marketing,12.12,Converted,1,2185.0
1516,2024-09-27,41417,48,CT1,North,Zalo OA,FlashSaleWeekend,NoAnswer,0,
1517,2024-09-05,98020,191,DN1,South,Email Marketing,SummerSale,Converted,1,2243.0
1518,2023-12-30,93639,12,HCM1,Central,Email Marketing,Tet2024,Calling,0,
1519,2024-06-30,75006,156,HCM1,Central,Google Ads,NewProductLaunch,Calling,0,
1520,2024-09-21,49454,172,DN1,Central,Facebook Ads,NewProductLaunch,New,0,
1521,2024-03-09,11587,171,HCM1,North,Zalo OA,12.12,Calling,0,
1522,2024-08-20,64710,145,HCM1,North,Tiktok Ads,FlashSaleWeekend,New,0,
1523,2024-09-09,96567,40,HCM2,North,Email Marketing,NewProductLaunch,Converted,1,2654.0
1524,2024-11-13,85886,177,CT1,South,Google Ads,BackToSchool,Converted,1,2910.0
1525,2024-04-09,28816,85,CT1,North,Email Marketing,11.11,Cancelled,0,
1526,2023-12-21,95824,57,CT1,North,Website SEO,FlashSaleWeekend,Converted,1,2345.0
1527,2024-04-29,39432,87,HN1,Central,Tiktok Ads,11.11,NoAnswer,0,
1528,2024-12-19,58617,84,HCM2,South,Email Marketing,12.12,NoAnswer,0,
1529,2024-06-07,82373,192,CT1,South,Website SEO,11.11,New,0,
1530,2024-11-06,44217,185,CT1,Central,Website SEO,Tet2024,Converted,1,593.0
1531,2024-10-24,30884,121,HCM2,South,Google Ads,11.11,NoAnswer,0,
1532,2024-07-16,15454,74,HCM1,North,Google Ads,11.11,Cancelled,0,
1533,2024-03-05,84960,107,CT1,South,Website SEO,FlashSaleWeekend,Calling,0,
1534,2024-07-24,53618,124,HCM1,Central,Facebook Ads,BackToSchool,Converted,1,2125.0
1535,2024-12-20,93948,198,CT1,South,Email Marketing,SummerSale,Converted,1,1574.0
1536,2024-03-26,72671,100,DN1,Central,Website SEO,NewProductLaunch,Converted,1,707.0
1537,2024-09-12,57111,43,HN1,North,Website SEO,BackToSchool,Converted,1,2000.0
1538,2023-12-28,49613,119,CT1,North,Google Ads,BackToSchool,Cancelled,0,
1539,2024-05-21,95678,23,DN1,Central,Email Marketing,BackToSchool,Converted,1,1206.0
1540,2024-05-14,69993,155,HCM2,North,Zalo OA,NewProductLaunch,Converted,1,757.0
1541,2024-03-31,18848,186,DN1,North,Tiktok Ads,12.12,NoAnswer,0,
1542,2024-06-19,88672,37,HCM2,South,Google Ads,BackToSchool,Cancelled,0,
1543,2024-10-10,76125,134,CT1,North,Email Marketing,SummerSale,NoAnswer,0,
1544,2024-03-21,96444,65,HCM2,Central,Email Marketing,12.12,New,0,
1545,2024-04-23,71602,134,DN1,North,Facebook Ads,11.11,Converted,1,2436.0
1546,2024-10-02,82045,178,HN1,South,Tiktok Ads,SummerSale,Calling,0,
1547,2024-06-02,52222,22,HCM1,Central,Google Ads,FlashSaleWeekend,Calling,0,
1548,2024-06-14,59223,105,HCM1,North,Google Ads,12.12,Converted,1,2189.0
1549,2024-12-12,75333,88,HN1,North,Zalo OA,11.11,NoAnswer,0,
1550,2024-01-22,62732,153,HCM1,North,Facebook Ads,11.11,NoAnswer,0,
1551,2023-12-29,59420,125,CT1,Central,Facebook Ads,BackToSchool,Converted,1,1817.0
1552,2024-12-24,85504,79,CT1,South,Email Marketing,BackToSchool,Calling,0,
1553,2023-12-18,12462,90,DN1,Central,Email Marketing,NewProductLaunch,Converted,1,1778.0
1554,2024-11-27,19460,51,DN1,Central,Google Ads,Tet2024,Cancelled,0,
1555,2024-07-11,19275,176,HCM2,South,Zalo OA,SummerSale,Cancelled,0,
1556,2024-05-23,23269,102,DN1,Central,Google Ads,NewProductLaunch,Cancelled,0,
1557,2023-12-30,75942,198,CT1,Central,Website SEO,NewProductLaunch,Calling,0,
1558,2024-03-31,82920,106,DN1,North,Email Marketing,SummerSale,Converted,1,2702.0
1559,2024-12-30,32553,193,HCM1,Central,Website SEO,12.12,Converted,1,1630.0
1560,2024-10-20,34366,60,HCM2,North,Zalo OA,FlashSaleWeekend,Converted,1,664.0
1561,2024-07-28,54036,46,HCM2,Central,Google Ads,SummerSale,New,0,
1562,2024-06-01,27369,36,CT1,North,Email Marketing,11.11,Converted,1,176.0
1563,2024-01-17,21795,186,DN1,North,Zalo OA,FlashSaleWeekend,Converted,1,510.0
1564,2024-08-21,80021,166,HCM1,North,Google Ads,Tet2024,NoAnswer,0,
1565,2024-08-17,78154,11,DN1,South,Google Ads,12.12,Converted,1,1190.0
1566,2024-09-08,40143,12,HN1,Central,Website SEO,BackToSchool,NoAnswer,0,
1567,2024-05-03,39425,170,DN1,Central,Tiktok Ads,Tet2024,Calling,0,
1568,2024-09-13,98209,39,CT1,Central,Facebook Ads,Tet2024,Converted,1,1002.0
1569,2024-03-19,85139,199,DN1,South,Email Marketing,BackToSchool,Converted,1,2099.0
1570,2024-07-28,15368,139,HCM2,North,Facebook Ads,Tet2024,New,0,
1571,2024-12-27,14621,36,HCM1,Central,Zalo OA,12.12,Calling,0,
1572,2024-01-22,68829,52,CT1,South,Facebook Ads,12.12,Converted,1,1111.0
1573,2024-10-11,70294,31,HN1,South,Website SEO,12.12,Converted,1,2654.0
1574,2024-01-12,24719,33,HCM1,Central,Tiktok Ads,NewProductLaunch,Cancelled,0,
1575,2024-10-27,39227,141,HCM1,North,Email Marketing,NewProductLaunch,Cancelled,0,
1576,2024-08-15,17566,146,HCM2,South,Google Ads,12.12,NoAnswer,0,
1577,2024-08-06,22306,169,HCM2,Central,Google Ads,BackToSchool,Converted,1,1096.0
1578,2024-06-16,63822,58,HCM2,North,Website SEO,BackToSchool,NoAnswer,0,
1579,2024-09-11,34042,184,CT1,South,Email Marketing,SummerSale,NoAnswer,0,
1580,2024-08-06,25086,152,DN1,South,Facebook Ads,SummerSale,NoAnswer,0,
1581,2024-08-09,27387,128,HCM1,Central,Google Ads,12.12,Converted,1,1262.0
1582,2024-12-25,37042,31,DN1,Central,Facebook Ads,FlashSaleWeekend,Converted,1,121.0
1583,2024-09-05,99424,55,DN1,North,Website SEO,Tet2024,Converted,1,1437.0
1584,2024-12-07,61618,10,HCM2,Central,Google Ads,Tet2024,Cancelled,0,
1585,2024-11-18,28323,188,DN1,Central,Zalo OA,BackToSchool,Cancelled,0,
1586,2024-02-17,28019,130,HCM1,North,Tiktok Ads,FlashSaleWeekend,Converted,1,2618.0
1587,2024-06-08,85426,15,HCM1,Central,Facebook Ads,Tet2024,Converted,1,43.0
1588,2023-12-17,50863,3,HN1,North,Email Marketing,11.11,Converted,1,1528.0
1589,2024-05-04,20283,43,CT1,North,Facebook Ads,NewProductLaunch,Converted,1,2043.0
1590,2024-12-24,28279,159,DN1,North,Facebook Ads,Tet2024,Converted,1,2120.0
1591,2024-05-20,56999,198,CT1,Central,Facebook Ads,Tet2024,Converted,1,2139.0
1592,2024-11-02,72780,67,CT1,North,Website SEO,SummerSale,Converted,1,491.0
1593,2024-05-08,32908,56,CT1,Central,Website SEO,11.11,Converted,1,1850.0
1594,2024-10-02,71584,63,CT1,North,Email Marketing,Tet2024,New,0,
1595,2024-05-15,60225,15,HCM1,Central,Website SEO,NewProductLaunch,NoAnswer,0,
1596,2024-06-24,47952,109,DN1,North,Email Marketing,Tet2024,Converted,1,805.0
1597,2024-02-25,47663,116,HN1,South,Email Marketing,BackToSchool,Calling,0,
1598,2024-10-14,71381,92,CT1,South,Website SEO,11.11,Converted,1,1178.0
1599,2024-12-25,57929,138,HN1,South,Google Ads,Tet2024,New,0,
1600,2024-11-22,19343,166,HCM1,North,Website SEO,FlashSaleWeekend,New,0,
1601,2024-05-02,86173,47,HCM1,Central,Google Ads,11.11,Cancelled,0,
1602,2024-06-18,49791,57,HCM2,North,Zalo OA,Tet2024,NoAnswer,0,
1603,2024-10-02,39134,50,CT1,North,Website SEO,NewProductLaunch,New,0,
1604,2024-02-13,57101,71,HCM2,North,Zalo OA,NewProductLaunch,NoAnswer,0,
1605,2024-12-28,79443,143,HN1,North,Website SEO,11.11,Converted,1,2691.0
1606,2024-06-29,67530,146,DN1,Central,Zalo OA,12.12,Cancelled,0,
1607,2024-10-04,56799,82,HCM2,North,Tiktok Ads,SummerSale,New,0,
1608,2024-10-28,14827,116,HCM1,South,Zalo OA,SummerSale,New,0,
1609,2024-10-11,72653,105,CT1,South,Google Ads,BackToSchool,Converted,1,651.0
1610,2024-11-22,23699,88,HN1,South,Facebook Ads,12.12,Converted,1,820.0
1611,2023-12-25,15313,2,HCM1,North,Email Marketing,SummerSale,Converted,1,2287.0
1612,2024-02-14,23598,104,DN1,Central,Zalo OA,11.11,Calling,0,
1613,2024-11-11,38807,84,CT1,Central,Facebook Ads,SummerSale,Cancelled,0,
1614,2024-07-27,80423,43,DN1,Central,Tiktok Ads,BackToSchool,Converted,1,942.0
1615,2024-05-15,79390,154,DN1,North,Tiktok Ads,Tet2024,Converted,1,541.0
1616,2024-06-30,55226,71,CT1,Central,Google Ads,SummerSale,Calling,0,
1617,2024-02-04,69550,166,CT1,South,Google Ads,11.11,Cancelled,0,
1618,2024-08-30,90072,94,DN1,Central,Zalo OA,11.11,Calling,0,
1619,2024-02-11,13558,42,HN1,North,Website SEO,BackToSchool,Cancelled,0,
1620,2024-02-24,85308,133,CT1,North,Tiktok Ads,FlashSaleWeekend,Converted,1,1203.0
1621,2024-05-10,60113,139,HCM1,Central,Facebook Ads,BackToSchool,Cancelled,0,
1622,2024-11-27,62999,65,HCM2,North,Website SEO,FlashSaleWeekend,New,0,
1623,2024-02-15,65878,34,HN1,Central,Tiktok Ads,NewProductLaunch,Calling,0,
1624,2024-10-19,46343,120,CT1,Central,Zalo OA,NewProductLaunch,Converted,1,437.0
1625,2024-12-21,68219,1,CT1,South,Tiktok Ads,NewProductLaunch,Converted,1,1789.0
1626,2024-08-13,45186,130,HN1,North,Google Ads,FlashSaleWeekend,Converted,1,2905.0
1627,2024-12-14,46966,148,HCM2,South,Facebook Ads,Tet2024,Calling,0,
1628,2024-11-08,43769,61,DN1,North,Facebook Ads,11.11,Converted,1,19.0
1629,2024-03-30,63218,149,HCM1,Central,Google Ads,NewProductLaunch,Calling,0,
1630,2024-07-27,29229,88,CT1,North,Website SEO,11.11,New,0,
1631,2024-10-22,85209,68,HCM2,Central,Google Ads,BackToSchool,NoAnswer,0,
1632,2024-07-19,37877,127,HCM1,North,Facebook Ads,Tet2024,Cancelled,0,
1633,2024-08-11,68001,140,HN1,South,Zalo OA,BackToSchool,Calling,0,
1634,2024-08-29,48084,22,CT1,South,Website SEO,11.11,Converted,1,2508.0
1635,2024-12-24,91780,148,DN1,Central,Email Marketing,12.12,Cancelled,0,
1636,2024-09-01,26806,82,HN1,South,Tiktok Ads,FlashSaleWeekend,New,0,
1637,2023-12-19,98635,129,CT1,Central,Email Marketing,12.12,Cancelled,0,
1638,2024-08-31,47034,30,HCM2,Central,Zalo OA,NewProductLaunch,New,0,
1639,2024-02-06,50317,126,HCM1,Central,Email Marketing,12.12,NoAnswer,0,
1640,2024-01-30,65468,97,HCM1,North,Website SEO,BackToSchool,Calling,0,
1641,2024-07-16,29094,24,CT1,Central,Facebook Ads,FlashSaleWeekend,New,0,
1642,2024-06-08,67796,14,HN1,South,Facebook Ads,12.12,Cancelled,0,
1643,2023-12-23,20589,36,DN1,North,Zalo OA,SummerSale,New,0,
1644,2024-03-22,67221,197,HCM2,South,Email Marketing,Tet2024,New,0,
1645,2024-01-03,11657,24,CT1,Central,Website SEO,11.11,NoAnswer,0,
1646,2024-12-26,49531,188,HCM2,Central,Tiktok Ads,FlashSaleWeekend,Calling,0,
1647,2024-08-11,62227,95,HCM1,South,Email Marketing,NewProductLaunch,New,0,
1648,2024-02-13,13164,55,DN1,North,Email Marketing,BackToSchool,Converted,1,126.0
1649,2024-12-27,93973,24,HCM2,South,Tiktok Ads,Tet2024,New,0,
1650,2024-06-09,51247,152,CT1,Central,Google Ads,NewProductLaunch,Cancelled,0,
1651,2024-11-16,29601,182,DN1,North,Zalo OA,BackToSchool,Converted,1,2345.0
1652,2024-02-14,60599,26,HN1,Central,Website SEO,12.12,Converted,1,686.0
1653,2024-05-07,81545,194,CT1,Central,Zalo OA,FlashSaleWeekend,Converted,1,973.0
1654,2024-07-17,14552,80,HCM2,South,Tiktok Ads,11.11,Converted,1,635.0
1655,2023-12-17,19417,166,DN1,Central,Website SEO,FlashSaleWeekend,New,0,
1656,2024-05-22,68579,65,CT1,South,Facebook Ads,SummerSale,New,0,
1657,2024-07-28,78207,75,DN1,North,Facebook Ads,SummerSale,Converted,1,1051.0
1658,2024-09-08,82055,179,DN1,Central,Website SEO,FlashSaleWeekend,Converted,1,705.0
1659,2024-04-12,88270,163,DN1,Central,Zalo OA,12.12,Converted,1,2545.0
1660,2024-12-29,13722,43,HCM2,North,Zalo OA,11.11,Converted,1,2900.0
1661,2024-03-12,80442,29,CT1,South,Facebook Ads,Tet2024,Calling,0,
1662,2024-11-07,50031,165,HCM1,Central,Facebook Ads,11.11,Calling,0,
1663,2024-02-20,89235,81,HCM1,North,Tiktok Ads,12.12,Converted,1,2028.0
1664,2024-12-05,31438,186,HCM2,Central,Website SEO,BackToSchool,Converted,1,2169.0
1665,2024-03-21,68819,54,HCM2,South,Zalo OA,FlashSaleWeekend,Converted,1,2009.0
1666,2024-09-06,53856,39,DN1,South,Tiktok Ads,FlashSaleWeekend,Converted,1,626.0
1667,2024-03-28,43576,42,CT1,South,Zalo OA,FlashSaleWeekend,Cancelled,0,
1668,2024-11-01,51938,156,CT1,South,Facebook Ads,FlashSaleWeekend,New,0,
1669,2024-04-15,59028,29,HN1,North,Website SEO,Tet2024,Converted,1,1067.0
1670,2024-01-12,69807,171,HN1,Central,Google Ads,SummerSale,New,0,
1671,2024-04-29,59877,131,HCM1,North,Website SEO,12.12,New,0,
1672,2024-06-26,53461,138,HN1,South,Email Marketing,BackToSchool,NoAnswer,0,
1673,2024-07-27,50469,187,HN1,South,Google Ads,12.12,NoAnswer,0,
1674,2024-11-10,93136,142,HCM1,South,Tiktok Ads,NewProductLaunch,Cancelled,0,
1675,2024-06-01,30435,175,HCM1,South,Google Ads,NewProductLaunch,Converted,1,1919.0
1676,2023-12-23,94117,42,HN1,Central,Google Ads,NewProductLaunch,NoAnswer,0,
1677,2024-01-23,24191,94,CT1,South,Tiktok Ads,SummerSale,Cancelled,0,
1678,2024-01-08,94726,160,HN1,Central,Website SEO,11.11,Converted,1,1995.0
1679,2024-08-31,37386,32,DN1,South,Tiktok Ads,Tet2024,New,0,
1680,2024-07-27,41721,170,DN1,Central,Email Marketing,FlashSaleWeekend,Converted,1,1328.0
1681,2024-04-16,64786,160,DN1,Central,Facebook Ads,SummerSale,NoAnswer,0,
1682,2024-01-21,23704,26,HCM2,South,Facebook Ads,BackToSchool,Converted,1,1143.0
1683,2024-11-06,66635,115,DN1,North,Google Ads,BackToSchool,Calling,0,
1684,2024-08-21,12123,129,CT1,North,Tiktok Ads,NewProductLaunch,NoAnswer,0,
1685,2024-06-07,72993,56,HCM2,North,Tiktok Ads,Tet2024,Converted,1,2399.0
1686,2024-03-13,90122,122,HCM2,North,Tiktok Ads,NewProductLaunch,Converted,1,761.0
1687,2024-01-20,35416,106,DN1,North,Email Marketing,BackToSchool,New,0,
1688,2024-10-25,11814,130,HN1,South,Email Marketing,BackToSchool,Converted,1,863.0
1689,2024-06-07,88537,81,HCM1,South,Website SEO,FlashSaleWeekend,Calling,0,
1690,2024-09-23,60258,158,HN1,South,Zalo OA,11.11,Converted,1,357.0
1691,2024-03-04,26508,120,HN1,South,Zalo OA,FlashSaleWeekend,Cancelled,0,
1692,2024-04-06,95166,199,HCM2,South,Zalo OA,11.11,New,0,
1693,2024-01-23,88916,52,HCM2,South,Website SEO,FlashSaleWeekend,Calling,0,
1694,2024-10-10,45699,91,HCM2,Central,Tiktok Ads,11.11,NoAnswer,0,
1695,2024-07-25,56335,137,CT1,Central,Zalo OA,NewProductLaunch,Cancelled,0,
1696,2024-10-27,56806,22,CT1,South,Tiktok Ads,12.12,NoAnswer,0,
1697,2024-11-27,87853,34,HCM1,South,Google Ads,Tet2024,Calling,0,
1698,2024-04-07,73768,110,HCM2,Central,Zalo OA,11.11,Calling,0,
1699,2024-06-17,45739,49,DN1,Central,Google Ads,SummerSale,New,0,
1700,2024-11-01,44785,129,HCM2,South,Website SEO,11.11,Converted,1,737.0
1701,2024-02-08,41980,73,CT1,Central,Facebook Ads,NewProductLaunch,Cancelled,0,
1702,2024-01-23,99335,84,HCM2,North,Email Marketing,Tet2024,Converted,1,1531.0
1703,2024-12-02,95016,53,CT1,North,Website SEO,11.11,Converted,1,1770.0
1704,2024-01-23,11609,100,HCM2,North,Website SEO,FlashSaleWeekend,Converted,1,443.0
1705,2024-11-25,76253,124,DN1,Central,Website SEO,Tet2024,Converted,1,924.0
1706,2024-08-07,95481,168,HCM1,South,Zalo OA,SummerSale,Cancelled,0,
1707,2024-09-28,38141,45,DN1,South,Google Ads,BackToSchool,Calling,0,
1708,2024-09-01,40009,196,CT1,South,Email Marketing,FlashSaleWeekend,New,0,
1709,2024-07-17,16782,137,HN1,Central,Zalo OA,Tet2024,Calling,0,
1710,2024-05-09,35933,105,DN1,Central,Facebook Ads,12.12,Converted,1,1611.0
1711,2024-11-14,87154,150,HCM2,North,Email Marketing,11.11,Calling,0,
1712,2024-05-30,18307,146,HCM1,Central,Website SEO,FlashSaleWeekend,Cancelled,0,
1713,2024-03-15,85874,106,HCM2,North,Tiktok Ads,NewProductLaunch,Converted,1,580.0
1714,2024-12-01,48346,43,HCM2,North,Facebook Ads,12.12,NoAnswer,0,
1715,2024-02-11,60772,167,DN1,South,Google Ads,12.12,NoAnswer,0,
1716,2024-02-11,82084,134,HCM1,Central,Facebook Ads,NewProductLaunch,Cancelled,0,
1717,2024-10-13,50149,48,HN1,South,Zalo OA,NewProductLaunch,Converted,1,227.0
1718,2024-05-31,96700,126,HCM2,South,Tiktok Ads,NewProductLaunch,Converted,1,959.0
1719,2024-09-08,37526,7,HCM1,Central,Zalo OA,12.12,New,0,
1720,2024-12-11,95712,197,HN1,Central,Email Marketing,Tet2024,Cancelled,0,
1721,2024-01-28,78477,16,HCM2,North,Website SEO,NewProductLaunch,New,0,
1722,2024-11-23,15695,129,HCM1,North,Website SEO,BackToSchool,Cancelled,0,
1723,2024-06-12,49169,115,DN1,North,Facebook Ads,12.12,Converted,1,2169.0
1724,2024-06-01,57947,37,HCM2,North,Website SEO,12.12,New,0,
1725,2024-12-04,57224,165,HCM2,South,Website SEO,12.12,Calling,0,
1726,2024-06-22,55865,125,HCM1,South,Email Marketing,SummerSale,Converted,1,2672.0
1727,2024-05-17,35553,81,HCM2,Central,Google Ads,Tet2024,Converted,1,2938.0
1728,2024-06-19,70410,192,HN1,North,Google Ads,Tet2024,Converted,1,1369.0
1729,2023-12-21,34816,62,HCM2,North,Zalo OA,NewProductLaunch,Calling,0,
1730,2024-04-25,65026,72,CT1,North,Zalo OA,12.12,New,0,
1731,2024-08-05,60705,189,HN1,South,Google Ads,FlashSaleWeekend,Cancelled,0,
1732,2024-01-28,71922,125,HCM1,Central,Facebook Ads,12.12,Converted,1,2918.0
1733,2024-10-23,83914,161,HN1,South,Google Ads,NewProductLaunch,Calling,0,
1734,2024-08-19,11881,66,CT1,Central,Zalo OA,Tet2024,Converted,1,2774.0
1735,2024-01-14,49567,30,CT1,Central,Tiktok Ads,NewProductLaunch,Converted,1,1916.0
1736,2024-01-06,57365,20,HCM2,South,Website SEO,NewProductLaunch,Cancelled,0,
1737,2024-05-22,89211,188,HCM2,South,Email Marketing,NewProductLaunch,NoAnswer,0,
1738,2024-12-11,80122,82,DN1,Central,Tiktok Ads,NewProductLaunch,Converted,1,1805.0
1739,2024-05-20,35006,107,HN1,South,Tiktok Ads,NewProductLaunch,Converted,1,1731.0
1740,2024-01-22,51198,152,DN1,South,Website SEO,11.11,Converted,1,1790.0
1741,2024-03-05,32831,132,CT1,Central,Google Ads,11.11,Calling,0,
1742,2024-12-04,26459,37,HCM2,Central,Facebook Ads,12.12,Cancelled,0,
1743,2024-08-28,42443,132,HCM2,North,Tiktok Ads,12.12,Converted,1,2804.0
1744,2024-07-07,52316,77,HCM2,South,Facebook Ads,FlashSaleWeekend,Converted,1,2651.0
1745,2024-02-29,74486,89,HCM1,Central,Email Marketing,FlashSaleWeekend,Cancelled,0,
1746,2023-12-26,15877,146,CT1,South,Email Marketing,11.11,NoAnswer,0,
1747,2024-10-04,49553,88,HCM2,South,Email Marketing,Tet2024,Converted,1,2841.0
1748,2024-07-25,14922,194,CT1,Central,Zalo OA,SummerSale,Cancelled,0,
1749,2023-12-27,14686,176,HCM2,North,Tiktok Ads,Tet2024,Converted,1,1982.0
1750,2024-01-29,42766,33,HN1,Central,Email Marketing,FlashSaleWeekend,New,0,
1751,2024-05-17,89943,58,CT1,Central,Zalo OA,12.12,Converted,1,1348.0
1752,2024-04-05,42006,28,DN1,South,Email Marketing,11.11,Converted,1,1306.0
1753,2024-08-03,41422,35,HCM1,North,Google Ads,Tet2024,Calling,0,
1754,2023-12-31,22205,125,DN1,Central,Tiktok Ads,SummerSale,Converted,1,2834.0
1755,2024-12-08,96590,138,CT1,South,Zalo OA,NewProductLaunch,Converted,1,585.0
1756,2024-07-24,33527,65,HCM2,Central,Email Marketing,BackToSchool,Converted,1,959.0
1757,2024-12-02,28443,42,CT1,South,Zalo OA,11.11,New,0,
1758,2024-06-19,26524,85,HCM1,Central,Email Marketing,11.11,Converted,1,500.0
1759,2024-11-22,38202,137,CT1,North,Google Ads,SummerSale,Converted,1,580.0
1760,2024-12-13,75552,188,HCM2,Central,Facebook Ads,NewProductLaunch,NoAnswer,0,
1761,2024-05-25,56142,111,DN1,South,Email Marketing,NewProductLaunch,Converted,1,1477.0
1762,2024-11-04,71692,15,HN1,Central,Facebook Ads,BackToSchool,New,0,
1763,2024-02-26,92384,185,DN1,North,Tiktok Ads,NewProductLaunch,Cancelled,0,
1764,2024-08-03,30855,69,HCM2,North,Google Ads,SummerSale,NoAnswer,0,
1765,2024-07-25,93747,105,HCM2,North,Tiktok Ads,12.12,NoAnswer,0,
1766,2024-10-28,70372,150,HCM1,North,Facebook Ads,NewProductLaunch,Converted,1,780.0
1767,2024-02-12,35095,64,CT1,South,Google Ads,12.12,Converted,1,2991.0
1768,2024-11-13,48724,41,CT1,Central,Website SEO,FlashSaleWeekend,New,0,
1769,2024-07-23,59241,71,DN1,North,Google Ads,FlashSaleWeekend,Converted,1,2313.0
1770,2024-01-20,62003,56,HN1,Central,Google Ads,12.12,NoAnswer,0,
1771,2024-09-17,78379,151,HN1,South,Website SEO,SummerSale,New,0,
1772,2024-06-27,25972,25,HCM1,Central,Zalo OA,11.11,New,0,
1773,2024-11-30,32927,105,HCM2,Central,Zalo OA,11.11,New,0,
1774,2024-08-12,76630,134,HCM1,North,Zalo OA,11.11,NoAnswer,0,
1775,2024-11-02,62347,119,CT1,North,Facebook Ads,Tet2024,Converted,1,1976.0
1776,2024-07-20,98860,162,HCM2,South,Google Ads,11.11,NoAnswer,0,
1777,2024-06-23,96210,191,HCM1,Central,Email Marketing,SummerSale,Calling,0,
1778,2023-12-31,79518,9,DN1,South,Website SEO,BackToSchool,New,0,
1779,2023-12-26,55283,60,CT1,South,Email Marketing,FlashSaleWeekend,New,0,
1780,2024-12-22,91326,125,HN1,South,Facebook Ads,NewProductLaunch,Converted,1,857.0
1781,2024-06-24,22205,49,HCM1,North,Website SEO,11.11,New,0,
1782,2024-01-05,99874,51,CT1,North,Email Marketing,Tet2024,Converted,1,952.0
1783,2024-04-12,22748,188,CT1,Central,Facebook Ads,FlashSaleWeekend,New,0,
1784,2024-07-11,31097,70,HN1,Central,Facebook Ads,FlashSaleWeekend,Converted,1,452.0
1785,2024-10-15,13092,37,HN1,Central,Facebook Ads,12.12,New,0,
1786,2024-09-09,63311,31,HN1,North,Website SEO,Tet2024,Converted,1,240.0
1787,2024-06-23,32692,169,HCM1,North,Email Marketing,SummerSale,New,0,
1788,2024-06-06,33862,62,HN1,South,Email Marketing,BackToSchool,New,0,
1789,2024-09-24,89507,93,DN1,North,Tiktok Ads,11.11,Converted,1,1915.0
1790,2024-07-05,90152,186,CT1,South,Facebook Ads,11.11,Converted,1,1066.0
1791,2024-05-26,80469,14,HN1,South,Zalo OA,Tet2024,Calling,0,
1792,2024-08-21,14926,164,CT1,North,Google Ads,SummerSale,Converted,1,1853.0
1793,2024-07-28,13969,164,HCM2,South,Tiktok Ads,Tet2024,Converted,1,35.0
1794,2024-12-29,45733,79,HCM2,South,Tiktok Ads,Tet2024,Calling,0,
1795,2023-12-21,79855,8,HN1,Central,Website SEO,BackToSchool,Cancelled,0,
1796,2024-01-12,51743,154,CT1,South,Tiktok Ads,SummerSale,New,0,
1797,2024-01-16,49876,36,HCM2,North,Email Marketing,BackToSchool,New,0,
1798,2024-04-26,30323,48,HN1,North,Website SEO,SummerSale,Converted,1,2796.0
1799,2024-12-15,26428,85,CT1,South,Website SEO,11.11,Calling,0,
1800,2024-03-02,44578,28,HN1,Central,Zalo OA,NewProductLaunch,Calling,0,
1801,2024-02-10,96486,196,CT1,North,Facebook Ads,12.12,Converted,1,2143.0
1802,2024-01-09,74140,190,HCM2,North,Tiktok Ads,NewProductLaunch,New,0,
1803,2024-07-27,93829,51,HN1,Central,Facebook Ads,FlashSaleWeekend,Converted,1,2882.0
1804,2024-09-24,16364,104,HCM2,South,Facebook Ads,SummerSale,Converted,1,2078.0
1805,2023-12-18,45349,170,HN1,North,Facebook Ads,NewProductLaunch,Converted,1,2314.0
1806,2024-03-22,10691,101,HCM1,South,Website SEO,Tet2024,Converted,1,2071.0
1807,2024-01-22,76467,29,HCM2,South,Facebook Ads,11.11,New,0,
1808,2024-09-10,55896,127,HCM2,South,Tiktok Ads,12.12,Calling,0,
1809,2024-12-23,67062,82,DN1,South,Website SEO,12.12,Calling,0,
1810,2024-09-24,89762,10,HCM2,North,Tiktok Ads,FlashSaleWeekend,Cancelled,0,
1811,2024-05-19,23861,106,CT1,Central,Website SEO,12.12,Converted,1,1915.0
1812,2024-02-27,98302,167,HN1,North,Google Ads,11.11,Cancelled,0,
1813,2024-12-20,73928,1,HCM1,Central,Google Ads,NewProductLaunch,Converted,1,692.0
1814,2024-09-27,93231,39,CT1,South,Google Ads,12.12,Converted,1,2663.0
1815,2024-04-22,51347,21,CT1,Central,Google Ads,12.12,New,0,
1816,2024-06-06,13121,65,CT1,South,Website SEO,SummerSale,Calling,0,
1817,2024-03-07,93793,15,CT1,North,Facebook Ads,Tet2024,Cancelled,0,
1818,2024-01-05,38164,132,HCM1,North,Zalo OA,SummerSale,Converted,1,2699.0
1819,2024-01-10,35491,188,DN1,Central,Email Marketing,NewProductLaunch,Converted,1,214.0
1820,2024-06-26,69222,61,HCM2,South,Zalo OA,11.11,New,0,
1821,2024-11-15,33165,148,CT1,South,Google Ads,11.11,Cancelled,0,
1822,2024-12-30,13748,138,HCM2,Central,Facebook Ads,SummerSale,Cancelled,0,
1823,2024-08-06,36553,87,HCM2,South,Tiktok Ads,BackToSchool,Converted,1,2720.0
1824,2024-03-15,70380,105,CT1,South,Facebook Ads,SummerSale,Cancelled,0,
1825,2024-01-04,54331,34,DN1,South,Tiktok Ads,BackToSchool,NoAnswer,0,
1826,2024-10-12,49560,124,HCM2,North,Zalo OA,FlashSaleWeekend,Converted,1,2365.0
1827,2024-12-05,63865,110,HN1,North,Facebook Ads,SummerSale,Converted,1,793.0
1828,2024-03-07,56686,176,HCM2,North,Facebook Ads,BackToSchool,Converted,1,576.0
1829,2024-09-01,85910,33,CT1,South,Email Marketing,BackToSchool,New,0,
1830,2024-05-09,14675,98,HCM1,North,Zalo OA,12.12,Converted,1,1448.0
1831,2024-08-27,76706,61,HCM2,South,Facebook Ads,FlashSaleWeekend,Cancelled,0,
1832,2024-02-10,87986,10,DN1,South,Tiktok Ads,12.12,New,0,
1833,2024-12-28,86216,182,HN1,Central,Facebook Ads,BackToSchool,New,0,
1834,2023-12-29,20068,84,HN1,South,Tiktok Ads,BackToSchool,Calling,0,
1835,2024-05-24,64460,65,HCM1,North,Google Ads,Tet2024,New,0,
1836,2024-05-25,56418,77,HCM1,North,Facebook Ads,BackToSchool,Converted,1,2049.0
1837,2024-10-29,36206,1,HCM2,South,Tiktok Ads,12.12,Cancelled,0,
1838,2024-09-20,10287,133,CT1,North,Zalo OA,BackToSchool,Converted,1,2976.0
1839,2024-09-19,32337,80,DN1,South,Google Ads,11.11,New,0,
1840,2023-12-26,30666,15,HN1,Central,Facebook Ads,Tet2024,Calling,0,
1841,2024-09-13,11161,28,HCM1,South,Email Marketing,BackToSchool,Converted,1,206.0
1842,2024-09-10,48751,23,DN1,South,Tiktok Ads,12.12,Converted,1,2898.0
1843,2024-07-09,92063,109,CT1,Central,Email Marketing,12.12,NoAnswer,0,
1844,2024-01-10,99389,107,HN1,North,Facebook Ads,NewProductLaunch,Converted,1,623.0
1845,2024-02-24,24758,145,HN1,Central,Tiktok Ads,12.12,NoAnswer,0,
1846,2024-02-12,75780,113,CT1,Central,Facebook Ads,Tet2024,Converted,1,1552.0
1847,2024-05-07,13178,98,HN1,South,Google Ads,12.12,Calling,0,
1848,2024-03-16,41831,141,CT1,South,Google Ads,11.11,Converted,1,1872.0
1849,2024-10-18,12176,142,HN1,Central,Facebook Ads,SummerSale,Cancelled,0,
1850,2023-12-22,43654,139,HCM2,North,Facebook Ads,11.11,Converted,1,2463.0
1851,2024-03-02,36627,28,CT1,Central,Website SEO,FlashSaleWeekend,Converted,1,1477.0
1852,2024-01-10,62550,42,DN1,North,Facebook Ads,11.11,Cancelled,0,
1853,2024-06-05,54910,99,HCM2,Central,Facebook Ads,Tet2024,Converted,1,639.0
1854,2024-02-02,68251,61,DN1,Central,Email Marketing,Tet2024,Cancelled,0,
1855,2024-06-30,45422,123,HN1,North,Email Marketing,NewProductLaunch,New,0,
1856,2024-11-27,21984,64,DN1,Central,Google Ads,12.12,Converted,1,1062.0
1857,2024-06-12,99312,31,HCM2,South,Email Marketing,NewProductLaunch,NoAnswer,0,
1858,2024-01-07,71386,81,CT1,Central,Facebook Ads,Tet2024,Cancelled,0,
1859,2024-10-25,93291,10,HCM1,South,Zalo OA,12.12,NoAnswer,0,
1860,2024-12-26,17135,8,DN1,North,Facebook Ads,Tet2024,Converted,1,1642.0
1861,2024-01-29,10320,149,HCM1,North,Website SEO,Tet2024,Calling,0,
1862,2023-12-29,31684,59,DN1,South,Tiktok Ads,SummerSale,NoAnswer,0,
1863,2024-05-15,65913,178,DN1,Central,Google Ads,11.11,Converted,1,161.0
1864,2024-07-23,98774,197,CT1,South,Email Marketing,NewProductLaunch,Converted,1,1426.0
1865,2024-07-07,31889,198,HN1,South,Zalo OA,NewProductLaunch,Converted,1,1734.0
1866,2024-09-12,58899,30,HCM2,North,Tiktok Ads,BackToSchool,Converted,1,320.0
1867,2024-12-30,20770,145,HCM2,South,Zalo OA,FlashSaleWeekend,Converted,1,2972.0
1868,2024-08-06,49321,20,HCM2,Central,Google Ads,SummerSale,Cancelled,0,
1869,2024-11-18,95962,48,HN1,South,Email Marketing,Tet2024,NoAnswer,0,
1870,2024-07-29,51777,130,HCM1,North,Website SEO,Tet2024,Converted,1,766.0
1871,2023-12-23,56250,37,HCM2,Central,Google Ads,SummerSale,Converted,1,602.0
1872,2024-05-28,83034,129,HCM1,North,Zalo OA,12.12,Converted,1,2360.0
1873,2024-10-28,50130,132,HN1,South,Zalo OA,NewProductLaunch,Calling,0,
1874,2024-07-15,91931,100,HN1,South,Google Ads,Tet2024,NoAnswer,0,
1875,2024-04-09,59346,54,CT1,North,Facebook Ads,FlashSaleWeekend,Converted,1,1244.0
1876,2024-11-22,12537,122,HCM2,North,Google Ads,BackToSchool,Converted,1,1698.0
1877,2024-02-24,94762,25,CT1,Central,Email Marketing,NewProductLaunch,Converted,1,1521.0
1878,2024-02-16,25216,131,HCM2,North,Email Marketing,11.11,New,0,
1879,2024-07-06,94149,9,HN1,North,Website SEO,FlashSaleWeekend,Calling,0,
1880,2024-07-10,13009,34,HN1,South,Google Ads,SummerSale,Converted,1,1651.0
1881,2024-02-24,99904,43,DN1,South,Tiktok Ads,NewProductLaunch,Converted,1,1118.0
1882,2024-09-16,39327,74,DN1,North,Email Marketing,11.11,New,0,
1883,2024-09-13,24209,94,HN1,North,Email Marketing,BackToSchool,New,0,
1884,2024-10-29,58443,22,HN1,South,Email Marketing,12.12,Converted,1,626.0
1885,2024-11-16,25029,70,HCM1,Central,Facebook Ads,SummerSale,Converted,1,2046.0
1886,2024-12-14,77613,130,HCM1,Central,Tiktok Ads,12.12,Cancelled,0,
1887,2024-03-18,89443,94,CT1,Central,Google Ads,FlashSaleWeekend,Cancelled,0,
1888,2024-05-28,66997,194,DN1,Central,Facebook Ads,Tet2024,Calling,0,
1889,2024-01-15,72559,32,DN1,South,Email Marketing,12.12,Cancelled,0,
1890,2023-12-25,74892,106,HN1,North,Tiktok Ads,Tet2024,Converted,1,2962.0
1891,2024-10-10,80409,144,HN1,Central,Tiktok Ads,FlashSaleWeekend,NoAnswer,0,
1892,2024-07-18,18635,1,CT1,South,Facebook Ads,11.11,Converted,1,2478.0
1893,2024-09-28,43065,72,DN1,North,Email Marketing,NewProductLaunch,Converted,1,2906.0
1894,2024-03-25,43783,176,HCM1,Central,Facebook Ads,BackToSchool,Calling,0,
1895,2024-09-06,44152,50,HCM2,North,Zalo OA,11.11,Cancelled,0,
1896,2024-07-15,68741,141,CT1,Central,Email Marketing,BackToSchool,Cancelled,0,
1897,2024-06-10,61502,15,HCM2,North,Facebook Ads,12.12,NoAnswer,0,
1898,2024-03-11,39092,53,HCM1,Central,Google Ads,BackToSchool,New,0,
1899,2024-01-24,27653,172,HCM1,Central,Email Marketing,12.12,Converted,1,355.0
1900,2024-02-28,50469,8,HCM2,North,Website SEO,BackToSchool,Converted,1,2262.0
1901,2024-12-25,96483,74,CT1,North,Email Marketing,SummerSale,Converted,1,2865.0
1902,2024-01-29,69754,46,HCM2,North,Zalo OA,11.11,Converted,1,200.0
1903,2024-05-22,39978,69,CT1,South,Facebook Ads,SummerSale,Converted,1,2901.0
1904,2024-03-03,97592,114,CT1,South,Website SEO,NewProductLaunch,Converted,1,2184.0
1905,2024-10-19,53169,147,HN1,North,Zalo OA,NewProductLaunch,NoAnswer,0,
1906,2024-03-09,58287,166,DN1,South,Google Ads,Tet2024,Converted,1,948.0
1907,2024-03-15,64745,123,DN1,Central,Email Marketing,Tet2024,New,0,
1908,2024-05-10,15543,139,HCM1,North,Website SEO,Tet2024,Cancelled,0,
1909,2024-05-23,66392,117,HN1,South,Facebook Ads,FlashSaleWeekend,New,0,
1910,2024-07-03,31067,43,DN1,North,Facebook Ads,NewProductLaunch,Converted,1,1853.0
1911,2024-08-12,61033,20,CT1,Central,Google Ads,BackToSchool,Converted,1,342.0
1912,2024-12-01,55256,148,CT1,Central,Zalo OA,12.12,Converted,1,388.0
1913,2023-12-16,79345,21,HCM2,South,Website SEO,FlashSaleWeekend,Converted,1,4.0
1914,2024-07-26,32191,82,HCM2,Central,Google Ads,BackToSchool,New,0,
1915,2024-09-28,96803,57,CT1,North,Zalo OA,11.11,Converted,1,1663.0
1916,2024-08-03,82742,178,CT1,South,Tiktok Ads,NewProductLaunch,Converted,1,2447.0
1917,2024-02-29,96593,74,HCM2,North,Tiktok Ads,12.12,Converted,1,2459.0
1918,2024-04-08,38992,98,DN1,North,Zalo OA,12.12,Cancelled,0,
1919,2024-05-16,91531,154,HCM1,North,Facebook Ads,12.12,Calling,0,
1920,2024-03-26,58803,158,HCM2,Central,Facebook Ads,Tet2024,Converted,1,558.0
1921,2024-06-25,73477,110,DN1,North,Tiktok Ads,12.12,NoAnswer,0,
1922,2024-05-28,23210,115,DN1,Central,Facebook Ads,12.12,Converted,1,2550.0
1923,2024-12-07,93329,159,DN1,North,Facebook Ads,NewProductLaunch,Cancelled,0,
1924,2024-03-13,36270,42,HN1,Central,Zalo OA,BackToSchool,Converted,1,1995.0
1925,2024-06-05,72008,68,HN1,Central,Email Marketing,FlashSaleWeekend,NoAnswer,0,
1926,2024-04-14,15197,189,DN1,Central,Zalo OA,FlashSaleWeekend,Converted,1,953.0
1927,2024-05-05,17452,189,CT1,North,Facebook Ads,BackToSchool,NoAnswer,0,
1928,2024-03-29,51486,70,HN1,North,Zalo OA,SummerSale,Converted,1,475.0
1929,2024-12-23,24859,78,HCM2,Central,Website SEO,SummerSale,New,0,
1930,2024-10-14,37236,196,HN1,North,Tiktok Ads,11.11,Converted,1,42.0
1931,2024-12-08,41899,90,CT1,Central,Email Marketing,NewProductLaunch,Converted,1,2652.0
1932,2024-10-26,42083,111,HCM1,North,Website SEO,SummerSale,Cancelled,0,
1933,2024-04-15,77708,112,HN1,Central,Website SEO,SummerSale,Converted,1,1987.0
1934,2023-12-23,26663,103,DN1,Central,Facebook Ads,NewProductLaunch,Calling,0,
1935,2024-09-01,29053,145,DN1,South,Facebook Ads,BackToSchool,NoAnswer,0,
1936,2024-02-25,21085,19,DN1,North,Website SEO,11.11,NoAnswer,0,
1937,2024-12-07,40564,179,HCM1,North,Website SEO,11.11,Converted,1,940.0
1938,2024-07-24,99745,70,CT1,South,Google Ads,11.11,Calling,0,
1939,2024-01-24,69095,63,HCM2,Central,Google Ads,SummerSale,NoAnswer,0,
1940,2024-12-18,79517,75,CT1,Central,Tiktok Ads,BackToSchool,Converted,1,2986.0
1941,2024-07-05,31153,158,HCM1,South,Website SEO,11.11,Converted,1,841.0
1942,2024-09-03,15247,153,DN1,South,Zalo OA,NewProductLaunch,Cancelled,0,
1943,2024-11-06,20553,104,CT1,Central,Email Marketing,11.11,Converted,1,2435.0
1944,2024-06-09,30811,75,HCM2,North,Google Ads,FlashSaleWeekend,Converted,1,894.0
1945,2024-11-26,16135,128,DN1,South,Facebook Ads,Tet2024,Calling,0,
1946,2024-10-27,15573,199,HCM2,South,Website SEO,BackToSchool,Converted,1,1339.0
1947,2024-03-07,89267,154,HN1,South,Zalo OA,Tet2024,Cancelled,0,
1948,2024-10-27,17189,56,HCM2,South,Email Marketing,BackToSchool,Converted,1,1365.0
1949,2024-04-03,90077,22,DN1,South,Zalo OA,12.12,Calling,0,
1950,2024-08-21,53646,89,HN1,South,Zalo OA,NewProductLaunch,Converted,1,2777.0
1951,2024-12-31,86623,19,DN1,Central,Facebook Ads,12.12,NoAnswer,0,
1952,2023-12-21,63687,159,DN1,Central,Google Ads,SummerSale,Converted,1,2500.0
1953,2024-03-07,78312,26,HN1,South,Zalo OA,SummerSale,Calling,0,
1954,2024-07-09,37564,170,HCM2,Central,Email Marketing,12.12,Cancelled,0,
1955,2024-10-23,38835,169,HCM1,North,Google Ads,BackToSchool,Calling,0,
1956,2024-01-05,71587,23,HCM1,North,Tiktok Ads,11.11,Converted,1,209.0
1957,2024-12-31,17697,47,HCM1,South,Facebook Ads,Tet2024,NoAnswer,0,
1958,2023-12-17,90165,13,HCM1,North,Google Ads,NewProductLaunch,New,0,
1959,2024-04-19,83922,66,CT1,North,Google Ads,11.11,NoAnswer,0,
1960,2024-10-06,27046,194,HCM1,Central,Zalo OA,SummerSale,Converted,1,2904.0
1961,2024-06-19,67823,144,HN1,Central,Email Marketing,11.11,NoAnswer,0,
1962,2024-12-10,83580,73,HCM1,Central,Zalo OA,12.12,Converted,1,2893.0
1963,2023-12-28,63370,156,DN1,Central,Email Marketing,12.12,New,0,
1964,2023-12-26,19615,77,HCM1,North,Facebook Ads,FlashSaleWeekend,Calling,0,
1965,2024-03-10,15060,163,HCM2,South,Google Ads,FlashSaleWeekend,NoAnswer,0,
1966,2023-12-26,86436,169,HN1,Central,Website SEO,Tet2024,Converted,1,2066.0
1967,2024-01-08,70519,31,HN1,North,Email Marketing,SummerSale,New,0,
1968,2024-10-10,81117,85,CT1,Central,Email Marketing,BackToSchool,Cancelled,0,
1969,2024-08-13,71158,160,DN1,North,Zalo OA,NewProductLaunch,New,0,
1970,2024-04-14,44782,182,HN1,Central,Zalo OA,12.12,Converted,1,1850.0
1971,2024-05-09,95709,59,HCM2,South,Tiktok Ads,NewProductLaunch,NoAnswer,0,
1972,2024-02-07,88533,41,HCM1,Central,Email Marketing,SummerSale,Converted,1,123.0
1973,2024-08-08,68255,112,HN1,South,Facebook Ads,BackToSchool,Cancelled,0,
1974,2024-12-04,82684,194,HCM2,Central,Google Ads,FlashSaleWeekend,NoAnswer,0,
1975,2024-06-04,66918,96,HCM1,Central,Google Ads,12.12,New,0,
1976,2024-07-22,94284,182,CT1,Central,Google Ads,Tet2024,Converted,1,1252.0
1977,2024-04-11,89558,168,HN1,North,Email Marketing,NewProductLaunch,Converted,1,338.0
1978,2024-10-18,95549,122,HN1,North,Zalo OA,SummerSale,Cancelled,0,
1979,2024-06-14,91422,156,HCM2,South,Facebook Ads,NewProductLaunch,Converted,1,2321.0
1980,2024-09-27,35256,165,DN1,South,Google Ads,FlashSaleWeekend,NoAnswer,0,
1981,2024-10-16,40005,105,CT1,North,Email Marketing,FlashSaleWeekend,Converted,1,902.0
1982,2024-10-09,16638,193,DN1,South,Website SEO,BackToSchool,New,0,
1983,2024-03-05,47419,74,HN1,South,Tiktok Ads,Tet2024,Cancelled,0,
1984,2024-07-12,43377,183,DN1,North,Tiktok Ads,FlashSaleWeekend,Converted,1,426.0
1985,2024-05-12,53116,132,HCM1,North,Google Ads,BackToSchool,Converted,1,2363.0
1986,2024-01-20,46634,99,CT1,North,Zalo OA,FlashSaleWeekend,NoAnswer,0,
1987,2024-11-30,92291,126,DN1,North,Tiktok Ads,12.12,New,0,
1988,2024-10-21,33382,138,HCM1,Central,Tiktok Ads,11.11,NoAnswer,0,
1989,2024-12-09,66063,175,HCM2,North,Tiktok Ads,BackToSchool,Converted,1,872.0
1990,2024-02-11,32394,75,DN1,South,Tiktok Ads,BackToSchool,NoAnswer,0,
1991,2024-04-23,77789,14,CT1,Central,Google Ads,NewProductLaunch,Converted,1,2305.0
1992,2024-07-03,10864,38,HCM1,Central,Email Marketing,FlashSaleWeekend,NoAnswer,0,
1993,2024-08-13,50222,140,DN1,South,Facebook Ads,BackToSchool,Calling,0,
1994,2024-01-18,23666,45,HCM2,Central,Facebook Ads,SummerSale,NoAnswer,0,
1995,2024-03-16,30955,145,DN1,South,Zalo OA,12.12,Cancelled,0,
1996,2024-07-08,91845,163,HCM1,Central,Email Marketing,NewProductLaunch,New,0,
1997,2024-12-01,79590,194,DN1,Central,Website SEO,NewProductLaunch,New,0,
1998,2024-11-10,76471,75,CT1,South,Facebook Ads,11.11,Converted,1,2058.0
1999,2024-10-14,98314,169,HN1,South,Website SEO,12.12,Calling,0,
2000,2024-11-28,53298,195,HCM1,South,Facebook Ads,SummerSale,Converted,1,1455.0
2001,2024-07-14,73108,29,HCM1,South,Facebook Ads,12.12,Calling,0,
2002,2024-05-21,58924,18,HCM1,North,Zalo OA,BackToSchool,Converted,1,1897.0
2003,2024-01-07,26709,20,HCM1,North,Tiktok Ads,11.11,Converted,1,2639.0
2004,2024-10-02,19726,14,DN1,South,Zalo OA,SummerSale,Converted,1,1456.0
2005,2023-12-18,70824,162,CT1,North,Facebook Ads,11.11,Converted,1,2947.0
2006,2024-07-21,50542,177,HCM2,South,Email Marketing,12.12,Calling,0,
2007,2024-12-12,30245,54,CT1,South,Tiktok Ads,Tet2024,Converted,1,1625.0
2008,2024-12-30,44753,31,HCM1,Central,Email Marketing,12.12,Converted,1,2958.0
2009,2024-01-03,89788,58,DN1,South,Email Marketing,BackToSchool,NoAnswer,0,
2010,2024-05-14,31316,104,DN1,South,Email Marketing,11.11,NoAnswer,0,
2011,2024-02-02,94698,170,HCM1,South,Tiktok Ads,Tet2024,Cancelled,0,
2012,2024-06-08,25960,186,DN1,South,Email Marketing,BackToSchool,New,0,
2013,2024-03-19,40791,128,HCM1,Central,Tiktok Ads,11.11,New,0,
2014,2024-03-28,35216,158,CT1,South,Website SEO,11.11,NoAnswer,0,
2015,2024-08-20,42467,25,HN1,Central,Facebook Ads,12.12,New,0,
2016,2024-04-09,74427,191,DN1,South,Google Ads,FlashSaleWeekend,Converted,1,2512.0
2017,2024-12-02,72047,19,HCM1,Central,Email Marketing,11.11,NoAnswer,0,
2018,2024-07-29,83290,136,HCM1,North,Zalo OA,11.11,Converted,1,242.0
2019,2024-02-18,57014,3,DN1,Central,Website SEO,NewProductLaunch,Calling,0,
2020,2024-11-13,14078,195,HCM2,Central,Zalo OA,FlashSaleWeekend,NoAnswer,0,
2021,2024-09-01,88389,86,HCM1,South,Google Ads,11.11,Cancelled,0,
2022,2024-10-04,60519,145,DN1,Central,Tiktok Ads,12.12,NoAnswer,0,
2023,2024-08-13,14042,142,HCM1,Central,Google Ads,NewProductLaunch,NoAnswer,0,
2024,2024-12-19,59052,9,HCM2,South,Zalo OA,NewProductLaunch,New,0,
2025,2024-06-17,24389,190,HN1,North,Google Ads,Tet2024,NoAnswer,0,
2026,2024-08-16,78111,94,HCM2,North,Facebook Ads,BackToSchool,Converted,1,1146.0
2027,2024-04-17,60733,149,CT1,North,Google Ads,NewProductLaunch,Cancelled,0,
2028,2024-09-07,44754,165,DN1,Central,Email Marketing,SummerSale,NoAnswer,0,
2029,2024-04-23,28624,139,HCM2,South,Facebook Ads,NewProductLaunch,Converted,1,1832.0
2030,2024-08-07,95886,20,HN1,North,Email Marketing,SummerSale,NoAnswer,0,
2031,2024-01-01,36681,35,HCM1,North,Google Ads,FlashSaleWeekend,Calling,0,
2032,2024-01-23,99524,53,DN1,North,Facebook Ads,Tet2024,NoAnswer,0,
2033,2024-01-04,91006,175,HCM2,North,Facebook Ads,SummerSale,NoAnswer,0,
2034,2024-07-26,34704,110,HN1,South,Google Ads,Tet2024,NoAnswer,0,
2035,2024-12-03,17493,180,HCM2,North,Website SEO,Tet2024,Cancelled,0,
2036,2024-09-21,79639,136,CT1,Central,Tiktok Ads,Tet2024,New,0,
2037,2023-12-22,64383,4,DN1,Central,Tiktok Ads,SummerSale,Converted,1,428.0
2038,2024-03-23,12994,155,HCM1,South,Tiktok Ads,SummerSale,Calling,0,
2039,2024-08-10,79280,172,HN1,North,Facebook Ads,Tet2024,Calling,0,
2040,2024-03-10,57234,168,HCM2,North,Tiktok Ads,FlashSaleWeekend,Converted,1,7.0
2041,2024-10-07,57291,102,DN1,Central,Facebook Ads,Tet2024,Converted,1,2168.0
2042,2023-12-28,15594,47,HCM2,South,Website SEO,FlashSaleWeekend,NoAnswer,0,
2043,2024-11-12,17371,94,DN1,Central,Google Ads,BackToSchool,Converted,1,1374.0
2044,2023-12-16,57315,172,CT1,South,Google Ads,FlashSaleWeekend,NoAnswer,0,
2045,2024-12-23,93564,48,HCM2,South,Facebook Ads,FlashSaleWeekend,New,0,
2046,2024-10-02,89526,91,CT1,South,Facebook Ads,FlashSaleWeekend,Converted,1,1067.0
2047,2024-11-03,26626,180,HN1,Central,Website SEO,Tet2024,Converted,1,2231.0
2048,2024-01-24,96005,84,CT1,South,Tiktok Ads,11.11,NoAnswer,0,
2049,2024-10-27,17130,68,DN1,Central,Website SEO,BackToSchool,Converted,1,565.0
2050,2024-10-25,16828,139,HN1,Central,Google Ads,BackToSchool,Converted,1,1697.0
2051,2024-12-29,67514,125,HCM2,North,Google Ads,BackToSchool,Cancelled,0,
2052,2024-04-03,62664,73,HCM2,Central,Email Marketing,11.11,New,0,
2053,2023-12-28,27883,4,DN1,Central,Tiktok Ads,BackToSchool,NoAnswer,0,
2054,2024-08-01,53059,76,HCM1,North,Google Ads,BackToSchool,Converted,1,2996.0
2055,2024-03-07,94078,73,HCM1,North,Email Marketing,SummerSale,New,0,
2056,2024-04-22,52932,77,HCM2,North,Facebook Ads,12.12,Converted,1,990.0
2057,2024-08-01,71269,48,DN1,South,Google Ads,SummerSale,Calling,0,
2058,2024-11-04,85986,154,HCM1,South,Zalo OA,Tet2024,NoAnswer,0,
2059,2024-05-07,95959,102,CT1,North,Tiktok Ads,Tet2024,Converted,1,1813.0
2060,2024-12-27,12035,106,HCM2,South,Email Marketing,FlashSaleWeekend,Converted,1,546.0
2061,2024-11-23,50745,77,CT1,North,Tiktok Ads,NewProductLaunch,New,0,
2062,2024-01-11,27241,39,DN1,South,Tiktok Ads,12.12,New,0,
2063,2024-02-18,62975,58,CT1,Central,Zalo OA,11.11,NoAnswer,0,
2064,2024-05-25,33154,19,HCM1,South,Website SEO,SummerSale,New,0,
2065,2024-07-30,35625,88,HCM1,South,Facebook Ads,Tet2024,NoAnswer,0,
2066,2024-08-31,54950,113,HN1,Central,Tiktok Ads,11.11,Converted,1,931.0
2067,2024-05-26,66396,77,HCM2,North,Google Ads,BackToSchool,NoAnswer,0,
2068,2024-10-10,23331,77,DN1,South,Facebook Ads,11.11,Cancelled,0,
2069,2024-10-12,73927,186,HCM2,South,Google Ads,SummerSale,Cancelled,0,
2070,2024-09-26,96226,28,CT1,Central,Facebook Ads,12.12,Converted,1,1276.0
2071,2023-12-24,94719,66,DN1,Central,Facebook Ads,NewProductLaunch,New,0,
2072,2024-06-26,73014,10,DN1,Central,Email Marketing,FlashSaleWeekend,Converted,1,1313.0
2073,2024-04-10,49346,126,HCM1,Central,Google Ads,SummerSale,New,0,
2074,2024-09-09,80411,58,CT1,North,Google Ads,FlashSaleWeekend,New,0,
2075,2024-03-03,64478,142,HCM1,South,Facebook Ads,12.12,Calling,0,
2076,2024-03-16,22254,125,HCM1,South,Tiktok Ads,Tet2024,NoAnswer,0,
2077,2024-09-05,65734,112,HN1,South,Google Ads,FlashSaleWeekend,Converted,1,1020.0
2078,2024-11-10,38621,84,HCM1,South,Zalo OA,Tet2024,NoAnswer,0,
2079,2024-11-28,86441,143,HCM2,North,Zalo OA,11.11,Converted,1,1050.0
2080,2024-12-09,56121,96,DN1,South,Facebook Ads,SummerSale,Calling,0,
2081,2024-08-27,91418,33,HCM1,North,Website SEO,Tet2024,Calling,0,
2082,2024-04-25,70197,145,HCM2,North,Facebook Ads,BackToSchool,New,0,
2083,2024-09-15,94577,152,CT1,Central,Facebook Ads,BackToSchool,Converted,1,2279.0
2084,2024-09-03,52431,158,DN1,Central,Tiktok Ads,NewProductLaunch,Converted,1,2986.0
2085,2024-06-02,14837,190,CT1,South,Tiktok Ads,11.11,Converted,1,1610.0
2086,2023-12-15,93163,141,HCM2,North,Email Marketing,Tet2024,NoAnswer,0,
2087,2024-10-22,81232,190,CT1,Central,Website SEO,NewProductLaunch,Converted,1,518.0
2088,2024-02-16,58994,47,CT1,North,Website SEO,BackToSchool,Cancelled,0,
2089,2024-12-22,89079,112,CT1,Central,Website SEO,NewProductLaunch,Converted,1,2425.0
2090,2024-09-23,22615,144,HCM1,North,Website SEO,NewProductLaunch,Converted,1,1935.0
2091,2024-04-13,11466,194,HCM1,South,Website SEO,Tet2024,Cancelled,0,
2092,2024-03-30,40771,43,HCM1,South,Facebook Ads,Tet2024,Calling,0,
2093,2024-06-06,93886,8,DN1,North,Facebook Ads,Tet2024,Converted,1,1746.0
2094,2024-07-05,75911,3,HCM2,Central,Email Marketing,11.11,Converted,1,1669.0
2095,2024-05-27,30746,125,HCM1,Central,Zalo OA,FlashSaleWeekend,Calling,0,
2096,2024-10-14,98422,12,CT1,South,Zalo OA,NewProductLaunch,Converted,1,2547.0
2097,2024-04-12,70739,84,CT1,South,Email Marketing,NewProductLaunch,Converted,1,1198.0
2098,2024-01-27,83369,16,CT1,South,Email Marketing,11.11,NoAnswer,0,
2099,2024-10-21,11893,78,CT1,Central,Google Ads,BackToSchool,NoAnswer,0,
2100,2024-05-18,40573,59,HN1,Central,Facebook Ads,SummerSale,Converted,1,1533.0
2101,2024-12-15,50874,177,DN1,South,Website SEO,FlashSaleWeekend,Cancelled,0,
2102,2024-07-08,87362,63,HCM2,North,Google Ads,BackToSchool,NoAnswer,0,
2103,2024-03-31,97460,190,HCM2,Central,Tiktok Ads,11.11,New,0,
2104,2024-08-21,43367,49,HCM1,South,Facebook Ads,FlashSaleWeekend,Converted,1,2253.0
2105,2024-12-18,31199,51,HN1,North,Email Marketing,FlashSaleWeekend,Converted,1,2389.0
2106,2024-11-12,84328,33,HCM2,Central,Zalo OA,NewProductLaunch,Calling,0,
2107,2024-04-22,67724,30,DN1,North,Facebook Ads,NewProductLaunch,Converted,1,2937.0
2108,2024-10-02,96133,187,CT1,North,Email Marketing,Tet2024,Converted,1,15.0
2109,2024-01-03,46405,76,HCM1,Central,Facebook Ads,Tet2024,Cancelled,0,
2110,2024-09-21,25989,15,DN1,South,Facebook Ads,NewProductLaunch,Converted,1,2042.0
2111,2024-09-24,38931,82,HCM2,North,Facebook Ads,NewProductLaunch,Converted,1,2043.0
2112,2023-12-15,19290,92,HN1,South,Tiktok Ads,12.12,Converted,1,911.0
2113,2024-04-11,48367,23,HCM1,Central,Zalo OA,FlashSaleWeekend,Converted,1,2675.0
2114,2024-01-18,89878,94,HCM2,North,Facebook Ads,Tet2024,Cancelled,0,
2115,2024-06-29,89481,45,HCM1,North,Email Marketing,Tet2024,New,0,
2116,2024-08-15,86298,62,HCM2,North,Tiktok Ads,BackToSchool,NoAnswer,0,
2117,2024-02-11,40133,199,CT1,North,Google Ads,NewProductLaunch,Converted,1,1615.0
2118,2024-11-03,37052,15,HN1,North,Facebook Ads,FlashSaleWeekend,Converted,1,1535.0
2119,2024-05-23,95489,46,CT1,Central,Tiktok Ads,NewProductLaunch,NoAnswer,0,
2120,2024-06-10,50475,64,HCM2,North,Website SEO,11.11,Calling,0,
2121,2024-07-07,92666,174,DN1,Central,Google Ads,BackToSchool,New,0,
2122,2023-12-26,67656,184,CT1,South,Zalo OA,SummerSale,Converted,1,1737.0
2123,2024-09-15,14633,172,DN1,Central,Facebook Ads,SummerSale,Cancelled,0,
2124,2024-06-12,27304,75,HCM2,North,Facebook Ads,SummerSale,Converted,1,460.0
2125,2024-08-12,56546,157,HN1,South,Tiktok Ads,FlashSaleWeekend,New,0,
2126,2024-07-17,17008,190,DN1,Central,Zalo OA,12.12,Cancelled,0,
2127,2024-08-21,58291,52,HCM2,Central,Website SEO,Tet2024,New,0,
2128,2024-10-08,37405,182,DN1,Central,Google Ads,FlashSaleWeekend,Converted,1,1614.0
2129,2024-04-18,46386,88,CT1,North,Email Marketing,SummerSale,NoAnswer,0,
2130,2024-07-18,30827,57,HCM2,North,Zalo OA,11.11,Converted,1,2937.0
2131,2024-10-15,43040,83,CT1,Central,Facebook Ads,FlashSaleWeekend,Cancelled,0,
2132,2024-09-24,70354,66,HCM1,Central,Tiktok Ads,FlashSaleWeekend,Calling,0,
2133,2024-06-16,88543,150,HCM2,South,Website SEO,Tet2024,New,0,
2134,2024-01-22,28157,20,DN1,North,Tiktok Ads,Tet2024,Converted,1,1150.0
2135,2024-07-24,45315,33,HCM1,North,Google Ads,SummerSale,Converted,1,972.0
2136,2024-06-15,45932,72,CT1,South,Zalo OA,Tet2024,NoAnswer,0,
2137,2024-06-09,31164,25,CT1,Central,Tiktok Ads,BackToSchool,Converted,1,707.0
2138,2024-10-03,24414,46,DN1,Central,Email Marketing,BackToSchool,Cancelled,0,
2139,2024-11-18,24327,73,HCM1,South,Email Marketing,SummerSale,NoAnswer,0,
2140,2024-05-13,10946,98,HN1,Central,Tiktok Ads,FlashSaleWeekend,New,0,
2141,2024-04-18,24693,57,DN1,Central,Facebook Ads,11.11,Converted,1,395.0
2142,2024-10-10,37241,87,CT1,South,Tiktok Ads,Tet2024,Calling,0,
2143,2024-10-17,25540,133,HCM2,South,Website SEO,NewProductLaunch,Calling,0,
2144,2024-11-14,82255,55,HCM1,South,Zalo OA,FlashSaleWeekend,New,0,
2145,2024-08-04,74757,61,HN1,Central,Google Ads,SummerSale,Cancelled,0,
2146,2024-12-28,51203,89,HCM2,South,Email Marketing,12.12,NoAnswer,0,
2147,2024-12-23,35081,8,HCM1,Central,Tiktok Ads,Tet2024,NoAnswer,0,
2148,2023-12-22,71861,16,DN1,North,Website SEO,SummerSale,Cancelled,0,
2149,2024-11-19,21350,176,DN1,North,Email Marketing,SummerSale,Converted,1,896.0
2150,2024-04-21,65512,116,HCM1,South,Email Marketing,11.11,New,0,
2151,2024-09-03,66809,61,HN1,Central,Google Ads,NewProductLaunch,NoAnswer,0,
2152,2024-05-19,52832,15,HCM1,Central,Email Marketing,Tet2024,NoAnswer,0,
2153,2024-11-30,38369,193,HCM2,Central,Website SEO,SummerSale,New,0,
2154,2024-12-06,41728,150,HCM2,South,Email Marketing,SummerSale,Converted,1,386.0
2155,2023-12-19,27576,131,DN1,Central,Email Marketing,FlashSaleWeekend,NoAnswer,0,
2156,2024-03-09,39001,102,HCM1,Central,Tiktok Ads,Tet2024,Converted,1,2216.0
2157,2024-06-06,93384,54,DN1,Central,Tiktok Ads,SummerSale,Converted,1,1436.0
2158,2024-09-29,10390,14,HN1,North,Zalo OA,SummerSale,Converted,1,2765.0
2159,2024-06-24,97535,36,HCM2,Central,Facebook Ads,SummerSale,Cancelled,0,
2160,2024-10-20,55436,105,CT1,North,Website SEO,BackToSchool,Cancelled,0,
2161,2024-04-11,21569,82,CT1,Central,Facebook Ads,BackToSchool,New,0,
2162,2024-07-19,23029,67,HCM1,Central,Facebook Ads,NewProductLaunch,Converted,1,1943.0
2163,2024-04-06,32490,10,HCM1,Central,Email Marketing,11.11,New,0,
2164,2024-05-07,55875,49,CT1,North,Google Ads,FlashSaleWeekend,Cancelled,0,
2165,2024-01-09,15867,111,HCM1,Central,Google Ads,FlashSaleWeekend,New,0,
2166,2024-04-28,90820,65,HCM2,South,Email Marketing,Tet2024,Converted,1,892.0
2167,2024-10-12,19121,57,HN1,Central,Website SEO,11.11,Converted,1,2824.0
2168,2024-08-02,11539,27,HN1,North,Facebook Ads,11.11,Cancelled,0,
2169,2024-12-17,27027,113,DN1,North,Zalo OA,FlashSaleWeekend,Cancelled,0,
2170,2024-02-28,84229,133,HCM2,South,Facebook Ads,BackToSchool,Cancelled,0,
2171,2024-11-06,18921,71,HCM1,South,Google Ads,NewProductLaunch,NoAnswer,0,
2172,2024-11-23,60435,83,HCM1,South,Facebook Ads,11.11,Converted,1,1437.0
2173,2024-10-11,20310,57,DN1,North,Tiktok Ads,FlashSaleWeekend,Converted,1,1374.0
2174,2024-09-28,73965,120,DN1,Central,Tiktok Ads,11.11,Converted,1,1083.0
2175,2023-12-15,79922,93,HCM1,Central,Zalo OA,SummerSale,New,0,
2176,2024-05-09,92839,15,HCM1,South,Website SEO,Tet2024,Converted,1,934.0
2177,2024-09-26,22242,111,HCM2,South,Facebook Ads,NewProductLaunch,Converted,1,2588.0
2178,2024-05-04,18947,101,DN1,Central,Tiktok Ads,FlashSaleWeekend,Converted,1,2273.0
2179,2024-02-05,81466,119,HCM2,South,Website SEO,Tet2024,Converted,1,1342.0
2180,2024-10-13,71816,76,HCM1,Central,Tiktok Ads,BackToSchool,NoAnswer,0,
2181,2024-02-21,58785,158,CT1,Central,Website SEO,11.11,Converted,1,558.0
2182,2024-12-09,10507,20,CT1,Central,Website SEO,11.11,Converted,1,1498.0
2183,2024-03-13,76972,165,HCM1,Central,Tiktok Ads,12.12,Converted,1,1870.0
2184,2024-07-21,37151,131,DN1,North,Email Marketing,Tet2024,New,0,
2185,2024-06-23,21618,73,CT1,Central,Google Ads,BackToSchool,Converted,1,1820.0
2186,2024-02-15,84286,122,DN1,South,Website SEO,FlashSaleWeekend,Calling,0,
2187,2024-02-25,26122,41,CT1,South,Email Marketing,12.12,NoAnswer,0,
2188,2024-05-23,17354,167,DN1,South,Facebook Ads,12.12,NoAnswer,0,
2189,2024-05-31,40979,154,CT1,South,Email Marketing,SummerSale,Converted,1,2020.0
2190,2024-03-12,96436,130,DN1,North,Tiktok Ads,12.12,NoAnswer,0,
2191,2024-06-07,89376,23,HCM2,Central,Email Marketing,12.12,Calling,0,
2192,2024-09-08,62774,23,DN1,Central,Google Ads,SummerSale,Converted,1,1457.0
2193,2024-02-25,15037,144,HCM2,South,Tiktok Ads,11.11,Converted,1,3.0
2194,2024-08-15,38633,9,HCM2,South,Zalo OA,11.11,Converted,1,1008.0
2195,2024-02-29,34495,13,HCM1,South,Facebook Ads,NewProductLaunch,New,0,
2196,2024-05-21,74550,156,HCM2,Central,Zalo OA,12.12,Converted,1,263.0
2197,2024-11-02,91384,155,HN1,North,Email Marketing,Tet2024,Calling,0,
2198,2024-03-21,46483,51,HCM2,North,Website SEO,11.11,New,0,
2199,2024-12-29,83373,64,DN1,North,Email Marketing,BackToSchool,New,0,
2200,2024-03-25,44069,52,HCM2,North,Website SEO,FlashSaleWeekend,Converted,1,905.0
2201,2024-04-24,17370,38,DN1,South,Zalo OA,Tet2024,New,0,
2202,2024-03-25,81947,100,DN1,Central,Zalo OA,NewProductLaunch,New,0,
2203,2024-01-02,49133,193,HN1,South,Website SEO,12.12,New,0,
2204,2024-03-05,10692,146,HCM2,North,Google Ads,SummerSale,Calling,0,
2205,2024-09-18,38926,191,HCM2,South,Facebook Ads,NewProductLaunch,Converted,1,43.0
2206,2024-11-17,83984,51,CT1,North,Tiktok Ads,Tet2024,Converted,1,2898.0
2207,2024-12-13,53390,137,CT1,Central,Zalo OA,SummerSale,NoAnswer,0,
2208,2024-11-09,59593,141,HCM1,North,Facebook Ads,BackToSchool,Calling,0,
2209,2024-04-21,85609,168,DN1,South,Tiktok Ads,SummerSale,NoAnswer,0,
2210,2024-11-22,15209,55,HN1,Central,Email Marketing,SummerSale,Converted,1,1863.0
2211,2024-10-19,16533,109,CT1,North,Tiktok Ads,BackToSchool,NoAnswer,0,
2212,2024-03-12,96597,171,HCM2,North,Zalo OA,11.11,Cancelled,0,
2213,2024-07-14,17211,44,HCM1,Central,Google Ads,11.11,NoAnswer,0,
2214,2024-05-05,19927,110,HN1,South,Google Ads,SummerSale,Calling,0,
2215,2024-02-17,87463,196,HCM2,Central,Facebook Ads,FlashSaleWeekend,Cancelled,0,
2216,2024-02-28,34594,161,HCM2,South,Email Marketing,SummerSale,New,0,
2217,2024-06-30,84852,152,DN1,North,Facebook Ads,NewProductLaunch,New,0,
2218,2024-05-05,87713,164,DN1,North,Website SEO,FlashSaleWeekend,NoAnswer,0,
2219,2024-10-25,86382,128,CT1,Central,Google Ads,11.11,Converted,1,2123.0
2220,2024-03-16,17933,105,CT1,North,Facebook Ads,BackToSchool,New,0,
2221,2024-10-14,50696,10,HCM2,Central,Website SEO,12.12,New,0,
2222,2024-07-25,75449,100,HCM2,North,Email Marketing,12.12,Converted,1,2961.0
2223,2024-09-30,77616,148,CT1,North,Tiktok Ads,SummerSale,Converted,1,2758.0
2224,2024-03-25,16089,109,CT1,South,Facebook Ads,SummerSale,Cancelled,0,
2225,2024-09-06,66548,108,HCM2,Central,Website SEO,12.12,Converted,1,776.0
2226,2024-12-03,36123,140,HN1,Central,Google Ads,NewProductLaunch,Calling,0,
2227,2024-04-02,17797,190,HCM2,North,Tiktok Ads,NewProductLaunch,Converted,1,2036.0
2228,2024-11-08,60013,146,HN1,South,Facebook Ads,NewProductLaunch,Converted,1,736.0
2229,2024-09-04,18346,94,HN1,South,Google Ads,Tet2024,New,0,
2230,2023-12-17,95414,63,HCM2,Central,Tiktok Ads,BackToSchool,New,0,
2231,2024-03-08,43672,84,HCM1,Central,Zalo OA,Tet2024,Calling,0,
2232,2024-09-21,27653,25,CT1,North,Google Ads,SummerSale,Converted,1,396.0
2233,2024-11-06,59556,12,DN1,Central,Zalo OA,NewProductLaunch,Cancelled,0,
2234,2024-10-13,36140,149,HCM2,North,Email Marketing,NewProductLaunch,Converted,1,2002.0
2235,2024-04-09,11184,25,HN1,South,Facebook Ads,12.12,Cancelled,0,
2236,2024-07-22,44493,11,HCM2,Central,Website SEO,12.12,New,0,
2237,2024-05-16,54148,64,CT1,South,Facebook Ads,FlashSaleWeekend,NoAnswer,0,
2238,2024-05-15,34846,126,HN1,South,Google Ads,NewProductLaunch,Calling,0,
2239,2023-12-26,32195,50,DN1,North,Zalo OA,11.11,Cancelled,0,
2240,2024-04-25,15606,190,DN1,South,Zalo OA,12.12,New,0,
2241,2024-10-13,13956,89,DN1,North,Tiktok Ads,BackToSchool,Converted,1,266.0
2242,2024-10-02,26555,99,HCM1,North,Facebook Ads,Tet2024,Converted,1,2254.0
2243,2024-10-09,28690,116,HN1,South,Facebook Ads,BackToSchool,Converted,1,2085.0
2244,2024-07-29,68502,96,HN1,South,Google Ads,12.12,Cancelled,0,
2245,2024-09-10,58849,177,HCM1,North,Zalo OA,NewProductLaunch,Converted,1,1114.0
2246,2024-01-26,36347,14,HN1,North,Google Ads,SummerSale,Converted,1,744.0
2247,2024-11-21,59056,1,HCM1,South,Google Ads,11.11,New,0,
2248,2024-11-04,73851,25,HCM2,North,Email Marketing,12.12,Calling,0,
2249,2024-10-11,91502,187,CT1,North,Zalo OA,BackToSchool,NoAnswer,0,
2250,2024-12-12,91418,72,DN1,Central,Google Ads,SummerSale,Converted,1,94.0
2251,2024-12-27,80211,69,HCM1,Central,Zalo OA,12.12,Calling,0,
2252,2024-01-04,51850,133,HCM1,Central,Google Ads,NewProductLaunch,Cancelled,0,
2253,2024-03-30,88545,105,HCM1,Central,Website SEO,FlashSaleWeekend,Cancelled,0,
2254,2024-11-14,37843,147,HCM2,Central,Google Ads,NewProductLaunch,Converted,1,2781.0
2255,2024-10-12,72320,23,HCM1,North,Google Ads,NewProductLaunch,Cancelled,0,
2256,2024-04-09,39793,9,CT1,North,Website SEO,NewProductLaunch,NoAnswer,0,
2257,2024-04-16,49516,118,CT1,Central,Facebook Ads,12.12,Calling,0,
2258,2024-09-20,27857,94,DN1,South,Zalo OA,FlashSaleWeekend,New,0,
2259,2024-10-01,29627,178,HCM2,Central,Tiktok Ads,11.11,Calling,0,
2260,2024-07-04,71822,144,CT1,South,Website SEO,11.11,Calling,0,
2261,2024-02-03,94101,33,HN1,North,Facebook Ads,BackToSchool,Converted,1,1299.0
2262,2024-09-10,62248,130,HN1,South,Google Ads,12.12,Converted,1,2188.0
2263,2024-11-02,65798,14,HN1,North,Email Marketing,FlashSaleWeekend,Converted,1,1047.0
2264,2024-09-16,54116,1,HCM1,South,Facebook Ads,FlashSaleWeekend,NoAnswer,0,
2265,2024-05-03,85318,90,HCM1,North,Website SEO,NewProductLaunch,Converted,1,378.0
2266,2024-09-14,97902,186,HN1,North,Email Marketing,11.11,Calling,0,
2267,2024-09-29,38557,89,DN1,Central,Google Ads,12.12,Cancelled,0,
2268,2024-11-12,81334,144,DN1,North,Facebook Ads,SummerSale,Converted,1,1588.0
2269,2024-12-29,85163,90,HCM1,Central,Tiktok Ads,11.11,Converted,1,778.0
2270,2024-12-21,88002,175,HN1,Central,Zalo OA,11.11,NoAnswer,0,
2271,2024-02-04,52614,172,DN1,Central,Zalo OA,FlashSaleWeekend,Converted,1,167.0
2272,2024-01-10,22720,14,HCM1,South,Website SEO,BackToSchool,Converted,1,2571.0
2273,2024-05-19,67608,152,HN1,South,Google Ads,11.11,Converted,1,2012.0
2274,2024-08-09,82095,111,HCM2,North,Google Ads,SummerSale,Converted,1,584.0
2275,2024-05-18,94694,183,HN1,Central,Zalo OA,NewProductLaunch,Converted,1,2549.0
2276,2024-09-30,97593,143,HN1,Central,Facebook Ads,Tet2024,Cancelled,0,
2277,2024-04-28,45892,83,CT1,North,Google Ads,BackToSchool,Cancelled,0,
2278,2024-05-06,87242,72,CT1,Central,Tiktok Ads,SummerSale,Converted,1,560.0
2279,2024-03-29,87606,162,HCM2,North,Tiktok Ads,BackToSchool,Calling,0,
2280,2024-05-20,10924,130,HCM2,Central,Google Ads,12.12,New,0,
2281,2024-05-08,61322,27,HN1,South,Google Ads,NewProductLaunch,Calling,0,
2282,2023-12-16,36478,74,DN1,North,Zalo OA,11.11,New,0,
2283,2024-02-29,81042,99,HCM2,North,Website SEO,12.12,Converted,1,1763.0
2284,2024-04-24,56418,72,HN1,South,Zalo OA,11.11,Converted,1,1525.0
2285,2024-03-13,72217,23,HCM1,North,Website SEO,FlashSaleWeekend,NoAnswer,0,
2286,2024-11-23,90846,68,CT1,South,Tiktok Ads,SummerSale,Converted,1,2909.0
2287,2024-11-28,83762,142,DN1,Central,Website SEO,NewProductLaunch,Converted,1,1243.0
2288,2024-09-02,21781,191,HN1,South,Zalo OA,Tet2024,NoAnswer,0,
2289,2024-11-29,15515,117,HCM1,South,Google Ads,Tet2024,Converted,1,81.0
2290,2024-03-31,46133,106,CT1,North,Website SEO,11.11,NoAnswer,0,
2291,2024-02-26,92508,93,HCM1,Central,Zalo OA,12.12,Cancelled,0,
2292,2024-01-22,86946,65,HN1,South,Tiktok Ads,FlashSaleWeekend,Cancelled,0,
2293,2024-05-21,95058,68,HCM2,Central,Email Marketing,NewProductLaunch,Converted,1,1850.0
2294,2024-02-23,19095,128,CT1,South,Website SEO,NewProductLaunch,NoAnswer,0,
2295,2024-10-21,98583,63,HCM1,North,Tiktok Ads,SummerSale,Converted,1,1275.0
2296,2024-08-11,30470,113,HCM2,South,Tiktok Ads,12.12,Converted,1,2786.0
2297,2024-10-07,53129,90,DN1,South,Facebook Ads,Tet2024,Calling,0,
2298,2024-01-19,18531,81,HN1,Central,Email Marketing,SummerSale,Cancelled,0,
2299,2024-03-07,47038,103,HN1,South,Website SEO,BackToSchool,Cancelled,0,
2300,2024-12-22,97939,192,CT1,North,Zalo OA,NewProductLaunch,Calling,0,
2301,2024-09-02,52674,160,HCM1,North,Website SEO,Tet2024,Converted,1,1321.0
2302,2024-10-19,92476,116,DN1,South,Website SEO,SummerSale,Cancelled,0,
2303,2024-06-03,39831,13,CT1,South,Email Marketing,11.11,Calling,0,
2304,2024-12-24,67174,194,CT1,Central,Tiktok Ads,BackToSchool,New,0,
2305,2024-06-04,21279,124,HCM1,Central,Tiktok Ads,SummerSale,Converted,1,1467.0
2306,2024-12-10,48220,147,DN1,North,Tiktok Ads,11.11,Converted,1,1114.0
2307,2024-01-30,70610,152,HCM1,Central,Tiktok Ads,Tet2024,Converted,1,2203.0
2308,2024-12-27,62719,88,HN1,South,Email Marketing,Tet2024,Converted,1,1645.0
2309,2024-05-03,63051,11,HCM2,North,Zalo OA,BackToSchool,Calling,0,
2310,2024-12-23,82013,187,HN1,Central,Google Ads,11.11,New,0,
2311,2024-04-10,66652,15,HN1,North,Facebook Ads,NewProductLaunch,Converted,1,479.0
2312,2024-09-16,75524,10,CT1,South,Tiktok Ads,FlashSaleWeekend,Converted,1,2666.0
2313,2024-07-15,92936,41,HN1,Central,Tiktok Ads,FlashSaleWeekend,Cancelled,0,
2314,2024-07-21,16470,155,DN1,South,Facebook Ads,Tet2024,New,0,
2315,2024-01-09,77598,188,HN1,South,Tiktok Ads,12.12,Calling,0,
2316,2023-12-23,51798,73,DN1,North,Google Ads,NewProductLaunch,Converted,1,1618.0
2317,2024-09-10,63473,52,HCM1,North,Website SEO,NewProductLaunch,New,0,
2318,2023-12-24,29880,128,CT1,North,Facebook Ads,FlashSaleWeekend,NoAnswer,0,
2319,2024-12-26,54439,28,DN1,Central,Zalo OA,SummerSale,Converted,1,1056.0
2320,2024-04-13,24308,65,HN1,Central,Facebook Ads,SummerSale,Calling,0,
2321,2024-04-17,45081,17,CT1,North,Google Ads,Tet2024,Calling,0,
2322,2024-06-01,85242,95,CT1,Central,Email Marketing,NewProductLaunch,New,0,
2323,2024-02-24,60383,172,DN1,Central,Zalo OA,SummerSale,Cancelled,0,
2324,2024-05-14,19837,138,DN1,North,Website SEO,11.11,Cancelled,0,
2325,2024-07-09,62151,63,HCM2,South,Tiktok Ads,11.11,Calling,0,
2326,2024-02-01,46824,175,HCM2,Central,Facebook Ads,11.11,Calling,0,
2327,2024-05-16,43073,38,CT1,Central,Zalo OA,11.11,Converted,1,1955.0
2328,2024-11-25,36299,70,HCM2,South,Facebook Ads,NewProductLaunch,Converted,1,1565.0
2329,2024-10-02,68861,104,HN1,South,Website SEO,11.11,New,0,
2330,2024-02-20,40063,53,HCM1,South,Facebook Ads,NewProductLaunch,Calling,0,
2331,2024-02-02,79453,172,CT1,North,Zalo OA,FlashSaleWeekend,Converted,1,357.0
2332,2024-05-14,78472,119,HCM1,South,Google Ads,Tet2024,Calling,0,
2333,2024-01-02,24506,74,HCM2,North,Email Marketing,Tet2024,Cancelled,0,
2334,2024-03-23,89854,54,DN1,South,Zalo OA,11.11,Calling,0,
2335,2024-02-12,36026,20,CT1,South,Facebook Ads,11.11,Converted,1,659.0
2336,2024-05-29,37672,79,HCM2,North,Website SEO,11.11,New,0,
2337,2024-07-03,48417,31,HN1,North,Tiktok Ads,Tet2024,Converted,1,1526.0
2338,2024-11-23,62413,135,CT1,South,Tiktok Ads,SummerSale,Converted,1,2083.0
2339,2024-05-08,75066,58,CT1,South,Website SEO,Tet2024,Converted,1,2509.0
2340,2024-05-26,69213,105,DN1,South,Facebook Ads,11.11,Calling,0,
2341,2024-08-12,60971,10,CT1,Central,Email Marketing,SummerSale,Converted,1,1694.0
2342,2024-02-21,37281,10,DN1,South,Website SEO,SummerSale,Calling,0,
2343,2024-06-06,38091,39,HCM2,North,Facebook Ads,BackToSchool,Calling,0,
2344,2024-02-01,60494,156,HN1,Central,Zalo OA,FlashSaleWeekend,NoAnswer,0,
2345,2024-03-31,28610,158,HN1,North,Email Marketing,NewProductLaunch,Calling,0,
2346,2024-07-27,11079,37,CT1,Central,Google Ads,FlashSaleWeekend,Converted,1,2321.0
2347,2024-05-23,56751,119,CT1,Central,Facebook Ads,11.11,New,0,
2348,2024-04-11,96126,67,HCM2,North,Tiktok Ads,NewProductLaunch,Cancelled,0,
2349,2024-05-11,65432,43,DN1,Central,Tiktok Ads,BackToSchool,Cancelled,0,
2350,2024-05-12,40951,52,HN1,North,Email Marketing,NewProductLaunch,Converted,1,1152.0
2351,2024-10-02,90863,101,DN1,South,Google Ads,11.11,NoAnswer,0,
2352,2024-05-05,88291,56,HCM2,Central,Facebook Ads,BackToSchool,Converted,1,624.0
2353,2024-05-22,69872,76,HN1,North,Google Ads,NewProductLaunch,Converted,1,1806.0
2354,2023-12-25,17235,68,HN1,Central,Zalo OA,Tet2024,Converted,1,1166.0
2355,2024-04-30,92733,137,HCM1,North,Google Ads,SummerSale,New,0,
2356,2024-03-01,72712,106,HCM2,South,Zalo OA,FlashSaleWeekend,Converted,1,1889.0
2357,2024-02-29,31473,125,HCM2,South,Tiktok Ads,BackToSchool,Cancelled,0,
2358,2024-08-24,77567,92,HCM1,Central,Zalo OA,Tet2024,Converted,1,11.0
2359,2024-08-28,89823,23,DN1,Central,Facebook Ads,11.11,Converted,1,761.0
2360,2024-10-29,42230,191,HCM1,North,Email Marketing,SummerSale,Cancelled,0,
2361,2024-09-30,94573,109,HCM2,North,Email Marketing,FlashSaleWeekend,Converted,1,1784.0
2362,2024-09-02,78876,61,DN1,Central,Facebook Ads,BackToSchool,Calling,0,
2363,2024-03-08,50644,168,HN1,North,Facebook Ads,SummerSale,Calling,0,
2364,2024-05-08,58664,44,HCM1,North,Facebook Ads,12.12,Calling,0,
2365,2024-11-01,55203,152,DN1,North,Website SEO,12.12,Converted,1,2493.0
2366,2024-01-25,76677,179,DN1,Central,Zalo OA,BackToSchool,Converted,1,2390.0
2367,2024-12-22,35425,186,DN1,South,Facebook Ads,BackToSchool,Converted,1,2269.0
2368,2024-04-17,94817,161,HCM1,South,Email Marketing,NewProductLaunch,Converted,1,2158.0
2369,2024-05-29,95961,16,HN1,North,Google Ads,SummerSale,NoAnswer,0,
2370,2024-08-11,79806,22,DN1,Central,Google Ads,12.12,Converted,1,2553.0
2371,2024-09-19,52814,57,HCM1,North,Website SEO,FlashSaleWeekend,Calling,0,
2372,2024-06-19,80219,62,HCM2,South,Zalo OA,12.12,Converted,1,40.0
2373,2024-10-11,59646,107,HCM1,North,Zalo OA,SummerSale,Converted,1,1483.0
2374,2024-01-02,49884,71,HCM1,South,Zalo OA,12.12,New,0,
2375,2024-02-20,79322,90,HCM1,Central,Email Marketing,FlashSaleWeekend,NoAnswer,0,
2376,2024-07-19,31650,72,DN1,North,Email Marketing,Tet2024,Cancelled,0,
2377,2024-03-25,19190,70,HCM1,Central,Website SEO,12.12,Converted,1,823.0
2378,2024-01-25,48196,30,HCM2,North,Zalo OA,12.12,Cancelled,0,
2379,2024-09-27,49449,103,DN1,North,Zalo OA,11.11,New,0,
2380,2024-05-29,49661,151,HCM2,North,Facebook Ads,Tet2024,Converted,1,217.0
2381,2024-04-01,39709,32,CT1,North,Zalo OA,NewProductLaunch,New,0,
2382,2024-01-19,90428,86,HCM1,North,Email Marketing,BackToSchool,Cancelled,0,
2383,2024-08-02,85179,57,DN1,Central,Facebook Ads,FlashSaleWeekend,Converted,1,1445.0
2384,2024-07-30,19943,109,DN1,Central,Facebook Ads,12.12,New,0,
2385,2024-12-01,53240,9,HCM1,South,Zalo OA,FlashSaleWeekend,Converted,1,1196.0
2386,2024-05-26,55760,31,HN1,North,Google Ads,NewProductLaunch,New,0,
2387,2024-02-25,31042,71,HN1,South,Tiktok Ads,NewProductLaunch,New,0,
2388,2024-04-28,53894,137,HCM2,Central,Email Marketing,Tet2024,Calling,0,
2389,2024-12-01,16869,13,HCM1,South,Google Ads,FlashSaleWeekend,Cancelled,0,
2390,2024-12-27,71078,186,HCM1,Central,Zalo OA,BackToSchool,Converted,1,904.0
2391,2024-02-22,66759,131,CT1,North,Zalo OA,11.11,Converted,1,744.0
2392,2024-06-27,54306,35,HN1,South,Google Ads,NewProductLaunch,New,0,
2393,2024-09-08,65371,21,HN1,South,Zalo OA,11.11,New,0,
2394,2024-02-01,30918,64,HCM1,South,Email Marketing,BackToSchool,Calling,0,
2395,2024-10-25,38379,95,HCM2,South,Facebook Ads,BackToSchool,Cancelled,0,
2396,2024-04-22,93232,180,HCM1,North,Website SEO,Tet2024,NoAnswer,0,
2397,2023-12-19,12962,34,HCM2,Central,Zalo OA,FlashSaleWeekend,Converted,1,973.0
2398,2024-01-10,23851,121,HN1,Central,Zalo OA,SummerSale,Cancelled,0,
2399,2024-05-22,55747,163,CT1,North,Google Ads,FlashSaleWeekend,Cancelled,0,
2400,2024-05-11,62349,15,DN1,Central,Facebook Ads,12.12,Cancelled,0,
2401,2024-09-03,80832,120,HN1,South,Google Ads,Tet2024,Calling,0,
2402,2024-07-31,66356,96,HCM2,North,Email Marketing,FlashSaleWeekend,Converted,1,1319.0
2403,2024-07-01,24745,6,HCM1,Central,Google Ads,11.11,Cancelled,0,
2404,2024-02-02,15730,109,HN1,North,Zalo OA,FlashSaleWeekend,NoAnswer,0,
2405,2024-02-19,23921,97,CT1,North,Facebook Ads,Tet2024,New,0,
2406,2024-10-09,81138,32,HCM2,Central,Email Marketing,BackToSchool,Converted,1,1113.0
2407,2024-12-29,93111,180,HCM1,Central,Zalo OA,NewProductLaunch,Cancelled,0,
2408,2024-02-10,29023,83,DN1,North,Email Marketing,12.12,Converted,1,1062.0
2409,2024-08-29,55349,156,HCM2,North,Zalo OA,12.12,Calling,0,
2410,2024-11-20,91533,118,HCM1,Central,Zalo OA,SummerSale,Converted,1,591.0
2411,2024-11-04,93286,192,DN1,North,Zalo OA,BackToSchool,Converted,1,1881.0
2412,2024-04-22,51979,79,HCM1,Central,Website SEO,12.12,Cancelled,0,
2413,2024-07-16,32837,78,DN1,North,Tiktok Ads,12.12,Converted,1,149.0
2414,2024-06-03,24997,147,DN1,North,Facebook Ads,NewProductLaunch,Converted,1,1040.0
2415,2024-08-28,98603,107,DN1,North,Website SEO,11.11,Cancelled,0,
2416,2024-03-25,55039,126,HCM1,Central,Tiktok Ads,11.11,NoAnswer,0,
2417,2024-07-10,30923,15,DN1,South,Email Marketing,11.11,Converted,1,781.0
2418,2024-09-30,18876,134,HCM2,Central,Tiktok Ads,Tet2024,Converted,1,118.0
2419,2024-12-02,70973,73,CT1,North,Tiktok Ads,11.11,Converted,1,704.0
2420,2024-09-25,12887,101,CT1,South,Website SEO,11.11,Converted,1,2365.0
2421,2024-04-08,73723,98,DN1,South,Facebook Ads,Tet2024,Converted,1,288.0
2422,2024-09-03,52422,166,CT1,North,Google Ads,NewProductLaunch,Converted,1,2956.0
2423,2024-05-12,61413,26,CT1,Central,Tiktok Ads,BackToSchool,NoAnswer,0,
2424,2024-10-09,12841,92,DN1,South,Google Ads,12.12,Calling,0,
2425,2024-01-19,38756,125,DN1,South,Google Ads,SummerSale,Converted,1,2025.0
2426,2024-11-11,81576,179,HCM2,Central,Zalo OA,12.12,Calling,0,
2427,2024-09-26,20304,73,HN1,Central,Google Ads,11.11,Calling,0,
2428,2024-10-12,40341,123,HCM1,South,Email Marketing,11.11,Converted,1,301.0
2429,2024-10-20,14758,53,DN1,Central,Email Marketing,FlashSaleWeekend,Calling,0,
2430,2024-07-09,27010,184,DN1,South,Zalo OA,12.12,Calling,0,
2431,2024-03-29,70758,187,CT1,North,Facebook Ads,12.12,New,0,
2432,2024-05-20,41658,198,HCM2,Central,Facebook Ads,FlashSaleWeekend,Converted,1,1958.0
2433,2024-04-13,59002,78,CT1,South,Email Marketing,11.11,Converted,1,1767.0
2434,2024-02-07,11375,92,DN1,Central,Zalo OA,Tet2024,New,0,
2435,2023-12-26,32092,186,DN1,Central,Facebook Ads,Tet2024,Calling,0,
2436,2024-05-07,10490,88,CT1,South,Tiktok Ads,Tet2024,Calling,0,
2437,2024-04-28,13729,13,DN1,North,Facebook Ads,SummerSale,New,0,
2438,2023-12-17,15974,43,HN1,South,Zalo OA,BackToSchool,NoAnswer,0,
2439,2024-05-06,95216,76,HCM1,Central,Email Marketing,11.11,New,0,
2440,2024-01-13,93860,51,HCM1,South,Tiktok Ads,NewProductLaunch,Calling,0,
2441,2024-08-07,31398,19,HCM1,Central,Google Ads,12.12,NoAnswer,0,
2442,2024-09-18,44650,149,HN1,South,Google Ads,12.12,Calling,0,
2443,2024-11-26,31292,122,DN1,North,Google Ads,11.11,Converted,1,2898.0
2444,2024-04-07,13159,24,CT1,North,Email Marketing,11.11,Converted,1,1606.0
2445,2024-03-27,72766,26,HCM2,North,Zalo OA,11.11,Converted,1,433.0
2446,2024-04-10,27065,173,DN1,North,Google Ads,12.12,Converted,1,183.0
2447,2023-12-19,31638,156,HN1,South,Facebook Ads,FlashSaleWeekend,Cancelled,0,
2448,2024-12-08,11073,120,HN1,North,Google Ads,11.11,Converted,1,2807.0
2449,2024-08-18,56511,82,HCM1,South,Website SEO,12.12,NoAnswer,0,
2450,2024-12-12,94307,100,DN1,Central,Email Marketing,BackToSchool,Converted,1,31.0
2451,2024-10-30,39320,157,HCM1,Central,Website SEO,NewProductLaunch,Converted,1,1173.0
2452,2024-04-13,79876,17,HCM2,Central,Google Ads,Tet2024,Converted,1,2576.0
2453,2024-09-25,44924,68,HCM1,North,Google Ads,FlashSaleWeekend,Converted,1,1297.0
2454,2024-05-11,91720,44,HCM2,North,Website SEO,NewProductLaunch,Converted,1,2912.0
2455,2024-03-07,50734,61,HN1,North,Email Marketing,11.11,Converted,1,1904.0
2456,2024-08-01,78116,123,HCM1,Central,Email Marketing,NewProductLaunch,Calling,0,
2457,2024-09-27,50025,93,HCM1,Central,Google Ads,11.11,Converted,1,1096.0
2458,2024-05-23,12159,196,CT1,Central,Email Marketing,NewProductLaunch,New,0,
2459,2024-09-11,58940,74,HN1,Central,Tiktok Ads,SummerSale,Converted,1,2671.0
2460,2024-01-21,89436,153,CT1,South,Email Marketing,NewProductLaunch,Calling,0,
2461,2024-07-27,86976,67,HCM2,South,Website SEO,Tet2024,New,0,
2462,2024-05-04,24678,111,HCM2,North,Zalo OA,Tet2024,Converted,1,1391.0
2463,2024-10-01,71075,2,HN1,North,Website SEO,FlashSaleWeekend,NoAnswer,0,
2464,2024-05-13,57204,89,HCM2,Central,Facebook Ads,NewProductLaunch,Converted,1,2837.0
2465,2024-04-06,22021,177,HN1,South,Tiktok Ads,12.12,New,0,
2466,2024-08-07,16772,198,HCM2,South,Zalo OA,12.12,Converted,1,2597.0
2467,2024-02-18,77163,26,DN1,North,Google Ads,12.12,Converted,1,291.0
2468,2024-12-09,83755,99,HCM1,South,Facebook Ads,NewProductLaunch,Converted,1,2470.0
2469,2024-11-19,33464,27,DN1,North,Facebook Ads,12.12,NoAnswer,0,
2470,2024-08-28,61137,89,HN1,Central,Tiktok Ads,BackToSchool,Calling,0,
2471,2024-08-19,40232,146,HN1,Central,Zalo OA,NewProductLaunch,Converted,1,2162.0
2472,2024-11-09,71497,182,DN1,North,Facebook Ads,Tet2024,New,0,
2473,2024-11-01,84024,1,HCM1,Central,Zalo OA,FlashSaleWeekend,NoAnswer,0,
2474,2024-06-11,61448,189,HCM1,Central,Zalo OA,12.12,Converted,1,2292.0
2475,2024-06-21,94517,103,CT1,South,Email Marketing,SummerSale,NoAnswer,0,
2476,2024-05-16,10901,131,HCM2,South,Facebook Ads,12.12,NoAnswer,0,
2477,2024-06-27,97980,196,CT1,South,Zalo OA,Tet2024,Cancelled,0,
2478,2024-10-20,93597,41,HCM1,South,Tiktok Ads,BackToSchool,NoAnswer,0,
2479,2024-09-01,12881,165,DN1,South,Facebook Ads,NewProductLaunch,Converted,1,271.0
2480,2024-05-05,39863,51,HCM2,North,Tiktok Ads,12.12,Calling,0,
2481,2024-11-20,15622,15,DN1,North,Tiktok Ads,SummerSale,Converted,1,1408.0
2482,2024-10-25,11378,8,CT1,South,Zalo OA,FlashSaleWeekend,Calling,0,
2483,2024-03-24,93168,38,HN1,Central,Zalo OA,Tet2024,Calling,0,
2484,2024-08-14,81186,114,DN1,Central,Email Marketing,FlashSaleWeekend,NoAnswer,0,
2485,2023-12-26,55201,83,CT1,North,Email Marketing,FlashSaleWeekend,Calling,0,
2486,2024-08-09,69251,56,CT1,North,Facebook Ads,SummerSale,Converted,1,2904.0
2487,2024-02-01,82572,175,CT1,North,Email Marketing,11.11,Converted,1,1605.0
2488,2024-01-25,49255,103,HN1,Central,Google Ads,Tet2024,NoAnswer,0,
2489,2024-05-28,73212,138,HN1,North,Facebook Ads,11.11,Converted,1,2816.0
2490,2024-03-05,60210,102,HN1,Central,Tiktok Ads,SummerSale,NoAnswer,0,
2491,2024-09-30,32499,78,HCM2,North,Email Marketing,NewProductLaunch,NoAnswer,0,
2492,2024-05-20,61628,177,HN1,Central,Email Marketing,NewProductLaunch,Cancelled,0,
2493,2024-07-17,71360,169,HN1,North,Email Marketing,NewProductLaunch,Converted,1,135.0
2494,2024-05-20,14603,83,HN1,North,Zalo OA,FlashSaleWeekend,New,0,
2495,2024-04-26,95473,30,DN1,Central,Tiktok Ads,11.11,Converted,1,2860.0
2496,2024-02-19,22632,5,HN1,North,Email Marketing,FlashSaleWeekend,Calling,0,
2497,2024-11-14,40607,119,HCM2,South,Website SEO,NewProductLaunch,Cancelled,0,
2498,2023-12-21,75756,199,CT1,Central,Website SEO,FlashSaleWeekend,Calling,0,
2499,2023-12-28,56994,31,DN1,North,Tiktok Ads,BackToSchool,Converted,1,1265.0
2500,2024-02-25,73382,180,HCM1,Central,Email Marketing,Tet2024,Converted,1,1773.0
2501,2024-05-25,80354,23,HN1,North,Google Ads,Tet2024,Cancelled,0,
2502,2024-02-18,66344,48,CT1,South,Google Ads,FlashSaleWeekend,Converted,1,325.0
2503,2024-11-25,63775,109,CT1,North,Facebook Ads,SummerSale,New,0,
2504,2024-04-22,17349,40,DN1,North,Facebook Ads,12.12,Converted,1,620.0
2505,2024-07-07,81154,6,HCM1,South,Email Marketing,11.11,Converted,1,231.0
2506,2024-09-15,37464,38,HCM2,Central,Facebook Ads,Tet2024,Converted,1,2630.0
2507,2024-08-26,52624,169,CT1,North,Zalo OA,FlashSaleWeekend,Converted,1,2781.0
2508,2024-09-05,47344,100,CT1,North,Google Ads,11.11,New,0,
2509,2024-01-08,93791,27,CT1,South,Tiktok Ads,SummerSale,Converted,1,1378.0
2510,2024-09-20,34299,69,CT1,Central,Email Marketing,NewProductLaunch,New,0,
2511,2024-08-23,57975,57,DN1,Central,Email Marketing,12.12,New,0,
2512,2024-10-19,11462,17,HCM1,South,Website SEO,SummerSale,NoAnswer,0,
2513,2024-09-28,91441,71,CT1,South,Google Ads,BackToSchool,Calling,0,
2514,2024-05-26,91788,47,HCM2,North,Google Ads,NewProductLaunch,Calling,0,
2515,2024-03-18,50581,79,HCM2,South,Google Ads,NewProductLaunch,Calling,0,
2516,2024-09-09,81289,110,HN1,South,Facebook Ads,NewProductLaunch,NoAnswer,0,
2517,2024-10-30,24175,13,CT1,South,Zalo OA,SummerSale,Calling,0,
2518,2024-04-02,16191,139,CT1,Central,Tiktok Ads,BackToSchool,Converted,1,2524.0
2519,2024-11-14,93434,124,CT1,South,Facebook Ads,12.12,New,0,
2520,2024-10-19,94518,109,CT1,North,Zalo OA,11.11,Converted,1,1191.0
2521,2024-08-08,90158,90,CT1,North,Google Ads,SummerSale,Calling,0,
2522,2024-12-29,76537,86,HCM2,North,Zalo OA,Tet2024,Calling,0,
2523,2024-01-08,57645,92,HCM1,South,Facebook Ads,Tet2024,Cancelled,0,
2524,2024-05-03,33283,24,HCM1,Central,Google Ads,SummerSale,NoAnswer,0,
2525,2024-04-09,96971,73,HN1,South,Facebook Ads,11.11,Converted,1,2801.0
2526,2024-01-08,69123,4,HCM2,South,Tiktok Ads,Tet2024,Converted,1,1495.0
2527,2024-03-02,40024,113,CT1,North,Google Ads,11.11,New,0,
2528,2024-02-20,59630,46,HCM1,South,Zalo OA,NewProductLaunch,New,0,
2529,2024-06-04,40734,18,DN1,Central,Facebook Ads,SummerSale,Converted,1,2101.0
2530,2023-12-26,10515,43,DN1,North,Website SEO,NewProductLaunch,New,0,
2531,2024-09-27,76727,161,DN1,Central,Zalo OA,Tet2024,Calling,0,
2532,2024-04-20,56216,93,CT1,Central,Zalo OA,11.11,Converted,1,1045.0
2533,2024-03-19,81833,103,CT1,Central,Google Ads,NewProductLaunch,New,0,
2534,2024-03-15,68755,124,HN1,South,Email Marketing,Tet2024,Converted,1,1880.0
2535,2024-05-03,37856,10,HN1,South,Zalo OA,FlashSaleWeekend,Converted,1,862.0
2536,2024-01-14,83870,73,HN1,South,Facebook Ads,BackToSchool,New,0,
2537,2024-11-12,34162,187,DN1,South,Website SEO,NewProductLaunch,Cancelled,0,
2538,2024-01-03,16008,31,CT1,North,Tiktok Ads,BackToSchool,Calling,0,
2539,2024-05-08,17987,156,DN1,South,Website SEO,BackToSchool,Cancelled,0,
2540,2024-10-25,72532,60,HN1,North,Facebook Ads,12.12,Converted,1,1795.0
2541,2024-05-22,13332,131,CT1,Central,Google Ads,Tet2024,Converted,1,1464.0
2542,2024-11-27,76323,118,HCM2,North,Facebook Ads,SummerSale,NoAnswer,0,
2543,2024-01-26,48990,183,HCM1,South,Email Marketing,11.11,Calling,0,
2544,2024-08-24,19873,14,HCM1,North,Email Marketing,FlashSaleWeekend,Cancelled,0,
2545,2024-04-22,92542,186,HN1,South,Email Marketing,Tet2024,NoAnswer,0,
2546,2024-02-12,95761,143,DN1,South,Zalo OA,12.12,Converted,1,182.0
2547,2024-05-13,46444,2,HCM2,North,Google Ads,12.12,Converted,1,1905.0
2548,2024-09-26,45340,24,CT1,North,Email Marketing,FlashSaleWeekend,Cancelled,0,
2549,2023-12-19,15033,64,DN1,Central,Tiktok Ads,NewProductLaunch,NoAnswer,0,
2550,2024-09-05,83324,199,HN1,Central,Tiktok Ads,11.11,Converted,1,105.0
2551,2024-11-23,25689,100,DN1,Central,Facebook Ads,12.12,New,0,
2552,2024-04-22,97134,114,HN1,Central,Email Marketing,SummerSale,Converted,1,2655.0
2553,2024-12-30,10066,24,HCM1,Central,Zalo OA,Tet2024,New,0,
2554,2024-09-06,55246,155,HCM1,North,Tiktok Ads,SummerSale,Converted,1,484.0
2555,2024-06-09,17533,165,DN1,Central,Website SEO,NewProductLaunch,Converted,1,1726.0
2556,2024-08-23,90639,91,HCM2,North,Google Ads,Tet2024,Converted,1,2177.0
2557,2024-02-08,80152,167,CT1,Central,Website SEO,NewProductLaunch,Converted,1,2367.0
2558,2024-03-06,69658,191,HN1,South,Tiktok Ads,11.11,Converted,1,707.0
2559,2024-03-22,48498,26,CT1,Central,Tiktok Ads,11.11,Converted,1,2557.0
2560,2024-05-11,21772,65,HCM1,South,Facebook Ads,SummerSale,Converted,1,20.0
2561,2024-11-07,99385,120,HCM2,North,Facebook Ads,SummerSale,Converted,1,752.0
2562,2024-05-18,59036,4,HCM2,Central,Email Marketing,11.11,Converted,1,235.0
2563,2024-06-21,68531,157,CT1,North,Google Ads,BackToSchool,Calling,0,
2564,2024-12-19,22940,1,HCM1,Central,Email Marketing,11.11,Cancelled,0,
2565,2024-09-02,26932,50,CT1,North,Facebook Ads,FlashSaleWeekend,Converted,1,554.0
2566,2024-03-03,66827,110,DN1,Central,Zalo OA,Tet2024,Cancelled,0,
2567,2024-08-22,71431,139,HCM2,Central,Google Ads,FlashSaleWeekend,Converted,1,2501.0
2568,2024-03-20,34648,74,HCM2,South,Zalo OA,NewProductLaunch,NoAnswer,0,
2569,2024-08-30,42966,187,DN1,North,Email Marketing,11.11,Calling,0,
2570,2024-08-30,37777,62,HCM1,North,Facebook Ads,11.11,Converted,1,1651.0
2571,2024-03-26,42567,81,HCM2,North,Google Ads,12.12,Converted,1,423.0
2572,2024-01-23,27174,164,HN1,North,Email Marketing,NewProductLaunch,New,0,
2573,2024-09-12,52598,56,HN1,North,Tiktok Ads,12.12,Converted,1,458.0
2574,2024-03-24,69199,111,HCM1,South,Email Marketing,NewProductLaunch,Converted,1,1915.0
2575,2024-12-07,23798,21,DN1,Central,Website SEO,FlashSaleWeekend,Cancelled,0,
2576,2024-12-28,75364,141,CT1,South,Tiktok Ads,Tet2024,NoAnswer,0,
2577,2024-10-17,27558,9,HCM1,North,Zalo OA,NewProductLaunch,New,0,
2578,2024-07-22,71084,139,CT1,North,Tiktok Ads,SummerSale,New,0,
2579,2024-10-17,54237,70,HCM1,Central,Email Marketing,11.11,New,0,
2580,2024-04-16,75497,129,HN1,South,Tiktok Ads,NewProductLaunch,NoAnswer,0,
2581,2024-08-01,10178,118,DN1,Central,Website SEO,Tet2024,NoAnswer,0,
2582,2024-06-09,96006,198,HN1,Central,Email Marketing,NewProductLaunch,Converted,1,1646.0
2583,2024-02-15,27118,56,DN1,South,Website SEO,11.11,New,0,
2584,2024-04-08,32616,31,CT1,Central,Tiktok Ads,BackToSchool,Converted,1,2793.0
2585,2024-06-22,10798,37,HCM1,South,Website SEO,NewProductLaunch,NoAnswer,0,
2586,2024-02-14,17601,175,HCM2,South,Tiktok Ads,SummerSale,Converted,1,2784.0
2587,2024-08-26,35363,91,HCM2,North,Google Ads,11.11,Converted,1,2506.0
2588,2023-12-21,12795,114,DN1,Central,Tiktok Ads,Tet2024,New,0,
2589,2024-05-17,55264,128,DN1,North,Facebook Ads,FlashSaleWeekend,Converted,1,2091.0
2590,2024-03-15,82833,175,HN1,Central,Website SEO,FlashSaleWeekend,Converted,1,539.0
2591,2023-12-28,13084,122,HCM2,Central,Website SEO,11.11,Converted,1,568.0
2592,2024-07-30,86646,69,HN1,North,Zalo OA,12.12,Converted,1,121.0
2593,2024-03-09,10731,186,CT1,North,Zalo OA,BackToSchool,New,0,
2594,2024-04-25,11129,36,HCM2,North,Facebook Ads,Tet2024,New,0,
2595,2024-06-14,38022,32,CT1,South,Website SEO,BackToSchool,NoAnswer,0,
2596,2024-02-14,11605,64,HCM1,Central,Website SEO,FlashSaleWeekend,Calling,0,
2597,2024-07-20,87506,199,HN1,South,Zalo OA,BackToSchool,Calling,0,
2598,2024-08-16,54130,170,DN1,Central,Zalo OA,SummerSale,Converted,1,2735.0
2599,2024-07-31,39265,48,HCM2,Central,Tiktok Ads,FlashSaleWeekend,NoAnswer,0,
2600,2024-03-02,42330,81,HN1,South,Email Marketing,NewProductLaunch,Converted,1,612.0
2601,2024-05-11,78469,158,DN1,South,Website SEO,SummerSale,Cancelled,0,
2602,2024-04-30,25187,149,HCM1,Central,Website SEO,SummerSale,NoAnswer,0,
2603,2024-10-23,35791,60,HCM2,North,Tiktok Ads,12.12,Cancelled,0,
2604,2024-12-24,80610,141,CT1,North,Website SEO,SummerSale,New,0,
2605,2024-02-17,49867,1,HCM1,North,Facebook Ads,Tet2024,Converted,1,763.0
2606,2023-12-27,10893,65,DN1,North,Zalo OA,NewProductLaunch,Converted,1,1361.0
2607,2024-07-14,29773,33,HCM2,Central,Zalo OA,NewProductLaunch,Cancelled,0,
2608,2024-08-12,14239,38,HCM2,North,Email Marketing,FlashSaleWeekend,Converted,1,2782.0
2609,2024-07-14,30863,25,HCM1,North,Zalo OA,Tet2024,Converted,1,1410.0
2610,2024-06-12,61415,154,HCM2,North,Google Ads,SummerSale,New,0,
2611,2024-11-16,78968,59,DN1,Central,Facebook Ads,SummerSale,Converted,1,2425.0
2612,2024-06-04,70430,161,HCM1,South,Facebook Ads,BackToSchool,Converted,1,2052.0
2613,2024-05-22,11515,101,CT1,North,Tiktok Ads,FlashSaleWeekend,Calling,0,
2614,2024-05-26,24605,127,HCM1,Central,Google Ads,FlashSaleWeekend,Converted,1,2894.0
2615,2024-06-19,66240,41,HCM1,Central,Website SEO,BackToSchool,New,0,
2616,2024-06-22,15586,158,CT1,North,Email Marketing,12.12,Cancelled,0,
2617,2024-10-17,41186,57,DN1,South,Facebook Ads,11.11,Calling,0,
2618,2024-08-26,36928,177,HN1,South,Google Ads,BackToSchool,Converted,1,2651.0
2619,2024-06-14,93087,48,HN1,South,Google Ads,NewProductLaunch,Converted,1,1795.0
2620,2024-04-09,97029,72,CT1,Central,Facebook Ads,Tet2024,Calling,0,
2621,2024-09-21,30711,177,DN1,North,Tiktok Ads,SummerSale,NoAnswer,0,
2622,2024-06-27,64962,175,HCM2,North,Google Ads,11.11,Cancelled,0,
2623,2024-01-17,30039,56,CT1,Central,Zalo OA,BackToSchool,Converted,1,136.0
2624,2024-02-04,46561,65,HN1,North,Google Ads,FlashSaleWeekend,Cancelled,0,
2625,2024-04-04,85483,12,DN1,North,Website SEO,11.11,Converted,1,2004.0
2626,2024-08-22,91395,69,HCM1,South,Facebook Ads,Tet2024,Converted,1,2546.0
2627,2024-03-05,98658,134,DN1,North,Website SEO,Tet2024,Converted,1,1202.0
2628,2024-08-02,11577,89,DN1,North,Tiktok Ads,FlashSaleWeekend,NoAnswer,0,
2629,2024-07-28,38350,193,HN1,Central,Email Marketing,11.11,NoAnswer,0,
2630,2024-08-03,43798,25,HN1,Central,Zalo OA,11.11,Calling,0,
2631,2024-07-22,91417,1,HCM2,South,Facebook Ads,12.12,Converted,1,936.0
2632,2024-01-25,20785,160,HCM2,Central,Google Ads,11.11,Converted,1,768.0
2633,2024-01-04,82227,131,CT1,South,Zalo OA,SummerSale,NoAnswer,0,
2634,2024-01-25,71957,49,HCM1,South,Google Ads,NewProductLaunch,Calling,0,
2635,2024-04-05,75431,147,HCM2,North,Tiktok Ads,BackToSchool,Converted,1,511.0
2636,2024-03-28,27297,60,HN1,South,Email Marketing,FlashSaleWeekend,Cancelled,0,
2637,2024-06-23,81894,157,DN1,North,Facebook Ads,BackToSchool,NoAnswer,0,
2638,2023-12-31,73772,178,CT1,South,Tiktok Ads,BackToSchool,Converted,1,2425.0
2639,2024-04-12,29581,2,HCM2,Central,Tiktok Ads,11.11,Cancelled,0,
2640,2024-04-21,65192,73,DN1,Central,Email Marketing,FlashSaleWeekend,Converted,1,2121.0
2641,2024-04-22,11462,184,DN1,Central,Tiktok Ads,11.11,Converted,1,504.0
2642,2024-02-12,74173,145,HCM2,South,Tiktok Ads,12.12,Converted,1,805.0
2643,2024-01-31,25511,188,HCM1,South,Google Ads,11.11,Calling,0,
2644,2024-01-12,86106,110,HCM1,North,Website SEO,12.12,New,0,
2645,2024-03-20,58665,164,CT1,North,Google Ads,12.12,New,0,
2646,2023-12-24,54414,61,HCM1,North,Email Marketing,SummerSale,Cancelled,0,
2647,2024-08-12,91010,17,CT1,North,Zalo OA,SummerSale,Converted,1,240.0
2648,2024-10-23,82573,49,HN1,South,Email Marketing,SummerSale,Converted,1,1098.0
2649,2024-08-02,23386,76,HCM2,South,Email Marketing,SummerSale,Calling,0,
2650,2024-09-16,64460,188,DN1,North,Email Marketing,Tet2024,Converted,1,2527.0
2651,2024-09-23,16221,148,CT1,South,Email Marketing,SummerSale,Converted,1,2765.0
2652,2024-07-04,33474,178,HCM1,South,Tiktok Ads,SummerSale,Calling,0,
2653,2024-08-17,31045,131,CT1,South,Email Marketing,SummerSale,New,0,
2654,2024-09-29,14922,43,CT1,South,Zalo OA,12.12,Calling,0,
2655,2024-09-03,32706,57,HCM1,North,Email Marketing,BackToSchool,Converted,1,1944.0
2656,2024-07-15,52771,50,HCM1,North,Google Ads,FlashSaleWeekend,Calling,0,
2657,2024-07-01,62335,196,HCM2,South,Tiktok Ads,BackToSchool,Converted,1,1673.0
2658,2024-03-02,62949,178,DN1,Central,Google Ads,BackToSchool,Cancelled,0,
2659,2024-11-21,80714,37,HCM2,North,Tiktok Ads,NewProductLaunch,Converted,1,975.0
2660,2024-11-22,25240,46,HCM2,North,Google Ads,Tet2024,New,0,
2661,2024-06-04,12716,170,HCM1,Central,Facebook Ads,12.12,Converted,1,415.0
2662,2024-02-21,26574,15,HCM1,North,Website SEO,11.11,Converted,1,851.0
2663,2024-03-10,93255,161,DN1,Central,Website SEO,12.12,Calling,0,
2664,2024-03-24,83717,80,CT1,Central,Tiktok Ads,SummerSale,Converted,1,2149.0
2665,2023-12-22,54066,139,HCM2,South,Facebook Ads,BackToSchool,Converted,1,546.0
2666,2024-11-11,71826,148,DN1,North,Zalo OA,12.12,Converted,1,2087.0
2667,2024-07-01,30213,24,HCM2,Central,Facebook Ads,Tet2024,Cancelled,0,
2668,2024-03-10,81916,125,CT1,South,Tiktok Ads,SummerSale,NoAnswer,0,
2669,2024-01-26,76151,192,HCM2,North,Facebook Ads,NewProductLaunch,Converted,1,1815.0
2670,2024-04-01,60906,118,HN1,South,Zalo OA,11.11,Converted,1,592.0
2671,2024-05-14,10463,80,DN1,South,Tiktok Ads,SummerSale,New,0,
2672,2023-12-31,41973,94,HCM1,Central,Website SEO,FlashSaleWeekend,Converted,1,2220.0
2673,2024-04-25,84694,65,HCM2,North,Email Marketing,11.11,Cancelled,0,
2674,2024-05-10,30651,88,DN1,South,Facebook Ads,12.12,Converted,1,2490.0
2675,2024-09-16,78694,88,DN1,Central,Website SEO,SummerSale,NoAnswer,0,
2676,2024-08-02,30008,145,HCM2,Central,Website SEO,NewProductLaunch,Calling,0,
2677,2024-10-23,80474,126,HCM1,South,Google Ads,12.12,Calling,0,
2678,2024-12-14,48185,89,HCM1,South,Zalo OA,Tet2024,NoAnswer,0,
2679,2024-07-29,97924,61,HCM2,Central,Email Marketing,11.11,Cancelled,0,
2680,2024-05-01,84417,15,DN1,South,Facebook Ads,11.11,Calling,0,
2681,2024-07-12,81139,94,HCM1,South,Website SEO,Tet2024,Calling,0,
2682,2024-01-11,44980,51,HCM2,North,Website SEO,FlashSaleWeekend,Cancelled,0,
2683,2024-02-03,32504,27,HCM2,Central,Zalo OA,11.11,Converted,1,1653.0
2684,2024-08-31,64970,74,HCM2,South,Email Marketing,12.12,Cancelled,0,
2685,2024-08-31,26766,61,DN1,Central,Email Marketing,BackToSchool,NoAnswer,0,
2686,2024-11-28,21695,186,HCM1,North,Website SEO,FlashSaleWeekend,Converted,1,2035.0
2687,2024-11-30,27796,31,DN1,Central,Website SEO,Tet2024,Converted,1,382.0
2688,2023-12-22,52543,12,HN1,Central,Website SEO,NewProductLaunch,Converted,1,1167.0
2689,2024-10-29,24559,46,HCM1,Central,Website SEO,FlashSaleWeekend,Calling,0,
2690,2024-04-30,43139,159,DN1,North,Google Ads,SummerSale,Converted,1,389.0
2691,2024-01-21,18802,32,HCM1,North,Google Ads,SummerSale,Converted,1,2102.0
2692,2024-04-03,83843,160,HN1,Central,Email Marketing,Tet2024,Cancelled,0,
2693,2024-12-16,50205,181,CT1,Central,Tiktok Ads,BackToSchool,Converted,1,395.0
2694,2024-07-21,44159,61,HCM2,North,Facebook Ads,12.12,New,0,
2695,2024-11-15,21516,46,DN1,South,Zalo OA,NewProductLaunch,NoAnswer,0,
2696,2024-07-24,60492,85,HN1,North,Tiktok Ads,SummerSale,NoAnswer,0,
2697,2024-04-28,39086,80,HN1,Central,Google Ads,SummerSale,Converted,1,2240.0
2698,2024-08-26,40480,135,HCM1,South,Google Ads,12.12,NoAnswer,0,
2699,2024-12-08,62091,4,HCM1,South,Google Ads,BackToSchool,NoAnswer,0,
2700,2024-11-07,57766,52,HCM2,South,Tiktok Ads,11.11,New,0,
2701,2024-02-01,48737,159,HCM1,North,Google Ads,FlashSaleWeekend,NoAnswer,0,
2702,2024-10-01,19265,112,DN1,North,Tiktok Ads,Tet2024,NoAnswer,0,
2703,2024-12-30,80990,36,DN1,North,Google Ads,BackToSchool,Cancelled,0,
2704,2024-11-02,25386,182,DN1,North,Website SEO,BackToSchool,Calling,0,
2705,2024-03-01,47425,54,CT1,Central,Website SEO,BackToSchool,Converted,1,473.0
2706,2024-03-28,53254,119,DN1,South,Facebook Ads,BackToSchool,NoAnswer,0,
2707,2024-05-31,99863,127,HCM1,Central,Google Ads,11.11,Cancelled,0,
2708,2024-07-18,63634,17,HCM1,North,Facebook Ads,12.12,Cancelled,0,
2709,2024-12-26,96717,75,DN1,North,Tiktok Ads,NewProductLaunch,Calling,0,
2710,2024-04-11,57662,158,HN1,Central,Facebook Ads,FlashSaleWeekend,Cancelled,0,
2711,2024-06-21,96988,105,HN1,South,Google Ads,BackToSchool,Cancelled,0,
2712,2024-08-25,97527,150,HN1,South,Tiktok Ads,FlashSaleWeekend,Converted,1,973.0
2713,2024-12-18,85452,117,HCM2,North,Tiktok Ads,BackToSchool,NoAnswer,0,
2714,2024-09-05,20143,43,CT1,North,Website SEO,Tet2024,NoAnswer,0,
2715,2024-05-11,25581,112,DN1,North,Tiktok Ads,SummerSale,Cancelled,0,
2716,2024-05-26,77443,115,HCM2,North,Tiktok Ads,11.11,Converted,1,125.0
2717,2024-05-02,39424,27,HN1,South,Facebook Ads,BackToSchool,Converted,1,2982.0
2718,2024-11-25,98844,37,DN1,Central,Email Marketing,NewProductLaunch,New,0,
2719,2024-08-28,51984,46,HCM2,South,Tiktok Ads,NewProductLaunch,Calling,0,
2720,2024-12-22,51505,113,HCM1,Central,Zalo OA,NewProductLaunch,Converted,1,2618.0
2721,2024-09-08,72699,35,HN1,North,Email Marketing,Tet2024,Cancelled,0,
2722,2024-06-12,36957,132,HCM2,North,Website SEO,NewProductLaunch,Cancelled,0,
2723,2024-05-22,35464,80,HCM1,Central,Website SEO,12.12,New,0,
2724,2024-11-29,33649,80,HN1,North,Tiktok Ads,Tet2024,Calling,0,
2725,2024-09-27,52065,154,CT1,South,Facebook Ads,11.11,Converted,1,1959.0
2726,2024-09-27,44758,121,HN1,North,Email Marketing,NewProductLaunch,Converted,1,1113.0
2727,2024-12-28,15596,147,CT1,North,Website SEO,SummerSale,Converted,1,601.0
2728,2024-07-27,26374,122,CT1,North,Website SEO,BackToSchool,Cancelled,0,
2729,2023-12-25,13775,81,CT1,North,Zalo OA,11.11,Cancelled,0,
2730,2023-12-24,37388,173,DN1,South,Tiktok Ads,12.12,NoAnswer,0,
2731,2024-09-10,31029,154,DN1,Central,Email Marketing,SummerSale,Converted,1,2378.0
2732,2024-09-12,93981,150,CT1,North,Website SEO,11.11,Converted,1,1127.0
2733,2024-06-14,63639,119,HCM1,North,Website SEO,12.12,Cancelled,0,
2734,2024-05-15,24645,58,CT1,South,Website SEO,NewProductLaunch,New,0,
2735,2024-10-24,41105,63,HCM2,South,Website SEO,11.11,Cancelled,0,
2736,2024-11-12,23668,156,CT1,South,Facebook Ads,11.11,Converted,1,545.0
2737,2024-04-16,25960,193,DN1,North,Google Ads,11.11,Calling,0,
2738,2024-04-06,21357,172,DN1,Central,Zalo OA,Tet2024,Calling,0,
2739,2024-09-17,74604,100,HCM2,South,Facebook Ads,SummerSale,New,0,
2740,2024-07-14,61796,171,HCM2,South,Zalo OA,FlashSaleWeekend,Cancelled,0,
2741,2024-06-03,25804,165,HN1,South,Website SEO,12.12,Converted,1,538.0
2742,2024-09-27,24626,66,HCM1,Central,Zalo OA,NewProductLaunch,Converted,1,1437.0
2743,2024-06-05,38132,145,HCM1,North,Tiktok Ads,BackToSchool,Converted,1,2566.0
2744,2024-04-05,17951,168,HCM1,North,Tiktok Ads,NewProductLaunch,Converted,1,2816.0
2745,2024-12-24,16449,166,DN1,North,Google Ads,NewProductLaunch,Cancelled,0,
2746,2024-04-14,29065,85,HCM1,South,Google Ads,Tet2024,Cancelled,0,
2747,2024-01-15,19130,189,HN1,North,Zalo OA,Tet2024,Cancelled,0,
2748,2024-07-23,99360,137,HN1,South,Facebook Ads,11.11,Converted,1,316.0
2749,2024-04-11,72287,189,HCM1,Central,Facebook Ads,NewProductLaunch,Cancelled,0,
2750,2024-01-22,61702,144,HCM2,Central,Website SEO,SummerSale,Converted,1,719.0
2751,2024-09-07,46993,123,HN1,North,Facebook Ads,Tet2024,Calling,0,
2752,2024-08-03,41875,2,HCM2,South,Google Ads,12.12,NoAnswer,0,
2753,2024-01-01,16054,106,DN1,South,Facebook Ads,Tet2024,Converted,1,2902.0
2754,2024-05-11,58517,108,HN1,North,Website SEO,SummerSale,Converted,1,461.0
2755,2024-05-11,86368,72,HCM2,Central,Tiktok Ads,Tet2024,Calling,0,
2756,2024-04-18,39670,171,HCM1,Central,Facebook Ads,FlashSaleWeekend,NoAnswer,0,
2757,2024-10-11,59112,126,DN1,Central,Facebook Ads,SummerSale,Converted,1,1703.0
2758,2024-12-08,98388,170,CT1,Central,Google Ads,FlashSaleWeekend,Converted,1,2841.0
2759,2024-08-08,99156,57,CT1,Central,Zalo OA,FlashSaleWeekend,Calling,0,
2760,2024-04-27,38307,81,HCM1,North,Tiktok Ads,BackToSchool,New,0,
2761,2024-05-13,77087,195,DN1,North,Zalo OA,SummerSale,Cancelled,0,
2762,2024-08-06,57922,158,DN1,North,Website SEO,BackToSchool,NoAnswer,0,
2763,2024-07-25,73080,141,DN1,Central,Website SEO,12.12,Converted,1,2393.0
2764,2024-07-04,89335,19,DN1,Central,Zalo OA,11.11,Calling,0,
2765,2024-08-26,36312,7,CT1,North,Google Ads,11.11,NoAnswer,0,
2766,2024-03-09,76985,137,HCM2,North,Email Marketing,FlashSaleWeekend,Cancelled,0,
2767,2024-05-12,67608,54,DN1,Central,Google Ads,Tet2024,New,0,
2768,2024-08-05,99962,104,HCM2,South,Email Marketing,SummerSale,Cancelled,0,
2769,2024-11-23,50277,86,DN1,North,Email Marketing,Tet2024,Calling,0,
2770,2024-01-05,41551,82,HN1,Central,Google Ads,SummerSale,Calling,0,
2771,2024-11-26,99813,61,HN1,Central,Email Marketing,Tet2024,NoAnswer,0,
2772,2024-09-24,66597,87,HN1,North,Email Marketing,11.11,New,0,
2773,2024-09-08,55212,2,DN1,South,Email Marketing,12.12,New,0,
2774,2024-08-28,19637,178,HCM2,Central,Tiktok Ads,11.11,Converted,1,2777.0
2775,2024-01-12,53258,31,CT1,North,Website SEO,Tet2024,Calling,0,
2776,2024-07-14,45693,33,HCM1,Central,Email Marketing,SummerSale,NoAnswer,0,
2777,2024-09-22,19824,80,CT1,Central,Website SEO,NewProductLaunch,Cancelled,0,
2778,2024-02-02,36950,11,DN1,Central,Website SEO,12.12,Converted,1,1097.0
2779,2024-03-18,33488,161,HN1,Central,Tiktok Ads,SummerSale,Converted,1,399.0
2780,2024-03-11,10215,128,HN1,South,Website SEO,Tet2024,Cancelled,0,
2781,2024-01-27,21523,135,HCM2,North,Zalo OA,SummerSale,Converted,1,1964.0
2782,2024-09-17,85900,128,DN1,North,Facebook Ads,BackToSchool,Calling,0,
2783,2024-06-02,78689,31,CT1,North,Tiktok Ads,SummerSale,Calling,0,
2784,2024-06-20,33834,176,DN1,North,Facebook Ads,11.11,Cancelled,0,
2785,2024-12-01,44474,126,DN1,North,Zalo OA,FlashSaleWeekend,Cancelled,0,
2786,2024-06-15,53066,47,HN1,South,Google Ads,11.11,Cancelled,0,
2787,2023-12-17,20400,181,CT1,Central,Google Ads,BackToSchool,Converted,1,2848.0
2788,2024-06-22,20345,107,HCM1,Central,Email Marketing,12.12,Converted,1,1524.0
2789,2024-04-10,43896,19,HN1,North,Google Ads,SummerSale,NoAnswer,0,
2790,2024-01-02,95430,81,CT1,Central,Tiktok Ads,12.12,New,0,
2791,2024-01-06,38899,123,HCM2,Central,Google Ads,NewProductLaunch,Calling,0,
2792,2024-01-13,38229,134,HN1,Central,Tiktok Ads,SummerSale,Calling,0,
2793,2024-10-04,15583,107,HCM2,North,Tiktok Ads,11.11,Converted,1,2861.0
2794,2024-03-31,14897,49,HN1,North,Facebook Ads,FlashSaleWeekend,Converted,1,2143.0
2795,2024-12-15,81537,73,DN1,South,Google Ads,11.11,Converted,1,1501.0
2796,2024-09-20,14567,50,CT1,North,Website SEO,12.12,Converted,1,2081.0
2797,2024-04-20,84807,81,HCM2,South,Google Ads,Tet2024,NoAnswer,0,
2798,2024-07-30,87239,95,HN1,North,Google Ads,11.11,Cancelled,0,
2799,2024-04-03,23329,12,HCM2,Central,Google Ads,Tet2024,NoAnswer,0,
2800,2024-04-28,81792,23,HN1,South,Email Marketing,11.11,Cancelled,0,
2801,2024-12-10,10228,54,HN1,South,Website SEO,11.11,Converted,1,1183.0
2802,2024-06-17,92214,118,HCM1,South,Website SEO,FlashSaleWeekend,Calling,0,
2803,2024-05-06,47052,197,HCM1,North,Tiktok Ads,NewProductLaunch,New,0,
2804,2024-02-24,67769,59,HCM1,South,Website SEO,Tet2024,Converted,1,1625.0
2805,2024-04-21,56032,164,HCM2,North,Tiktok Ads,Tet2024,Converted,1,176.0
2806,2024-12-12,98721,3,DN1,South,Facebook Ads,11.11,NoAnswer,0,
2807,2024-08-31,43686,58,HN1,North,Tiktok Ads,Tet2024,Converted,1,491.0
2808,2023-12-17,86981,183,CT1,South,Google Ads,11.11,Cancelled,0,
2809,2024-03-27,73261,57,HCM1,Central,Zalo OA,11.11,Calling,0,
2810,2024-07-25,12809,145,HCM2,Central,Zalo OA,12.12,New,0,
2811,2024-10-29,51785,167,HCM2,South,Email Marketing,SummerSale,NoAnswer,0,
2812,2024-12-10,46547,90,HCM2,North,Google Ads,Tet2024,Converted,1,1891.0
2813,2024-12-02,52818,196,CT1,North,Tiktok Ads,FlashSaleWeekend,NoAnswer,0,
2814,2023-12-24,81927,55,CT1,North,Google Ads,BackToSchool,Converted,1,2986.0
2815,2024-10-11,75681,45,HCM1,Central,Email Marketing,12.12,Converted,1,1129.0
2816,2024-08-01,89465,1,CT1,Central,Website SEO,Tet2024,Calling,0,
2817,2024-07-20,99862,21,HCM1,Central,Tiktok Ads,FlashSaleWeekend,Converted,1,1665.0
2818,2024-02-18,47333,21,CT1,North,Google Ads,Tet2024,NoAnswer,0,
2819,2024-04-04,26576,52,CT1,North,Website SEO,NewProductLaunch,Calling,0,
2820,2023-12-27,49405,82,CT1,North,Email Marketing,BackToSchool,Converted,1,565.0
2821,2024-03-09,83779,171,HCM1,South,Website SEO,BackToSchool,Converted,1,168.0
2822,2024-08-04,41601,180,HN1,South,Tiktok Ads,FlashSaleWeekend,NoAnswer,0,
2823,2024-03-13,77946,67,HCM1,South,Email Marketing,NewProductLaunch,Converted,1,1198.0
2824,2024-10-23,77356,113,HN1,Central,Email Marketing,NewProductLaunch,New,0,
2825,2024-02-06,62116,44,HCM2,Central,Email Marketing,Tet2024,Converted,1,1174.0
2826,2023-12-26,72894,160,HCM2,North,Facebook Ads,SummerSale,New,0,
2827,2024-07-10,44635,10,HCM1,South,Email Marketing,FlashSaleWeekend,NoAnswer,0,
2828,2023-12-28,17465,64,HN1,North,Facebook Ads,NewProductLaunch,Calling,0,
2829,2024-04-13,66754,69,HN1,South,Website SEO,BackToSchool,Cancelled,0,
2830,2024-12-25,95119,68,HN1,South,Facebook Ads,FlashSaleWeekend,NoAnswer,0,
2831,2024-01-03,48871,28,HCM2,North,Website SEO,BackToSchool,Converted,1,2165.0
2832,2024-02-27,72874,181,HCM1,North,Facebook Ads,Tet2024,Cancelled,0,
2833,2024-08-13,87733,116,DN1,South,Website SEO,FlashSaleWeekend,Calling,0,
2834,2024-07-24,39511,51,HN1,South,Website SEO,SummerSale,Cancelled,0,
2835,2024-02-22,90960,181,HN1,Central,Email Marketing,11.11,NoAnswer,0,
2836,2024-10-21,58821,4,DN1,North,Email Marketing,FlashSaleWeekend,Converted,1,2674.0
2837,2024-07-12,75776,79,HCM1,North,Website SEO,NewProductLaunch,Converted,1,2833.0
2838,2024-03-24,80167,17,HN1,North,Email Marketing,NewProductLaunch,Converted,1,197.0
2839,2024-06-17,85135,108,HCM1,North,Website SEO,Tet2024,New,0,
2840,2024-04-24,54462,195,HN1,South,Email Marketing,12.12,Calling,0,
2841,2024-04-03,71382,74,CT1,Central,Zalo OA,12.12,New,0,
2842,2024-12-29,42574,175,HN1,North,Facebook Ads,SummerSale,Converted,1,2922.0
2843,2024-04-24,51910,184,CT1,South,Website SEO,BackToSchool,Converted,1,1434.0
2844,2024-01-03,83531,23,HCM1,South,Google Ads,BackToSchool,New,0,
2845,2024-01-07,35186,18,HN1,South,Email Marketing,11.11,New,0,
2846,2024-07-28,32813,129,HCM2,South,Email Marketing,BackToSchool,Converted,1,1182.0
2847,2024-05-16,88812,35,HCM2,South,Tiktok Ads,12.12,Converted,1,1776.0
2848,2024-10-02,95525,64,DN1,North,Google Ads,12.12,Converted,1,79.0
2849,2024-07-31,88282,186,HCM2,North,Google Ads,NewProductLaunch,NoAnswer,0,
2850,2024-10-19,28557,59,CT1,Central,Zalo OA,11.11,Converted,1,1893.0
2851,2024-12-07,38060,1,HCM2,North,Facebook Ads,SummerSale,Calling,0,
2852,2024-07-03,68866,131,HCM2,South,Zalo OA,11.11,Converted,1,1784.0
2853,2024-01-21,82104,67,HCM2,Central,Facebook Ads,FlashSaleWeekend,Converted,1,226.0
2854,2024-08-30,94577,37,HN1,South,Website SEO,SummerSale,Converted,1,2643.0
2855,2024-06-19,16080,29,DN1,South,Zalo OA,12.12,Converted,1,1562.0
2856,2024-02-09,23854,89,HCM1,North,Tiktok Ads,BackToSchool,Cancelled,0,
2857,2024-01-03,77695,161,DN1,South,Facebook Ads,Tet2024,New,0,
2858,2024-09-12,37025,100,CT1,North,Zalo OA,11.11,Cancelled,0,
2859,2024-04-11,62982,189,HN1,South,Tiktok Ads,11.11,Calling,0,
2860,2024-02-23,51081,122,HN1,Central,Google Ads,NewProductLaunch,Calling,0,
2861,2023-12-18,14368,90,HCM2,South,Email Marketing,NewProductLaunch,Cancelled,0,
2862,2024-07-22,37094,132,HCM2,North,Website SEO,12.12,Converted,1,2967.0
2863,2023-12-28,56040,14,CT1,South,Website SEO,SummerSale,Cancelled,0,
2864,2023-12-17,76766,161,HN1,North,Google Ads,Tet2024,Converted,1,220.0
2865,2024-07-17,93053,150,HCM1,North,Zalo OA,FlashSaleWeekend,Converted,1,2341.0
2866,2024-07-30,33991,176,DN1,Central,Email Marketing,NewProductLaunch,New,0,
2867,2024-11-14,11301,131,HN1,North,Google Ads,NewProductLaunch,Cancelled,0,
2868,2024-06-17,38610,85,HCM1,Central,Tiktok Ads,BackToSchool,Cancelled,0,
2869,2024-02-07,91463,151,HCM1,Central,Email Marketing,BackToSchool,Converted,1,1890.0
2870,2024-12-24,44678,196,DN1,South,Facebook Ads,12.12,NoAnswer,0,
2871,2024-08-24,34466,21,HCM1,Central,Zalo OA,12.12,New,0,
2872,2024-01-07,90440,171,CT1,North,Email Marketing,NewProductLaunch,Converted,1,2764.0
2873,2024-05-24,50875,26,HCM1,North,Facebook Ads,SummerSale,New,0,
2874,2024-05-20,36081,41,CT1,Central,Google Ads,FlashSaleWeekend,Converted,1,1017.0
2875,2024-03-05,34354,122,HCM1,South,Website SEO,Tet2024,Calling,0,
2876,2024-05-21,28300,38,HCM2,Central,Email Marketing,NewProductLaunch,Converted,1,2770.0
2877,2024-06-19,74384,88,HCM1,Central,Email Marketing,SummerSale,Converted,1,1246.0
2878,2024-02-12,70892,11,CT1,North,Facebook Ads,SummerSale,Converted,1,2230.0
2879,2024-10-14,45525,29,HCM1,South,Facebook Ads,NewProductLaunch,Cancelled,0,
2880,2024-10-28,36532,60,HCM1,South,Website SEO,SummerSale,NoAnswer,0,
2881,2024-12-14,16464,195,HCM1,South,Facebook Ads,11.11,Converted,1,426.0
2882,2024-07-12,26562,193,CT1,South,Facebook Ads,SummerSale,Calling,0,
2883,2024-05-14,65514,61,HCM1,North,Email Marketing,NewProductLaunch,NoAnswer,0,
2884,2024-04-01,84219,147,DN1,South,Website SEO,SummerSale,Converted,1,834.0
2885,2024-02-28,42634,174,DN1,South,Website SEO,FlashSaleWeekend,New,0,
2886,2024-01-13,10060,177,CT1,South,Email Marketing,NewProductLaunch,Cancelled,0,
2887,2024-10-23,19269,22,HCM2,North,Google Ads,BackToSchool,Converted,1,11.0
2888,2024-04-09,73143,78,DN1,North,Google Ads,NewProductLaunch,NoAnswer,0,
2889,2024-12-04,33065,113,HN1,South,Email Marketing,SummerSale,Calling,0,
2890,2024-06-23,12895,185,DN1,North,Facebook Ads,NewProductLaunch,Converted,1,1726.0
2891,2024-01-02,90859,123,HN1,Central,Zalo OA,Tet2024,Converted,1,2171.0
2892,2024-06-04,22352,142,CT1,South,Google Ads,NewProductLaunch,New,0,
2893,2024-07-29,59737,44,HCM2,North,Google Ads,NewProductLaunch,Converted,1,2300.0
2894,2024-11-28,42016,144,HN1,South,Email Marketing,Tet2024,Converted,1,973.0
2895,2024-06-14,71304,97,HN1,South,Email Marketing,Tet2024,NoAnswer,0,
2896,2024-04-05,21962,77,DN1,North,Zalo OA,Tet2024,NoAnswer,0,
2897,2024-06-14,43302,140,HN1,Central,Zalo OA,12.12,Calling,0,
2898,2024-05-08,95382,55,CT1,South,Website SEO,11.11,Converted,1,2755.0
2899,2024-10-28,14011,51,CT1,Central,Email Marketing,12.12,Converted,1,540.0
2900,2024-04-08,29782,102,CT1,North,Google Ads,NewProductLaunch,NoAnswer,0,
2901,2024-04-05,77691,167,DN1,South,Tiktok Ads,12.12,Converted,1,1759.0
2902,2024-08-21,49725,161,HCM2,North,Tiktok Ads,12.12,Converted,1,2667.0
2903,2024-08-21,19196,161,DN1,North,Facebook Ads,Tet2024,New,0,
2904,2024-10-12,53459,29,CT1,North,Google Ads,Tet2024,Converted,1,1159.0
2905,2024-10-22,97245,69,DN1,North,Tiktok Ads,BackToSchool,NoAnswer,0,
2906,2024-04-10,88863,198,CT1,South,Google Ads,12.12,Converted,1,782.0
2907,2024-10-10,42769,159,HCM1,Central,Email Marketing,11.11,Cancelled,0,
2908,2024-05-23,34700,80,HCM1,Central,Google Ads,NewProductLaunch,Converted,1,126.0
2909,2024-06-29,90356,31,HN1,South,Tiktok Ads,FlashSaleWeekend,Converted,1,1527.0
2910,2024-08-30,86427,112,HCM2,South,Google Ads,FlashSaleWeekend,Cancelled,0,
2911,2024-05-10,15269,46,HCM1,Central,Zalo OA,SummerSale,Converted,1,983.0
2912,2024-08-10,53880,97,CT1,Central,Facebook Ads,11.11,Converted,1,1342.0
2913,2024-01-30,18320,52,DN1,South,Website SEO,11.11,Converted,1,12.0
2914,2024-06-29,59589,138,DN1,North,Tiktok Ads,BackToSchool,Calling,0,
2915,2024-01-30,86276,74,HN1,South,Email Marketing,NewProductLaunch,Cancelled,0,
2916,2024-03-01,45897,41,DN1,Central,Website SEO,NewProductLaunch,Converted,1,1464.0
2917,2024-04-16,68565,77,HCM1,North,Facebook Ads,Tet2024,Converted,1,1831.0
2918,2024-02-27,40930,131,DN1,Central,Zalo OA,Tet2024,Converted,1,516.0
2919,2024-12-07,67233,187,HCM1,North,Zalo OA,11.11,Converted,1,2364.0
2920,2024-04-29,92821,114,HCM1,Central,Zalo OA,BackToSchool,Cancelled,0,
2921,2024-03-13,24380,52,HCM2,North,Zalo OA,NewProductLaunch,NoAnswer,0,
2922,2024-11-03,86896,162,HN1,South,Tiktok Ads,BackToSchool,New,0,
2923,2024-02-13,80934,177,CT1,South,Tiktok Ads,SummerSale,Converted,1,2595.0
2924,2024-04-30,65830,156,HCM1,North,Google Ads,FlashSaleWeekend,Converted,1,1549.0
2925,2024-02-02,15529,87,HN1,North,Email Marketing,NewProductLaunch,Converted,1,2087.0
2926,2024-08-29,92987,109,CT1,South,Google Ads,Tet2024,New,0,
2927,2024-03-30,59178,141,DN1,South,Email Marketing,11.11,Converted,1,2351.0
2928,2024-04-05,16937,69,HN1,North,Facebook Ads,BackToSchool,Converted,1,979.0
2929,2024-11-28,49886,120,HN1,North,Google Ads,FlashSaleWeekend,Converted,1,2306.0
2930,2024-08-24,59699,67,HN1,South,Facebook Ads,FlashSaleWeekend,NoAnswer,0,
2931,2024-04-10,86396,61,DN1,Central,Facebook Ads,FlashSaleWeekend,Converted,1,2007.0
2932,2024-06-29,35279,188,DN1,South,Facebook Ads,Tet2024,Converted,1,2688.0
2933,2024-11-15,48106,71,HN1,North,Zalo OA,11.11,Converted,1,1847.0
2934,2024-12-13,89737,152,HCM2,North,Website SEO,Tet2024,Converted,1,2600.0
2935,2024-02-03,50544,191,HCM1,Central,Website SEO,NewProductLaunch,Converted,1,2509.0
2936,2024-08-15,18997,189,DN1,South,Tiktok Ads,BackToSchool,Cancelled,0,
2937,2024-01-18,95711,151,HCM2,North,Facebook Ads,SummerSale,NoAnswer,0,
2938,2024-10-11,50860,30,DN1,South,Zalo OA,12.12,Converted,1,280.0
2939,2024-02-21,13225,188,HN1,North,Google Ads,FlashSaleWeekend,Cancelled,0,
2940,2024-11-27,69470,146,HCM2,Central,Google Ads,Tet2024,Cancelled,0,
2941,2024-10-29,73656,96,CT1,South,Tiktok Ads,12.12,Cancelled,0,
2942,2024-02-01,61880,56,HCM1,South,Tiktok Ads,BackToSchool,New,0,
2943,2024-02-26,71078,53,HCM1,Central,Facebook Ads,NewProductLaunch,Converted,1,248.0
2944,2024-06-23,98646,7,DN1,North,Facebook Ads,Tet2024,Calling,0,
2945,2024-08-31,86290,97,HCM1,North,Google Ads,NewProductLaunch,Converted,1,1373.0
2946,2024-12-04,66633,197,CT1,South,Google Ads,SummerSale,Converted,1,2914.0
2947,2024-02-22,36655,113,HCM2,Central,Google Ads,FlashSaleWeekend,New,0,
2948,2024-03-13,53601,125,HCM2,South,Google Ads,SummerSale,Cancelled,0,
2949,2024-08-30,13114,180,HN1,South,Website SEO,FlashSaleWeekend,Converted,1,2634.0
2950,2024-04-18,36502,132,HCM2,North,Facebook Ads,11.11,Converted,1,45.0
2951,2024-08-01,59768,162,DN1,North,Facebook Ads,11.11,NoAnswer,0,
2952,2024-10-04,58128,197,CT1,North,Google Ads,11.11,NoAnswer,0,
2953,2024-04-21,30028,161,HN1,North,Zalo OA,NewProductLaunch,Cancelled,0,
2954,2024-09-19,65565,121,DN1,North,Google Ads,11.11,Calling,0,
2955,2024-10-22,93123,197,DN1,Central,Email Marketing,BackToSchool,New,0,
2956,2024-03-23,45333,38,DN1,South,Tiktok Ads,12.12,Converted,1,1276.0
2957,2024-11-04,13174,122,HCM1,Central,Email Marketing,12.12,Converted,1,2516.0
2958,2024-10-06,45398,26,DN1,South,Zalo OA,NewProductLaunch,Converted,1,1085.0
2959,2024-06-13,45929,129,HCM1,North,Tiktok Ads,NewProductLaunch,New,0,
2960,2024-06-05,14321,4,HCM2,Central,Zalo OA,11.11,Converted,1,87.0
2961,2024-10-25,65421,39,HCM1,South,Tiktok Ads,FlashSaleWeekend,Cancelled,0,
2962,2024-12-12,82635,54,DN1,North,Google Ads,12.12,Cancelled,0,
2963,2024-06-19,33760,161,CT1,North,Google Ads,12.12,Converted,1,2531.0
2964,2024-02-09,21360,33,CT1,Central,Zalo OA,11.11,Converted,1,1839.0
2965,2024-01-14,20313,20,HCM2,Central,Tiktok Ads,NewProductLaunch,Calling,0,
2966,2024-03-07,95998,16,DN1,Central,Website SEO,SummerSale,Converted,1,1607.0
2967,2024-05-14,15801,149,HCM1,North,Zalo OA,FlashSaleWeekend,Converted,1,2996.0
2968,2024-01-19,24130,173,CT1,South,Zalo OA,SummerSale,New,0,
2969,2024-07-14,24271,127,HN1,South,Email Marketing,11.11,Converted,1,2888.0
2970,2024-12-12,26075,87,DN1,Central,Facebook Ads,SummerSale,Converted,1,25.0
2971,2024-03-29,28984,82,DN1,South,Zalo OA,BackToSchool,Converted,1,1815.0
2972,2024-11-20,98095,62,HN1,North,Website SEO,BackToSchool,Calling,0,
2973,2024-07-21,70942,31,CT1,South,Google Ads,BackToSchool,New,0,
2974,2024-05-25,22861,42,HN1,North,Tiktok Ads,NewProductLaunch,Calling,0,
2975,2024-07-21,92203,12,HCM2,Central,Facebook Ads,NewProductLaunch,Calling,0,
2976,2024-09-09,81376,65,HCM1,South,Tiktok Ads,NewProductLaunch,Converted,1,2843.0
2977,2024-04-12,71247,73,HCM1,North,Google Ads,NewProductLaunch,Calling,0,
2978,2024-11-14,79101,131,CT1,Central,Zalo OA,NewProductLaunch,Converted,1,1583.0
2979,2024-06-13,30977,115,HN1,Central,Email Marketing,11.11,NoAnswer,0,
2980,2024-03-29,60617,137,DN1,Central,Website SEO,SummerSale,Converted,1,1714.0
2981,2024-07-18,67473,106,DN1,Central,Facebook Ads,11.11,NoAnswer,0,
2982,2024-07-06,96654,179,DN1,South,Website SEO,SummerSale,NoAnswer,0,
2983,2024-02-22,98177,16,HCM2,North,Website SEO,11.11,Converted,1,660.0
2984,2024-01-27,82902,78,HCM2,South,Website SEO,BackToSchool,New,0,
2985,2024-11-07,25630,125,DN1,North,Website SEO,Tet2024,Calling,0,
2986,2024-10-10,30056,131,CT1,Central,Google Ads,NewProductLaunch,Cancelled,0,
2987,2024-07-29,17382,152,HCM2,South,Website SEO,Tet2024,Cancelled,0,
2988,2024-06-15,65739,141,HCM2,Central,Email Marketing,Tet2024,Converted,1,2964.0
2989,2024-03-30,91685,130,HCM1,North,Website SEO,BackToSchool,Converted,1,2103.0
2990,2024-03-07,58639,199,HCM1,Central,Google Ads,Tet2024,New,0,
2991,2024-11-16,69838,112,CT1,South,Tiktok Ads,Tet2024,New,0,
2992,2024-08-20,56041,127,HCM2,South,Google Ads,BackToSchool,Converted,1,1736.0
2993,2024-12-11,10992,21,HCM2,North,Email Marketing,SummerSale,Converted,1,1772.0
2994,2024-01-04,82394,147,HN1,North,Email Marketing,11.11,Converted,1,2362.0
2995,2024-06-27,77657,89,CT1,South,Zalo OA,12.12,Converted,1,1344.0
2996,2024-06-09,37160,47,CT1,South,Google Ads,Tet2024,Cancelled,0,
2997,2023-12-21,55156,150,HN1,South,Tiktok Ads,NewProductLaunch,Calling,0,
2998,2024-02-22,61375,161,HN1,South,Zalo OA,BackToSchool,NoAnswer,0,
2999,2024-04-19,96442,160,HCM1,North,Zalo OA,FlashSaleWeekend,New,0,
3000,2024-05-22,29572,192,CT1,South,Facebook Ads,FlashSaleWeekend,Converted,1,1821.0
3001,2024-08-18,14136,85,CT1,North,Website SEO,Tet2024,Converted,1,2511.0
3002,2024-07-04,71868,167,HN1,South,Zalo OA,12.12,Converted,1,2166.0
3003,2024-05-10,92263,128,DN1,South,Zalo OA,SummerSale,New,0,
3004,2024-05-05,42167,72,DN1,Central,Email Marketing,SummerSale,Converted,1,1747.0
3005,2024-06-30,25479,42,HCM1,Central,Tiktok Ads,12.12,New,0,
3006,2024-05-16,41376,9,DN1,South,Zalo OA,NewProductLaunch,Cancelled,0,
3007,2024-12-24,14823,25,DN1,North,Tiktok Ads,Tet2024,NoAnswer,0,
3008,2024-05-04,80456,2,DN1,South,Website SEO,NewProductLaunch,Converted,1,602.0
3009,2024-10-22,29585,19,HCM2,Central,Email Marketing,SummerSale,Calling,0,
3010,2024-05-27,27272,20,HCM1,South,Facebook Ads,FlashSaleWeekend,Converted,1,2721.0
3011,2024-10-23,36619,70,HN1,Central,Facebook Ads,SummerSale,Calling,0,
3012,2024-01-04,85069,17,DN1,South,Website SEO,11.11,Cancelled,0,
3013,2024-03-05,49895,124,HCM2,South,Website SEO,SummerSale,Converted,1,639.0
3014,2024-02-21,13720,89,DN1,North,Email Marketing,BackToSchool,New,0,
3015,2024-04-23,29267,196,HCM2,Central,Email Marketing,11.11,Cancelled,0,
3016,2024-03-10,25696,94,HCM1,Central,Google Ads,NewProductLaunch,Cancelled,0,
3017,2024-07-19,39968,84,DN1,Central,Zalo OA,SummerSale,Converted,1,475.0
3018,2024-10-14,63364,131,HCM2,North,Zalo OA,12.12,Calling,0,
3019,2024-12-19,33345,87,CT1,South,Zalo OA,BackToSchool,NoAnswer,0,
3020,2024-11-23,61567,51,CT1,North,Tiktok Ads,11.11,Calling,0,
3021,2024-11-19,71607,82,HCM2,South,Google Ads,BackToSchool,Cancelled,0,
3022,2024-05-23,29385,154,DN1,North,Zalo OA,11.11,Cancelled,0,
3023,2024-06-09,93658,184,DN1,North,Tiktok Ads,11.11,Converted,1,25.0
3024,2024-04-09,76900,192,HCM1,Central,Tiktok Ads,11.11,Converted,1,349.0
3025,2024-06-27,78244,8,HCM1,North,Facebook Ads,12.12,New,0,
3026,2024-12-31,75425,165,HN1,South,Tiktok Ads,NewProductLaunch,Converted,1,227.0
3027,2024-11-05,88518,121,HCM1,North,Website SEO,11.11,Converted,1,1372.0
3028,2024-03-09,92844,155,DN1,North,Email Marketing,11.11,Converted,1,38.0
3029,2024-09-28,42919,173,HN1,South,Tiktok Ads,BackToSchool,New,0,
3030,2024-03-04,67196,4,HCM1,Central,Website SEO,11.11,Cancelled,0,
3031,2024-05-14,89401,86,HCM2,South,Website SEO,NewProductLaunch,Converted,1,2284.0
3032,2024-02-13,10495,128,CT1,South,Facebook Ads,FlashSaleWeekend,Calling,0,
3033,2024-02-13,54755,110,HCM1,South,Facebook Ads,12.12,New,0,
3034,2024-12-02,77684,99,HCM1,North,Tiktok Ads,12.12,Converted,1,2354.0
3035,2024-01-11,43324,37,HCM2,North,Facebook Ads,BackToSchool,NoAnswer,0,
3036,2024-01-26,88929,71,DN1,South,Facebook Ads,FlashSaleWeekend,NoAnswer,0,
3037,2024-05-31,11552,33,HCM2,South,Email Marketing,11.11,Cancelled,0,
3038,2024-03-09,61272,31,HCM1,Central,Zalo OA,BackToSchool,Converted,1,2463.0
3039,2024-06-08,45853,183,DN1,North,Tiktok Ads,12.12,NoAnswer,0,
3040,2023-12-31,42924,125,HN1,North,Tiktok Ads,NewProductLaunch,Converted,1,732.0
3041,2024-03-21,84462,12,HCM1,North,Tiktok Ads,BackToSchool,Converted,1,2702.0
3042,2024-06-29,33889,11,HCM2,North,Facebook Ads,NewProductLaunch,NoAnswer,0,
3043,2024-03-21,64675,88,HN1,South,Email Marketing,FlashSaleWeekend,New,0,
3044,2024-02-17,83591,72,CT1,South,Facebook Ads,FlashSaleWeekend,New,0,
3045,2024-11-08,80190,32,HN1,Central,Website SEO,SummerSale,Converted,1,1504.0
3046,2024-11-19,32634,57,HCM2,North,Google Ads,11.11,Calling,0,
3047,2023-12-19,42363,166,HN1,North,Google Ads,NewProductLaunch,Converted,1,1595.0
3048,2023-12-16,73752,188,HCM2,South,Google Ads,11.11,New,0,
3049,2024-01-05,87004,86,HCM1,Central,Zalo OA,FlashSaleWeekend,Calling,0,
3050,2024-04-04,66398,19,DN1,South,Facebook Ads,NewProductLaunch,New,0,
3051,2024-02-09,50718,116,CT1,North,Website SEO,Tet2024,Converted,1,2236.0
3052,2024-02-18,92916,184,DN1,North,Website SEO,FlashSaleWeekend,Cancelled,0,
3053,2024-11-08,36870,14,DN1,Central,Google Ads,Tet2024,Calling,0,
3054,2024-03-21,47394,33,DN1,South,Email Marketing,Tet2024,Converted,1,2235.0
3055,2024-05-06,62057,10,HCM2,North,Zalo OA,FlashSaleWeekend,Cancelled,0,
3056,2024-12-16,89795,80,HCM2,North,Zalo OA,NewProductLaunch,Calling,0,
3057,2024-04-17,90409,192,CT1,Central,Google Ads,12.12,Converted,1,164.0
3058,2024-05-29,23016,64,HCM2,North,Google Ads,12.12,Converted,1,1448.0
3059,2024-03-09,52137,190,HCM2,North,Facebook Ads,11.11,NoAnswer,0,
3060,2024-02-28,10153,68,HCM2,South,Email Marketing,Tet2024,Calling,0,
3061,2024-11-22,17853,92,HCM2,Central,Zalo OA,11.11,Converted,1,691.0
3062,2024-10-03,22379,125,HCM1,Central,Website SEO,NewProductLaunch,Calling,0,
3063,2024-02-11,25792,171,CT1,Central,Google Ads,11.11,Converted,1,2626.0
3064,2024-04-30,48367,80,HCM2,South,Facebook Ads,11.11,Calling,0,
3065,2024-03-22,28100,59,CT1,Central,Website SEO,Tet2024,Calling,0,
3066,2024-06-23,73456,180,HN1,North,Zalo OA,FlashSaleWeekend,Calling,0,
3067,2024-08-13,21049,97,HCM1,Central,Google Ads,12.12,NoAnswer,0,
3068,2024-10-28,10786,19,HCM2,North,Email Marketing,BackToSchool,Converted,1,2026.0
3069,2024-02-01,79904,149,HCM1,Central,Google Ads,SummerSale,Calling,0,
3070,2024-01-15,40699,22,HCM1,Central,Email Marketing,NewProductLaunch,Cancelled,0,
3071,2024-09-16,57691,9,HN1,South,Facebook Ads,NewProductLaunch,Converted,1,1464.0
3072,2024-01-03,47040,9,CT1,Central,Facebook Ads,NewProductLaunch,Calling,0,
3073,2024-05-16,67986,27,HCM1,Central,Zalo OA,SummerSale,Converted,1,1879.0
3074,2024-12-31,48762,17,DN1,South,Email Marketing,BackToSchool,Converted,1,124.0
3075,2024-02-20,33600,172,HN1,North,Google Ads,12.12,Converted,1,2716.0
3076,2024-12-14,29810,45,DN1,Central,Facebook Ads,11.11,Converted,1,2397.0
3077,2024-12-20,95703,8,HN1,Central,Google Ads,12.12,Calling,0,
3078,2024-07-15,97347,146,DN1,North,Zalo OA,NewProductLaunch,Converted,1,1972.0
3079,2024-05-05,67204,125,DN1,South,Email Marketing,11.11,Converted,1,1295.0
3080,2024-12-24,30085,123,HCM1,Central,Google Ads,Tet2024,Converted,1,1453.0
3081,2024-08-02,56854,33,HCM1,South,Website SEO,12.12,Cancelled,0,
3082,2024-07-14,84797,1,HN1,North,Google Ads,Tet2024,Converted,1,2755.0
3083,2024-03-02,94269,6,CT1,North,Tiktok Ads,Tet2024,Converted,1,713.0
3084,2024-07-15,49779,41,HCM1,South,Tiktok Ads,FlashSaleWeekend,Converted,1,247.0
3085,2024-04-08,66207,183,HCM1,North,Zalo OA,12.12,New,0,
3086,2024-03-15,43980,5,HCM2,North,Zalo OA,NewProductLaunch,New,0,
3087,2024-09-09,66117,187,HCM1,Central,Zalo OA,SummerSale,Converted,1,2377.0
3088,2024-12-29,24141,80,CT1,South,Website SEO,NewProductLaunch,NoAnswer,0,
3089,2024-05-30,19344,18,HCM2,Central,Email Marketing,Tet2024,Calling,0,
3090,2024-02-10,25896,177,DN1,South,Website SEO,Tet2024,Converted,1,2014.0
3091,2024-09-23,99353,82,DN1,Central,Google Ads,NewProductLaunch,Calling,0,
3092,2024-01-09,39813,65,HCM2,North,Facebook Ads,SummerSale,New,0,
3093,2024-12-17,94431,83,HCM2,South,Email Marketing,SummerSale,Calling,0,
3094,2024-02-18,75679,182,HCM2,South,Tiktok Ads,FlashSaleWeekend,NoAnswer,0,
3095,2024-08-18,20681,189,HN1,South,Tiktok Ads,11.11,Cancelled,0,
3096,2024-08-24,82903,136,CT1,South,Tiktok Ads,BackToSchool,Calling,0,
3097,2024-01-27,13228,131,CT1,North,Google Ads,Tet2024,Cancelled,0,
3098,2024-03-20,14582,25,DN1,North,Google Ads,SummerSale,Converted,1,197.0
3099,2024-01-25,88683,69,DN1,North,Zalo OA,12.12,Converted,1,2812.0
3100,2024-07-28,21397,183,DN1,Central,Facebook Ads,FlashSaleWeekend,NoAnswer,0,
3101,2024-09-01,48799,168,HCM1,North,Zalo OA,Tet2024,New,0,
3102,2024-05-29,47011,82,DN1,Central,Google Ads,BackToSchool,NoAnswer,0,
3103,2024-09-18,89183,178,HCM2,Central,Website SEO,12.12,Converted,1,1114.0
3104,2024-03-12,54264,117,DN1,North,Zalo OA,Tet2024,Converted,1,2254.0
3105,2024-12-27,52317,95,HCM2,North,Email Marketing,FlashSaleWeekend,NoAnswer,0,
3106,2024-06-09,57914,33,HN1,North,Google Ads,FlashSaleWeekend,NoAnswer,0,
3107,2024-06-28,94633,111,HCM1,Central,Google Ads,SummerSale,Converted,1,1092.0
3108,2024-10-16,55254,146,HCM1,South,Website SEO,11.11,Converted,1,362.0
3109,2024-09-06,50096,125,CT1,North,Website SEO,NewProductLaunch,NoAnswer,0,
3110,2024-09-07,63785,185,HN1,Central,Website SEO,FlashSaleWeekend,Converted,1,2706.0
3111,2024-02-26,62344,16,HCM2,Central,Facebook Ads,12.12,Converted,1,1087.0
3112,2023-12-22,92643,80,HN1,North,Email Marketing,NewProductLaunch,Converted,1,2016.0
3113,2024-10-06,78546,38,HCM1,Central,Google Ads,SummerSale,Cancelled,0,
3114,2024-05-26,81091,169,HCM2,North,Website SEO,SummerSale,Converted,1,1716.0
3115,2024-03-08,75603,135,HN1,Central,Facebook Ads,12.12,NoAnswer,0,
3116,2024-02-24,38412,78,HCM1,South,Tiktok Ads,BackToSchool,Converted,1,1727.0
3117,2024-02-07,61658,181,HCM2,Central,Email Marketing,FlashSaleWeekend,NoAnswer,0,
3118,2024-01-30,59549,63,HCM2,North,Tiktok Ads,12.12,NoAnswer,0,
3119,2024-08-08,21549,112,HCM1,South,Tiktok Ads,Tet2024,Converted,1,246.0
3120,2024-03-27,81216,89,HCM2,North,Google Ads,BackToSchool,NoAnswer,0,
3121,2024-07-11,35739,160,HCM1,Central,Facebook Ads,NewProductLaunch,Cancelled,0,
3122,2024-01-25,31209,38,DN1,South,Facebook Ads,Tet2024,NoAnswer,0,
3123,2024-10-25,97968,150,DN1,South,Tiktok Ads,BackToSchool,New,0,
3124,2024-09-07,25116,144,HCM2,Central,Email Marketing,NewProductLaunch,NoAnswer,0,
3125,2024-09-02,30045,52,HCM2,South,Zalo OA,Tet2024,Converted,1,2897.0
3126,2024-11-14,36327,29,HCM1,South,Tiktok Ads,11.11,NoAnswer,0,
3127,2024-12-13,45709,144,HCM2,South,Google Ads,FlashSaleWeekend,Calling,0,
3128,2024-08-29,53617,76,CT1,North,Tiktok Ads,12.12,Calling,0,
3129,2024-09-22,70139,145,DN1,North,Email Marketing,12.12,Calling,0,
3130,2024-04-06,36905,64,HCM2,South,Email Marketing,12.12,NoAnswer,0,
3131,2024-12-11,74148,91,HCM2,Central,Tiktok Ads,11.11,New,0,
3132,2024-01-23,82603,89,HN1,Central,Facebook Ads,FlashSaleWeekend,New,0,
3133,2024-07-21,52919,13,HCM2,North,Tiktok Ads,BackToSchool,Calling,0,
3134,2024-04-21,93521,72,CT1,Central,Website SEO,FlashSaleWeekend,Converted,1,746.0
3135,2023-12-22,93400,184,DN1,South,Website SEO,SummerSale,Converted,1,2336.0
3136,2024-03-24,98150,5,HN1,Central,Zalo OA,Tet2024,Calling,0,
3137,2024-12-28,68446,12,HCM1,North,Google Ads,BackToSchool,NoAnswer,0,
3138,2024-06-07,62428,169,HCM1,North,Google Ads,SummerSale,Converted,1,140.0
3139,2024-03-30,57894,3,DN1,South,Facebook Ads,12.12,New,0,
3140,2024-03-24,91149,33,HCM1,North,Google Ads,12.12,Converted,1,707.0
3141,2024-08-30,16447,121,CT1,North,Zalo OA,12.12,New,0,
3142,2024-12-14,15499,50,HCM2,North,Website SEO,SummerSale,Calling,0,
3143,2024-08-16,49041,184,DN1,Central,Facebook Ads,Tet2024,Converted,1,1661.0
3144,2024-09-14,41315,137,HN1,North,Email Marketing,Tet2024,Converted,1,1902.0
3145,2024-01-15,11299,178,HCM2,Central,Website SEO,SummerSale,New,0,
3146,2024-04-29,14994,29,HCM1,North,Zalo OA,NewProductLaunch,Calling,0,
3147,2023-12-26,91163,39,HCM1,North,Facebook Ads,12.12,Calling,0,
3148,2024-10-11,17489,91,HN1,Central,Tiktok Ads,BackToSchool,Converted,1,2261.0
3149,2024-12-23,42355,100,CT1,Central,Google Ads,Tet2024,Converted,1,2945.0
3150,2023-12-30,83805,173,HN1,South,Zalo OA,FlashSaleWeekend,Cancelled,0,
3151,2024-04-21,78367,17,DN1,South,Facebook Ads,SummerSale,Cancelled,0,
3152,2024-02-15,87355,56,HN1,Central,Website SEO,NewProductLaunch,NoAnswer,0,
3153,2024-04-01,97173,46,HCM1,North,Facebook Ads,11.11,Calling,0,
3154,2024-12-23,11996,67,CT1,South,Tiktok Ads,SummerSale,NoAnswer,0,
3155,2024-01-04,54387,197,CT1,Central,Zalo OA,FlashSaleWeekend,Converted,1,2308.0
3156,2024-05-20,13089,142,HN1,Central,Facebook Ads,NewProductLaunch,Cancelled,0,
3157,2024-09-08,30659,67,DN1,North,Email Marketing,11.11,New,0,
3158,2024-05-24,55178,23,HCM1,Central,Zalo OA,NewProductLaunch,Converted,1,997.0
3159,2024-08-30,91268,94,HCM2,South,Zalo OA,Tet2024,Cancelled,0,
3160,2024-03-25,95042,189,CT1,North,Website SEO,SummerSale,Cancelled,0,
3161,2024-07-24,80726,151,HN1,Central,Google Ads,FlashSaleWeekend,Cancelled,0,
3162,2024-02-11,80111,155,DN1,Central,Email Marketing,11.11,New,0,
3163,2024-08-17,44565,54,DN1,North,Tiktok Ads,NewProductLaunch,Converted,1,304.0
3164,2024-04-20,99242,138,HCM1,North,Facebook Ads,11.11,Converted,1,2391.0
3165,2024-09-22,32884,77,CT1,North,Google Ads,BackToSchool,Cancelled,0,
3166,2024-11-03,27199,16,HCM1,South,Website SEO,FlashSaleWeekend,Calling,0,
3167,2024-01-08,70038,41,HCM2,South,Google Ads,SummerSale,Calling,0,
3168,2024-04-23,67786,98,HCM2,Central,Zalo OA,Tet2024,Cancelled,0,
3169,2024-12-01,59294,183,HCM2,Central,Zalo OA,11.11,NoAnswer,0,
3170,2024-06-27,88015,128,DN1,North,Tiktok Ads,12.12,NoAnswer,0,
3171,2024-09-20,44178,61,CT1,Central,Email Marketing,NewProductLaunch,New,0,
3172,2024-05-16,22665,86,HCM1,Central,Facebook Ads,12.12,New,0,
3173,2024-12-30,10534,118,HCM1,North,Facebook Ads,11.11,Converted,1,1255.0
3174,2024-04-25,46132,100,HCM2,South,Website SEO,FlashSaleWeekend,Converted,1,818.0
3175,2024-07-28,46110,49,CT1,South,Tiktok Ads,12.12,Converted,1,1738.0
3176,2024-06-20,68754,180,CT1,South,Facebook Ads,NewProductLaunch,Calling,0,
3177,2024-09-04,73580,2,HN1,Central,Email Marketing,11.11,Converted,1,38.0
3178,2024-12-20,32469,120,CT1,North,Zalo OA,Tet2024,Converted,1,1179.0
3179,2024-04-26,74016,178,CT1,South,Tiktok Ads,Tet2024,Converted,1,105.0
3180,2024-07-12,56233,123,HCM1,Central,Google Ads,SummerSale,Calling,0,
3181,2024-02-12,76708,86,CT1,North,Tiktok Ads,Tet2024,Converted,1,2536.0
3182,2024-12-25,68232,171,CT1,South,Tiktok Ads,11.11,Cancelled,0,
3183,2024-12-12,96437,77,HCM1,South,Email Marketing,FlashSaleWeekend,Converted,1,2506.0
3184,2024-12-12,44409,136,CT1,North,Email Marketing,11.11,NoAnswer,0,
3185,2024-07-14,29324,59,HCM1,Central,Facebook Ads,Tet2024,Converted,1,591.0
3186,2024-07-17,18738,193,HN1,Central,Website SEO,BackToSchool,Converted,1,525.0
3187,2024-07-27,34054,12,DN1,South,Website SEO,11.11,Calling,0,
3188,2024-04-23,39709,4,HCM1,North,Email Marketing,SummerSale,NoAnswer,0,
3189,2024-02-28,95643,117,HCM1,Central,Facebook Ads,BackToSchool,New,0,
3190,2024-09-25,10363,95,CT1,North,Facebook Ads,Tet2024,New,0,
3191,2024-09-16,20358,125,HCM1,North,Facebook Ads,FlashSaleWeekend,Cancelled,0,
3192,2024-05-18,13240,41,HCM2,South,Email Marketing,NewProductLaunch,Cancelled,0,
3193,2024-08-18,82201,123,HCM2,North,Website SEO,11.11,Converted,1,2647.0
3194,2024-07-19,55689,7,HN1,North,Facebook Ads,NewProductLaunch,Calling,0,
3195,2024-06-21,11936,69,HCM1,North,Email Marketing,12.12,Converted,1,2589.0
3196,2024-05-25,53965,69,CT1,Central,Google Ads,SummerSale,Converted,1,1536.0
3197,2024-06-11,87534,81,CT1,South,Google Ads,BackToSchool,Converted,1,2437.0
3198,2024-01-17,10882,30,DN1,South,Zalo OA,NewProductLaunch,Converted,1,2411.0
3199,2024-01-24,30224,73,HN1,North,Google Ads,SummerSale,NoAnswer,0,
3200,2024-10-16,40825,6,CT1,North,Tiktok Ads,NewProductLaunch,Converted,1,931.0
3201,2024-11-16,80740,89,DN1,Central,Zalo OA,NewProductLaunch,Calling,0,
3202,2024-10-23,38885,147,CT1,South,Google Ads,SummerSale,Converted,1,2660.0
3203,2024-02-27,50056,66,DN1,Central,Tiktok Ads,11.11,Converted,1,2770.0
3204,2024-09-18,13203,10,HCM2,South,Google Ads,NewProductLaunch,Converted,1,1990.0
3205,2024-06-07,70241,144,HCM2,Central,Email Marketing,SummerSale,Calling,0,
3206,2024-05-12,12244,37,CT1,North,Tiktok Ads,NewProductLaunch,NoAnswer,0,
3207,2024-09-12,78619,77,HN1,Central,Facebook Ads,FlashSaleWeekend,Converted,1,2988.0
3208,2024-11-03,31584,77,HCM1,North,Email Marketing,11.11,Converted,1,1886.0
3209,2024-03-31,18521,32,HN1,South,Tiktok Ads,FlashSaleWeekend,Calling,0,
3210,2024-05-01,60017,47,HN1,South,Email Marketing,FlashSaleWeekend,Converted,1,1995.0
3211,2024-11-28,43541,110,HCM1,North,Facebook Ads,SummerSale,Cancelled,0,
3212,2024-09-10,39063,171,HCM2,South,Tiktok Ads,FlashSaleWeekend,Converted,1,1514.0
3213,2024-11-25,80268,120,HCM2,Central,Tiktok Ads,NewProductLaunch,Converted,1,1149.0
3214,2024-09-28,74952,164,HCM1,North,Email Marketing,Tet2024,NoAnswer,0,
3215,2024-07-13,49563,154,DN1,South,Google Ads,11.11,NoAnswer,0,
3216,2024-12-29,49752,10,HN1,Central,Tiktok Ads,NewProductLaunch,Converted,1,310.0
3217,2024-09-11,12567,159,CT1,Central,Google Ads,BackToSchool,Calling,0,
3218,2024-02-18,26121,97,HCM2,South,Tiktok Ads,SummerSale,NoAnswer,0,
3219,2024-08-18,11674,157,CT1,South,Website SEO,NewProductLaunch,Converted,1,397.0
3220,2024-05-18,86411,5,HCM1,Central,Zalo OA,11.11,Converted,1,2201.0
3221,2024-01-30,76275,77,CT1,North,Google Ads,FlashSaleWeekend,Cancelled,0,
3222,2024-07-02,77081,1,CT1,South,Google Ads,11.11,Cancelled,0,
3223,2024-05-10,39140,131,HN1,South,Facebook Ads,BackToSchool,New,0,
3224,2024-04-16,19327,67,HCM1,North,Website SEO,FlashSaleWeekend,Converted,1,2941.0
3225,2023-12-15,80663,199,CT1,North,Facebook Ads,BackToSchool,New,0,
3226,2024-08-17,33331,163,HCM2,South,Website SEO,12.12,Converted,1,201.0
3227,2024-11-21,33004,15,HCM1,North,Website SEO,12.12,Converted,1,1891.0
3228,2024-04-20,20492,195,HCM2,Central,Email Marketing,NewProductLaunch,New,0,
3229,2024-06-22,64797,93,DN1,Central,Email Marketing,Tet2024,New,0,
3230,2024-02-19,68095,30,CT1,Central,Email Marketing,FlashSaleWeekend,Converted,1,1977.0
3231,2023-12-18,23749,103,HCM1,South,Tiktok Ads,11.11,Calling,0,
3232,2024-10-12,73217,82,HCM2,North,Facebook Ads,Tet2024,Converted,1,1326.0
3233,2024-10-03,99044,75,CT1,Central,Zalo OA,FlashSaleWeekend,Converted,1,1896.0
3234,2024-05-05,19045,171,HN1,North,Website SEO,FlashSaleWeekend,Converted,1,920.0
3235,2024-06-22,30116,60,HCM2,Central,Website SEO,FlashSaleWeekend,New,0,
3236,2024-01-04,28667,40,HCM2,North,Google Ads,FlashSaleWeekend,New,0,
3237,2024-07-28,85057,193,DN1,Central,Tiktok Ads,Tet2024,Converted,1,871.0
3238,2024-10-22,84205,157,HN1,Central,Zalo OA,NewProductLaunch,Converted,1,366.0
3239,2024-04-09,37302,74,DN1,Central,Email Marketing,SummerSale,New,0,
3240,2024-10-11,21283,121,HN1,Central,Website SEO,SummerSale,New,0,
3241,2024-05-04,40935,147,HCM2,Central,Google Ads,SummerSale,Calling,0,
3242,2024-01-22,82534,3,DN1,Central,Facebook Ads,BackToSchool,Converted,1,175.0
3243,2024-12-03,41624,36,CT1,Central,Website SEO,FlashSaleWeekend,New,0,
3244,2024-08-22,23440,43,HN1,Central,Google Ads,FlashSaleWeekend,Converted,1,545.0
3245,2024-11-11,56501,143,HCM2,Central,Facebook Ads,11.11,Converted,1,2525.0
3246,2024-07-08,97333,169,HCM1,North,Tiktok Ads,BackToSchool,Converted,1,2331.0
3247,2024-07-11,11269,115,HN1,North,Email Marketing,11.11,Converted,1,1762.0
3248,2024-04-07,17868,109,HN1,South,Facebook Ads,12.12,Converted,1,957.0
3249,2024-07-26,40251,90,CT1,Central,Website SEO,11.11,NoAnswer,0,
3250,2024-04-26,87909,164,HN1,North,Zalo OA,11.11,Cancelled,0,
3251,2024-08-21,94523,84,HN1,North,Facebook Ads,NewProductLaunch,Converted,1,1237.0
3252,2024-07-20,48729,77,CT1,North,Zalo OA,SummerSale,NoAnswer,0,
3253,2024-03-14,25734,161,CT1,North,Zalo OA,FlashSaleWeekend,Calling,0,
3254,2024-12-02,52429,5,DN1,North,Facebook Ads,BackToSchool,Calling,0,
3255,2024-12-24,51337,78,HCM2,North,Tiktok Ads,12.12,Calling,0,
3256,2024-01-29,50325,91,HCM2,South,Facebook Ads,BackToSchool,Converted,1,2166.0
3257,2024-01-21,93600,87,DN1,North,Google Ads,FlashSaleWeekend,Converted,1,1620.0
3258,2024-05-04,72514,14,HCM2,South,Email Marketing,NewProductLaunch,Cancelled,0,
3259,2024-03-23,18433,104,HN1,South,Zalo OA,11.11,Converted,1,749.0
3260,2024-11-06,19111,196,DN1,Central,Email Marketing,12.12,New,0,
3261,2024-06-21,73753,83,DN1,Central,Website SEO,SummerSale,Converted,1,1910.0
3262,2024-01-18,90583,175,HCM2,Central,Zalo OA,FlashSaleWeekend,Calling,0,
3263,2024-05-09,83620,54,HCM1,North,Website SEO,Tet2024,Converted,1,646.0
3264,2024-01-13,31751,132,HCM2,Central,Google Ads,Tet2024,New,0,
3265,2024-11-12,26453,95,HCM1,North,Google Ads,NewProductLaunch,Calling,0,
3266,2024-03-07,95844,9,DN1,North,Email Marketing,SummerSale,Converted,1,2573.0
3267,2024-12-17,48968,53,HCM1,Central,Google Ads,Tet2024,Cancelled,0,
3268,2024-09-20,40077,77,HN1,Central,Facebook Ads,Tet2024,Converted,1,2624.0
3269,2024-11-22,44775,60,CT1,South,Zalo OA,FlashSaleWeekend,Converted,1,937.0
3270,2024-09-09,68144,46,HCM1,South,Website SEO,12.12,NoAnswer,0,
3271,2024-05-16,58570,54,CT1,North,Email Marketing,12.12,Converted,1,662.0
3272,2024-03-25,56097,74,HN1,North,Email Marketing,FlashSaleWeekend,NoAnswer,0,
3273,2024-07-16,34503,112,CT1,Central,Google Ads,BackToSchool,Cancelled,0,
3274,2024-05-12,12779,95,HN1,Central,Google Ads,FlashSaleWeekend,Converted,1,12.0
3275,2024-03-06,96840,165,CT1,South,Website SEO,SummerSale,New,0,
3276,2024-04-02,10755,23,CT1,Central,Zalo OA,Tet2024,Converted,1,388.0
3277,2024-09-14,49263,27,HCM2,North,Zalo OA,12.12,Calling,0,
3278,2024-07-02,65087,70,HCM1,Central,Email Marketing,FlashSaleWeekend,Converted,1,1920.0
3279,2024-09-23,52281,194,CT1,South,Website SEO,12.12,NoAnswer,0,
3280,2024-06-04,61482,109,DN1,North,Email Marketing,12.12,Cancelled,0,
3281,2024-11-05,64857,189,HCM2,South,Tiktok Ads,BackToSchool,Converted,1,2709.0
3282,2024-07-07,27400,77,HCM1,South,Zalo OA,SummerSale,New,0,
3283,2024-02-15,50115,179,HCM2,North,Website SEO,11.11,Converted,1,100.0
3284,2024-02-25,24249,50,HCM1,South,Website SEO,12.12,NoAnswer,0,
3285,2024-08-21,56825,124,HN1,Central,Email Marketing,SummerSale,Cancelled,0,
3286,2024-04-16,34600,19,CT1,Central,Google Ads,NewProductLaunch,Converted,1,2922.0
3287,2024-12-23,47706,1,DN1,South,Website SEO,BackToSchool,Calling,0,
3288,2024-04-13,29222,40,HCM2,Central,Email Marketing,11.11,Cancelled,0,
3289,2024-09-14,51139,160,HCM2,South,Facebook Ads,12.12,Converted,1,74.0
3290,2024-04-12,51302,22,HCM2,Central,Google Ads,FlashSaleWeekend,Converted,1,2140.0
3291,2024-10-26,97838,112,HCM2,South,Google Ads,12.12,New,0,
3292,2024-05-26,78159,194,CT1,Central,Zalo OA,BackToSchool,NoAnswer,0,
3293,2024-09-25,18646,40,HCM1,North,Tiktok Ads,BackToSchool,Converted,1,175.0
3294,2024-09-04,23543,38,CT1,North,Zalo OA,Tet2024,Converted,1,1761.0
3295,2024-10-29,32785,48,HN1,Central,Facebook Ads,12.12,Converted,1,2363.0
3296,2024-05-23,88353,183,CT1,South,Email Marketing,SummerSale,Converted,1,497.0
3297,2024-12-24,41406,75,CT1,Central,Google Ads,BackToSchool,Calling,0,
3298,2024-10-17,98992,183,HN1,South,Google Ads,BackToSchool,Converted,1,428.0
3299,2024-03-12,61428,179,CT1,Central,Website SEO,NewProductLaunch,Converted,1,35.0
3300,2024-05-04,33777,107,HCM1,Central,Tiktok Ads,NewProductLaunch,New,0,
3301,2024-07-04,67939,188,DN1,North,Tiktok Ads,NewProductLaunch,Cancelled,0,
3302,2024-10-18,63026,8,HN1,South,Website SEO,BackToSchool,NoAnswer,0,
3303,2024-07-28,96450,86,HCM2,South,Facebook Ads,11.11,Converted,1,1381.0
3304,2024-11-12,39553,68,HCM1,South,Tiktok Ads,SummerSale,NoAnswer,0,
3305,2024-07-23,33548,75,DN1,South,Google Ads,BackToSchool,New,0,
3306,2024-01-24,73221,137,HCM1,South,Facebook Ads,FlashSaleWeekend,Calling,0,
3307,2024-06-27,47265,90,HCM1,North,Zalo OA,FlashSaleWeekend,New,0,
3308,2024-02-20,50701,130,HCM2,Central,Zalo OA,Tet2024,NoAnswer,0,
3309,2024-09-03,61287,80,DN1,South,Facebook Ads,FlashSaleWeekend,Converted,1,1187.0
3310,2023-12-16,16727,95,HCM1,South,Google Ads,12.12,NoAnswer,0,
3311,2024-12-09,60717,70,HCM2,Central,Zalo OA,11.11,Converted,1,1291.0
3312,2024-04-17,42427,90,HN1,North,Email Marketing,11.11,Converted,1,1587.0
3313,2024-04-02,26692,59,HCM2,North,Google Ads,SummerSale,Converted,1,1303.0
3314,2024-03-09,41625,147,CT1,North,Website SEO,11.11,Converted,1,1327.0
3315,2024-04-12,34918,28,HCM2,Central,Tiktok Ads,SummerSale,NoAnswer,0,
3316,2024-04-19,51136,72,HCM2,Central,Facebook Ads,FlashSaleWeekend,Calling,0,
3317,2024-08-25,62409,14,HCM2,North,Tiktok Ads,11.11,NoAnswer,0,
3318,2024-06-14,25577,24,HCM1,North,Website SEO,12.12,Converted,1,1270.0
3319,2023-12-30,95155,112,DN1,Central,Zalo OA,SummerSale,NoAnswer,0,
3320,2024-02-14,91731,44,HCM2,North,Email Marketing,NewProductLaunch,New,0,
3321,2024-12-17,37689,56,HCM2,South,Google Ads,NewProductLaunch,Converted,1,2715.0
3322,2024-05-20,21154,120,CT1,Central,Google Ads,11.11,Converted,1,2979.0
3323,2024-09-07,31341,179,CT1,North,Website SEO,11.11,Converted,1,1463.0
3324,2024-01-18,84681,32,HN1,South,Facebook Ads,FlashSaleWeekend,Converted,1,2185.0
3325,2024-09-06,56330,178,HN1,Central,Tiktok Ads,SummerSale,NoAnswer,0,
3326,2024-02-16,97759,169,CT1,Central,Email Marketing,FlashSaleWeekend,Converted,1,2604.0
3327,2024-02-02,78416,194,DN1,South,Zalo OA,SummerSale,Cancelled,0,
3328,2024-08-25,96807,25,HN1,Central,Facebook Ads,12.12,Converted,1,1173.0
3329,2024-05-11,43313,116,DN1,North,Email Marketing,BackToSchool,New,0,
3330,2024-11-03,56900,189,CT1,Central,Email Marketing,NewProductLaunch,NoAnswer,0,
3331,2024-10-13,88840,66,HN1,North,Website SEO,BackToSchool,Converted,1,2971.0
3332,2024-09-15,44695,42,HCM2,South,Website SEO,BackToSchool,New,0,
3333,2024-12-05,40225,193,CT1,South,Google Ads,Tet2024,Converted,1,1850.0
3334,2024-06-03,96072,164,HN1,Central,Zalo OA,SummerSale,Converted,1,1960.0
3335,2024-07-02,59156,76,DN1,South,Facebook Ads,Tet2024,Converted,1,1087.0
3336,2024-11-02,87209,137,DN1,South,Google Ads,Tet2024,New,0,
3337,2024-01-18,97453,164,HN1,Central,Zalo OA,BackToSchool,Cancelled,0,
3338,2024-07-17,37829,38,DN1,North,Tiktok Ads,Tet2024,Converted,1,600.0
3339,2024-02-17,90908,161,HN1,Central,Tiktok Ads,12.12,Converted,1,2616.0
3340,2023-12-22,35938,170,HN1,Central,Google Ads,SummerSale,New,0,
3341,2024-10-10,69164,61,DN1,North,Facebook Ads,BackToSchool,New,0,
3342,2024-11-21,64530,174,HCM1,North,Zalo OA,SummerSale,Calling,0,
3343,2024-11-10,78199,89,HCM2,North,Tiktok Ads,12.12,Converted,1,2189.0
3344,2024-02-28,70282,189,CT1,Central,Tiktok Ads,11.11,NoAnswer,0,
3345,2024-06-05,57801,18,HCM2,North,Facebook Ads,Tet2024,Calling,0,
3346,2024-01-30,19465,70,CT1,South,Google Ads,BackToSchool,Converted,1,561.0
3347,2023-12-29,13326,82,CT1,North,Website SEO,NewProductLaunch,NoAnswer,0,
3348,2024-12-09,13659,116,HCM2,South,Email Marketing,SummerSale,Converted,1,627.0
3349,2024-05-09,70289,80,HN1,North,Zalo OA,FlashSaleWeekend,New,0,
3350,2024-01-09,37594,15,DN1,South,Tiktok Ads,12.12,NoAnswer,0,
3351,2024-10-17,14763,176,HCM1,South,Email Marketing,Tet2024,New,0,
3352,2024-03-16,98657,13,HCM1,South,Email Marketing,SummerSale,NoAnswer,0,
3353,2024-08-02,20828,119,HCM1,South,Website SEO,12.12,New,0,
3354,2024-01-04,57588,43,HCM2,South,Email Marketing,SummerSale,NoAnswer,0,
3355,2024-10-16,21221,188,HCM2,North,Facebook Ads,11.11,NoAnswer,0,
3356,2024-01-21,21211,57,HN1,Central,Google Ads,FlashSaleWeekend,Converted,1,1903.0
3357,2024-09-15,23569,199,HCM1,Central,Zalo OA,12.12,NoAnswer,0,
3358,2024-05-19,47860,17,HN1,Central,Facebook Ads,SummerSale,Converted,1,2728.0
3359,2024-06-10,81558,178,HCM1,Central,Google Ads,FlashSaleWeekend,Converted,1,277.0
3360,2024-04-24,55337,32,HCM2,Central,Facebook Ads,11.11,New,0,
3361,2024-10-20,62311,150,DN1,South,Tiktok Ads,11.11,NoAnswer,0,
3362,2024-11-26,23515,55,DN1,North,Tiktok Ads,11.11,New,0,
3363,2024-01-11,81695,185,DN1,South,Website SEO,Tet2024,Calling,0,
3364,2024-08-30,97227,13,DN1,North,Facebook Ads,12.12,NoAnswer,0,
3365,2024-02-28,34904,47,CT1,North,Email Marketing,SummerSale,Cancelled,0,
3366,2024-02-19,69935,87,HCM1,North,Tiktok Ads,SummerSale,Converted,1,1686.0
3367,2024-11-20,53790,62,DN1,North,Google Ads,FlashSaleWeekend,Cancelled,0,
3368,2024-06-25,78580,182,CT1,Central,Website SEO,FlashSaleWeekend,New,0,
3369,2024-05-24,85148,29,CT1,North,Email Marketing,12.12,Cancelled,0,
3370,2024-11-25,15636,22,CT1,North,Zalo OA,11.11,Converted,1,1038.0
3371,2024-12-09,87129,65,HN1,Central,Facebook Ads,SummerSale,New,0,
3372,2024-08-27,12892,29,HN1,South,Tiktok Ads,SummerSale,Converted,1,2423.0
3373,2024-02-24,31672,48,CT1,South,Email Marketing,11.11,New,0,
3374,2024-03-10,15812,5,DN1,South,Google Ads,NewProductLaunch,Converted,1,987.0
3375,2024-09-01,10654,163,HCM1,South,Facebook Ads,NewProductLaunch,Cancelled,0,
3376,2024-07-15,64633,101,HCM2,North,Google Ads,11.11,Converted,1,1880.0
3377,2024-05-15,27143,71,HN1,Central,Website SEO,FlashSaleWeekend,Converted,1,2214.0
3378,2024-07-11,65934,174,DN1,Central,Tiktok Ads,Tet2024,Cancelled,0,
3379,2024-02-13,77334,163,DN1,South,Tiktok Ads,FlashSaleWeekend,Calling,0,
3380,2024-09-07,39087,173,HCM2,Central,Website SEO,FlashSaleWeekend,New,0,
3381,2024-09-01,21618,141,HCM2,North,Google Ads,SummerSale,Converted,1,636.0
3382,2024-07-19,18446,138,DN1,South,Facebook Ads,FlashSaleWeekend,Converted,1,1590.0
3383,2024-09-22,97182,66,HCM2,North,Google Ads,SummerSale,Cancelled,0,
3384,2024-04-28,58867,198,DN1,North,Facebook Ads,NewProductLaunch,Calling,0,
3385,2024-12-28,61028,72,HCM2,North,Email Marketing,FlashSaleWeekend,Calling,0,
3386,2024-12-10,70101,25,HCM2,North,Website SEO,11.11,Converted,1,869.0
3387,2024-03-16,37200,172,DN1,North,Zalo OA,12.12,Converted,1,1295.0
3388,2024-04-01,98074,60,CT1,South,Facebook Ads,12.12,New,0,
3389,2024-08-11,71465,175,DN1,North,Tiktok Ads,FlashSaleWeekend,NoAnswer,0,
3390,2024-12-03,96436,40,HCM1,South,Email Marketing,Tet2024,Cancelled,0,
3391,2024-05-04,97892,7,HCM2,Central,Tiktok Ads,FlashSaleWeekend,Cancelled,0,
3392,2024-09-30,98559,174,HN1,North,Email Marketing,11.11,Cancelled,0,
3393,2024-08-07,49148,151,HCM2,North,Tiktok Ads,NewProductLaunch,Cancelled,0,
3394,2024-11-18,92928,46,HCM1,Central,Google Ads,NewProductLaunch,Cancelled,0,
3395,2024-10-21,30698,86,HN1,South,Google Ads,FlashSaleWeekend,Converted,1,2812.0
3396,2024-06-08,52470,141,HN1,North,Google Ads,SummerSale,Converted,1,284.0
3397,2024-05-03,61660,21,DN1,Central,Email Marketing,BackToSchool,Converted,1,834.0
3398,2024-06-20,63910,1,CT1,Central,Email Marketing,Tet2024,Cancelled,0,
3399,2024-02-01,45450,123,DN1,North,Tiktok Ads,Tet2024,Converted,1,1920.0
3400,2024-10-11,66463,147,HN1,South,Facebook Ads,BackToSchool,Converted,1,1667.0
3401,2024-12-17,43757,125,HN1,South,Email Marketing,12.12,Calling,0,
3402,2024-06-21,88012,188,CT1,North,Tiktok Ads,12.12,New,0,
3403,2024-04-28,80247,33,HCM2,Central,Facebook Ads,12.12,Converted,1,824.0
3404,2024-01-26,82015,4,CT1,North,Google Ads,NewProductLaunch,Converted,1,2519.0
3405,2024-12-28,41390,3,DN1,South,Email Marketing,11.11,Calling,0,
3406,2024-12-01,66116,91,HCM2,Central,Zalo OA,Tet2024,Cancelled,0,
3407,2024-03-13,23161,52,DN1,North,Google Ads,BackToSchool,Converted,1,1824.0
3408,2024-10-04,42152,28,CT1,Central,Website SEO,SummerSale,Converted,1,1105.0
3409,2024-11-19,90171,70,HCM2,South,Facebook Ads,FlashSaleWeekend,Converted,1,1042.0
3410,2024-08-15,30836,198,CT1,South,Zalo OA,SummerSale,New,0,
3411,2024-06-23,76543,183,HCM1,South,Google Ads,FlashSaleWeekend,Cancelled,0,
3412,2024-10-27,65648,57,HN1,North,Email Marketing,NewProductLaunch,New,0,
3413,2024-03-29,36331,108,HCM2,Central,Zalo OA,Tet2024,Converted,1,1892.0
3414,2024-12-11,20763,144,HN1,North,Tiktok Ads,11.11,Converted,1,1303.0
3415,2024-10-19,79444,24,HCM1,North,Facebook Ads,Tet2024,Calling,0,
3416,2024-12-30,29187,197,HCM2,North,Website SEO,FlashSaleWeekend,New,0,
3417,2024-08-03,21957,169,HN1,North,Tiktok Ads,12.12,Converted,1,677.0
3418,2024-09-04,14379,77,HN1,Central,Zalo OA,SummerSale,Converted,1,2565.0
3419,2024-11-22,37959,175,HCM2,Central,Google Ads,Tet2024,Converted,1,662.0
3420,2024-01-20,92018,76,HN1,North,Facebook Ads,SummerSale,Calling,0,
3421,2024-10-14,37105,69,HN1,North,Email Marketing,BackToSchool,Converted,1,1261.0
3422,2024-01-24,10877,101,HCM2,South,Website SEO,BackToSchool,Converted,1,2354.0
3423,2023-12-31,58353,159,HN1,South,Google Ads,SummerSale,Cancelled,0,
3424,2024-11-22,93788,92,HN1,Central,Website SEO,11.11,Converted,1,1309.0
3425,2024-09-16,94585,92,DN1,South,Email Marketing,11.11,New,0,
3426,2024-10-16,93308,30,DN1,Central,Facebook Ads,Tet2024,Converted,1,419.0
3427,2024-02-11,61567,18,HCM1,Central,Zalo OA,SummerSale,Converted,1,1492.0
3428,2024-06-14,67913,44,DN1,Central,Website SEO,NewProductLaunch,NoAnswer,0,
3429,2024-01-24,12637,155,DN1,South,Facebook Ads,11.11,Converted,1,1594.0
3430,2024-01-22,82778,99,HCM1,South,Website SEO,FlashSaleWeekend,NoAnswer,0,
3431,2024-06-23,52025,154,HN1,Central,Google Ads,11.11,Converted,1,1682.0
3432,2024-09-06,92464,121,HN1,Central,Website SEO,12.12,Converted,1,1502.0
3433,2024-05-09,38742,115,DN1,North,Google Ads,BackToSchool,Converted,1,1386.0
3434,2024-11-11,21831,60,HCM1,Central,Google Ads,11.11,Converted,1,312.0
3435,2024-04-19,95092,146,HN1,Central,Facebook Ads,FlashSaleWeekend,Calling,0,
3436,2024-01-29,98370,56,CT1,North,Tiktok Ads,11.11,Calling,0,
3437,2024-01-28,56762,31,HCM2,Central,Email Marketing,FlashSaleWeekend,Calling,0,
3438,2023-12-15,98741,101,HCM2,Central,Website SEO,12.12,Converted,1,477.0
3439,2024-05-30,28830,59,HCM2,Central,Zalo OA,FlashSaleWeekend,Calling,0,
3440,2024-03-31,65044,124,DN1,North,Google Ads,11.11,Converted,1,2484.0
3441,2024-01-02,83948,130,HCM2,South,Tiktok Ads,12.12,Cancelled,0,
3442,2024-11-10,79202,97,HCM2,Central,Google Ads,SummerSale,Converted,1,2525.0
3443,2024-02-24,47045,167,CT1,North,Tiktok Ads,SummerSale,NoAnswer,0,
3444,2024-04-01,96322,189,HN1,Central,Tiktok Ads,BackToSchool,Converted,1,1774.0
3445,2024-09-07,81051,107,CT1,North,Zalo OA,Tet2024,Converted,1,1930.0
3446,2024-08-10,36627,191,DN1,Central,Tiktok Ads,12.12,Converted,1,1876.0
3447,2024-10-10,25198,18,HCM2,North,Zalo OA,11.11,Converted,1,511.0
3448,2024-03-13,79521,145,HN1,South,Facebook Ads,Tet2024,Converted,1,1670.0
3449,2024-03-26,39475,167,HCM2,South,Google Ads,SummerSale,Converted,1,1873.0
3450,2024-08-20,29403,71,HCM2,South,Zalo OA,11.11,Converted,1,774.0
3451,2023-12-22,13681,106,DN1,Central,Email Marketing,Tet2024,Calling,0,
3452,2024-05-15,52292,54,HCM2,North,Google Ads,12.12,Converted,1,924.0
3453,2024-11-25,15629,94,HCM1,Central,Email Marketing,12.12,Converted,1,74.0
3454,2024-06-05,87814,76,HN1,Central,Website SEO,Tet2024,New,0,
3455,2024-11-21,18417,35,HN1,North,Email Marketing,FlashSaleWeekend,Converted,1,2879.0
3456,2024-05-20,44765,11,HCM1,Central,Facebook Ads,12.12,Converted,1,1046.0
3457,2024-07-16,84499,61,DN1,North,Website SEO,NewProductLaunch,Converted,1,2268.0
3458,2024-06-08,66574,44,HCM2,North,Website SEO,SummerSale,Converted,1,2127.0
3459,2024-06-06,37675,121,HCM2,South,Tiktok Ads,BackToSchool,New,0,
3460,2024-11-18,82267,68,HN1,South,Email Marketing,BackToSchool,Cancelled,0,
3461,2024-11-16,50563,25,DN1,South,Tiktok Ads,NewProductLaunch,Calling,0,
3462,2024-05-08,21332,176,DN1,North,Email Marketing,Tet2024,New,0,
3463,2024-11-02,29177,160,DN1,South,Website SEO,12.12,Converted,1,621.0
3464,2024-05-23,99254,84,HCM2,North,Tiktok Ads,NewProductLaunch,Calling,0,
3465,2024-04-19,78447,114,DN1,Central,Google Ads,NewProductLaunch,Converted,1,1299.0
3466,2024-03-05,67104,132,HCM1,South,Email Marketing,12.12,Converted,1,2654.0
3467,2024-05-09,94335,166,CT1,North,Email Marketing,SummerSale,Converted,1,1618.0
3468,2024-08-09,90730,191,DN1,North,Tiktok Ads,12.12,New,0,
3469,2024-03-07,14951,175,CT1,North,Email Marketing,12.12,Cancelled,0,
3470,2024-04-05,38333,1,HCM2,North,Website SEO,FlashSaleWeekend,New,0,
3471,2024-07-26,31673,131,DN1,South,Tiktok Ads,11.11,Calling,0,
3472,2024-11-10,50870,86,HN1,South,Tiktok Ads,Tet2024,Converted,1,2947.0
3473,2024-12-26,81101,62,HCM2,South,Zalo OA,BackToSchool,Converted,1,860.0
3474,2024-08-13,32821,64,HCM1,North,Zalo OA,BackToSchool,Calling,0,
3475,2024-05-05,35494,145,HCM1,Central,Website SEO,NewProductLaunch,Converted,1,2086.0
3476,2024-01-24,84160,126,CT1,North,Google Ads,FlashSaleWeekend,Cancelled,0,
3477,2024-08-28,10835,105,CT1,Central,Email Marketing,NewProductLaunch,Converted,1,2438.0
3478,2024-09-24,28646,62,HN1,South,Facebook Ads,NewProductLaunch,NoAnswer,0,
3479,2024-03-28,87360,35,HN1,North,Email Marketing,Tet2024,Converted,1,377.0
3480,2024-07-03,47335,13,HCM1,North,Facebook Ads,NewProductLaunch,Calling,0,
3481,2024-10-16,79351,163,DN1,South,Website SEO,NewProductLaunch,NoAnswer,0,
3482,2024-11-09,12429,43,HCM1,North,Google Ads,11.11,Calling,0,
3483,2024-09-05,51950,130,HCM1,Central,Google Ads,Tet2024,Cancelled,0,
3484,2024-07-11,70654,184,HN1,Central,Google Ads,SummerSale,Converted,1,595.0
3485,2024-02-03,78143,111,CT1,Central,Zalo OA,FlashSaleWeekend,New,0,
3486,2024-04-10,87527,128,HN1,North,Website SEO,SummerSale,Converted,1,1066.0
3487,2024-07-02,96704,51,HN1,North,Facebook Ads,12.12,Converted,1,2008.0
3488,2024-12-25,41099,182,HN1,Central,Google Ads,11.11,Converted,1,2506.0
3489,2024-01-22,49385,144,HCM1,North,Website SEO,BackToSchool,Converted,1,1052.0
3490,2024-01-11,45919,146,DN1,Central,Email Marketing,12.12,NoAnswer,0,
3491,2024-08-29,70782,135,HCM1,South,Facebook Ads,SummerSale,New,0,
3492,2024-03-07,81116,45,HCM2,Central,Zalo OA,Tet2024,Converted,1,2374.0
3493,2024-05-17,82590,164,HN1,South,Tiktok Ads,BackToSchool,Converted,1,1533.0
3494,2024-04-09,99626,169,HN1,South,Facebook Ads,NewProductLaunch,Converted,1,2667.0
3495,2023-12-16,50387,42,HCM2,South,Email Marketing,Tet2024,Converted,1,2373.0
3496,2024-03-16,25823,135,HN1,Central,Facebook Ads,BackToSchool,Cancelled,0,
3497,2024-05-28,56015,15,HN1,Central,Facebook Ads,SummerSale,Converted,1,1184.0
3498,2024-11-28,25339,60,HN1,North,Tiktok Ads,12.12,Converted,1,2564.0
3499,2024-10-05,13491,40,HCM2,North,Google Ads,NewProductLaunch,Cancelled,0,
3500,2024-08-28,10706,165,HCM1,South,Email Marketing,NewProductLaunch,Converted,1,1278.0
3501,2024-03-04,25728,194,HN1,Central,Tiktok Ads,FlashSaleWeekend,Cancelled,0,
3502,2024-09-07,16997,112,DN1,North,Facebook Ads,Tet2024,Calling,0,
3503,2024-08-05,70408,183,HCM2,North,Email Marketing,12.12,Converted,1,2446.0
3504,2024-10-30,68097,77,CT1,North,Zalo OA,NewProductLaunch,Converted,1,2630.0
3505,2024-10-20,48523,105,HCM2,Central,Facebook Ads,BackToSchool,Converted,1,2251.0
3506,2024-10-10,35163,107,HCM1,North,Zalo OA,FlashSaleWeekend,Converted,1,1326.0
3507,2024-12-05,27718,122,HCM2,South,Website SEO,FlashSaleWeekend,Calling,0,
3508,2024-07-14,97508,80,CT1,Central,Zalo OA,11.11,Converted,1,221.0
3509,2024-02-14,93767,125,DN1,North,Facebook Ads,SummerSale,Calling,0,
3510,2024-02-01,49619,184,CT1,North,Tiktok Ads,Tet2024,Calling,0,
3511,2024-04-19,22126,172,HCM2,Central,Facebook Ads,12.12,NoAnswer,0,
3512,2024-07-24,99131,185,CT1,North,Facebook Ads,11.11,Converted,1,2344.0
3513,2024-09-18,74926,134,HCM2,North,Website SEO,11.11,Cancelled,0,
3514,2024-10-03,50633,32,DN1,South,Google Ads,Tet2024,Converted,1,684.0
3515,2024-09-23,87654,108,DN1,Central,Facebook Ads,BackToSchool,Converted,1,876.0
3516,2024-09-16,13317,114,HCM1,North,Website SEO,12.12,NoAnswer,0,
3517,2024-03-30,54980,146,DN1,Central,Tiktok Ads,SummerSale,Converted,1,1963.0
3518,2024-05-08,54115,68,HN1,Central,Website SEO,Tet2024,Calling,0,
3519,2024-03-22,71646,127,CT1,South,Website SEO,12.12,New,0,
3520,2024-12-23,53158,135,CT1,South,Zalo OA,11.11,Converted,1,219.0
3521,2024-02-25,65963,114,HCM2,Central,Google Ads,11.11,NoAnswer,0,
3522,2024-04-14,57631,8,DN1,South,Google Ads,Tet2024,Converted,1,450.0
3523,2024-01-13,59316,64,HCM1,South,Email Marketing,12.12,Converted,1,504.0
3524,2024-06-19,69342,135,HCM1,North,Tiktok Ads,11.11,New,0,
3525,2024-12-12,25504,41,HCM1,South,Email Marketing,Tet2024,Converted,1,1289.0
3526,2024-12-02,78593,40,HN1,South,Website SEO,FlashSaleWeekend,Calling,0,
3527,2024-09-27,36660,3,DN1,North,Tiktok Ads,Tet2024,NoAnswer,0,
3528,2024-06-26,47196,145,HCM1,North,Tiktok Ads,SummerSale,NoAnswer,0,
3529,2024-05-18,75938,194,HN1,Central,Google Ads,Tet2024,NoAnswer,0,
3530,2024-06-03,18605,110,CT1,South,Google Ads,FlashSaleWeekend,New,0,
3531,2024-11-13,67388,114,HCM2,North,Google Ads,12.12,Converted,1,1269.0
3532,2024-01-24,91297,112,DN1,South,Facebook Ads,12.12,Calling,0,
3533,2024-02-15,65501,180,DN1,Central,Website SEO,11.11,Converted,1,1633.0
3534,2024-01-06,63309,150,CT1,South,Tiktok Ads,NewProductLaunch,Cancelled,0,
3535,2024-12-08,37043,4,DN1,South,Website SEO,SummerSale,Cancelled,0,
3536,2024-02-27,43635,134,DN1,South,Tiktok Ads,12.12,Calling,0,
3537,2024-01-31,89315,166,DN1,North,Tiktok Ads,11.11,Converted,1,753.0
3538,2024-05-22,90691,26,DN1,North,Email Marketing,11.11,NoAnswer,0,
3539,2024-10-22,43132,139,HN1,Central,Tiktok Ads,SummerSale,Cancelled,0,
3540,2024-04-10,99387,17,HN1,South,Tiktok Ads,SummerSale,NoAnswer,0,
3541,2024-03-23,25366,92,HCM2,Central,Zalo OA,11.11,Converted,1,2673.0
3542,2024-12-28,82107,31,DN1,Central,Zalo OA,FlashSaleWeekend,Calling,0,
3543,2024-05-29,72580,163,CT1,North,Email Marketing,NewProductLaunch,Converted,1,2589.0
3544,2024-09-29,67889,144,HCM1,South,Facebook Ads,FlashSaleWeekend,New,0,
3545,2024-05-18,89553,107,HCM2,South,Google Ads,BackToSchool,Converted,1,1973.0
3546,2023-12-21,49236,146,HCM1,Central,Tiktok Ads,FlashSaleWeekend,NoAnswer,0,
3547,2024-06-27,14150,111,HCM1,South,Website SEO,11.11,New,0,
3548,2024-02-08,29423,101,DN1,North,Zalo OA,SummerSale,New,0,
3549,2024-10-30,14137,112,CT1,Central,Google Ads,Tet2024,Converted,1,834.0
3550,2024-06-24,39992,62,HCM1,Central,Facebook Ads,Tet2024,Calling,0,
3551,2024-01-30,54921,112,HCM1,North,Google Ads,SummerSale,Converted,1,212.0
3552,2024-05-10,89369,155,HCM2,North,Tiktok Ads,FlashSaleWeekend,Calling,0,
3553,2024-09-14,76917,163,CT1,North,Google Ads,SummerSale,New,0,
3554,2024-05-19,83690,116,CT1,North,Tiktok Ads,BackToSchool,New,0,
3555,2024-07-03,44235,173,HCM1,North,Email Marketing,12.12,Cancelled,0,
3556,2024-04-18,88975,35,CT1,North,Zalo OA,SummerSale,Converted,1,1909.0
3557,2024-10-14,29122,28,HCM2,Central,Zalo OA,Tet2024,Converted,1,1348.0
3558,2024-12-17,33956,103,HCM2,South,Tiktok Ads,NewProductLaunch,Converted,1,1272.0
3559,2024-10-03,73879,125,HCM2,South,Website SEO,SummerSale,Converted,1,2718.0
3560,2024-02-16,68560,102,DN1,Central,Zalo OA,BackToSchool,Cancelled,0,
3561,2024-11-03,92800,137,HCM1,South,Website SEO,NewProductLaunch,Converted,1,2452.0
3562,2024-06-07,78685,143,CT1,South,Tiktok Ads,BackToSchool,Calling,0,
3563,2024-04-08,34660,21,HCM2,Central,Email Marketing,NewProductLaunch,Converted,1,1842.0
3564,2024-07-05,96064,52,HCM1,South,Tiktok Ads,SummerSale,NoAnswer,0,
3565,2024-10-30,11168,163,HCM1,South,Email Marketing,Tet2024,Converted,1,1691.0
3566,2024-01-14,55124,97,DN1,Central,Zalo OA,NewProductLaunch,Converted,1,1464.0
3567,2024-04-05,45897,51,CT1,South,Website SEO,11.11,Converted,1,1257.0
3568,2024-12-13,25032,83,CT1,North,Tiktok Ads,12.12,New,0,
3569,2024-11-03,62797,55,HCM2,Central,Zalo OA,BackToSchool,NoAnswer,0,
3570,2024-12-24,45294,77,HCM2,South,Email Marketing,NewProductLaunch,New,0,
3571,2024-11-22,53827,127,HCM1,South,Tiktok Ads,BackToSchool,Converted,1,1643.0
3572,2024-02-19,13516,172,CT1,North,Email Marketing,Tet2024,Converted,1,1000.0
3573,2024-02-27,29751,193,CT1,Central,Google Ads,BackToSchool,Calling,0,
3574,2024-01-28,40373,93,HCM2,Central,Email Marketing,BackToSchool,NoAnswer,0,
3575,2024-08-30,40270,88,HN1,South,Google Ads,11.11,Calling,0,
3576,2024-05-16,20386,80,HCM1,North,Zalo OA,BackToSchool,Converted,1,2364.0
3577,2024-05-17,74817,153,CT1,North,Tiktok Ads,NewProductLaunch,New,0,
3578,2024-12-11,75184,92,DN1,North,Zalo OA,BackToSchool,Converted,1,2991.0
3579,2024-08-04,89693,47,DN1,North,Facebook Ads,SummerSale,Calling,0,
3580,2024-02-03,47879,184,HN1,North,Email Marketing,BackToSchool,NoAnswer,0,
3581,2024-10-15,59597,38,HCM2,North,Zalo OA,SummerSale,Converted,1,2961.0
3582,2024-09-01,49132,139,HCM2,Central,Zalo OA,12.12,Cancelled,0,
3583,2024-10-24,13626,195,HCM2,South,Google Ads,BackToSchool,Calling,0,
3584,2024-04-17,95936,15,DN1,South,Email Marketing,FlashSaleWeekend,NoAnswer,0,
3585,2024-08-15,91515,1,HCM2,North,Google Ads,12.12,Calling,0,
3586,2024-01-13,87065,135,DN1,Central,Tiktok Ads,FlashSaleWeekend,Converted,1,2492.0
3587,2024-04-14,65390,1,HN1,Central,Zalo OA,BackToSchool,Calling,0,
3588,2024-04-17,26645,49,HCM1,North,Email Marketing,NewProductLaunch,Converted,1,1232.0
3589,2024-01-20,64144,96,CT1,South,Zalo OA,FlashSaleWeekend,Cancelled,0,
3590,2024-06-01,23382,157,HN1,North,Tiktok Ads,SummerSale,Converted,1,1300.0
3591,2024-04-16,14025,26,DN1,Central,Website SEO,12.12,Converted,1,497.0
3592,2024-12-05,53226,87,HN1,North,Tiktok Ads,12.12,Converted,1,773.0
3593,2024-01-18,89380,173,CT1,South,Google Ads,SummerSale,Converted,1,2422.0
3594,2024-03-10,79711,93,HCM1,South,Google Ads,11.11,NoAnswer,0,
3595,2024-04-26,84710,102,CT1,Central,Zalo OA,BackToSchool,NoAnswer,0,
3596,2024-06-27,13443,71,DN1,North,Google Ads,BackToSchool,Converted,1,32.0
3597,2024-09-13,31395,140,CT1,North,Email Marketing,NewProductLaunch,NoAnswer,0,
3598,2024-07-02,20725,95,HN1,Central,Tiktok Ads,11.11,New,0,
3599,2024-12-17,43461,160,HCM2,North,Zalo OA,11.11,Calling,0,
3600,2024-09-24,51115,118,HN1,Central,Tiktok Ads,FlashSaleWeekend,Cancelled,0,
3601,2024-02-29,93732,148,DN1,North,Tiktok Ads,NewProductLaunch,NoAnswer,0,
3602,2024-02-11,89790,119,HCM1,South,Zalo OA,12.12,Cancelled,0,
3603,2024-04-18,89557,51,CT1,Central,Website SEO,SummerSale,New,0,
3604,2024-04-01,81260,81,HCM1,North,Google Ads,12.12,Converted,1,368.0
3605,2024-07-25,38690,36,DN1,North,Facebook Ads,Tet2024,New,0,
3606,2024-09-17,11407,67,CT1,North,Facebook Ads,NewProductLaunch,Converted,1,166.0
3607,2024-02-20,83568,129,HN1,Central,Facebook Ads,SummerSale,Cancelled,0,
3608,2024-02-21,68560,114,HN1,South,Google Ads,12.12,Converted,1,602.0
3609,2024-05-27,57340,155,DN1,North,Website SEO,12.12,NoAnswer,0,
3610,2024-10-14,27794,111,CT1,Central,Tiktok Ads,11.11,Cancelled,0,
3611,2024-05-24,29881,168,HN1,North,Zalo OA,NewProductLaunch,NoAnswer,0,
3612,2024-12-13,96292,142,DN1,South,Website SEO,Tet2024,NoAnswer,0,
3613,2024-11-20,59703,100,DN1,South,Facebook Ads,BackToSchool,Converted,1,1237.0
3614,2024-10-18,54354,197,HCM1,South,Email Marketing,NewProductLaunch,Converted,1,2022.0
3615,2024-12-27,88462,109,HN1,Central,Google Ads,Tet2024,New,0,
3616,2024-11-21,24390,120,CT1,North,Google Ads,Tet2024,Cancelled,0,
3617,2024-01-25,97475,79,HN1,Central,Zalo OA,NewProductLaunch,New,0,
3618,2024-12-02,37307,134,HN1,North,Email Marketing,SummerSale,Calling,0,
3619,2024-04-01,34502,161,HN1,Central,Tiktok Ads,NewProductLaunch,New,0,
3620,2024-02-03,32486,183,DN1,North,Website SEO,12.12,Converted,1,2334.0
3621,2024-08-20,48258,19,HCM2,Central,Email Marketing,FlashSaleWeekend,NoAnswer,0,
3622,2024-11-19,67716,127,HCM2,North,Website SEO,11.11,Converted,1,512.0
3623,2024-12-31,91494,29,HCM1,Central,Website SEO,12.12,Converted,1,2273.0
3624,2024-01-04,92768,189,HN1,South,Tiktok Ads,Tet2024,Converted,1,2554.0
3625,2024-10-09,20748,198,HCM2,Central,Tiktok Ads,Tet2024,Cancelled,0,
3626,2024-05-01,72785,24,HCM1,South,Tiktok Ads,BackToSchool,Converted,1,1757.0
3627,2024-12-07,86050,151,DN1,South,Zalo OA,Tet2024,Converted,1,1778.0
3628,2024-11-02,32738,10,HN1,North,Google Ads,FlashSaleWeekend,Calling,0,
3629,2024-03-15,84231,182,CT1,South,Facebook Ads,BackToSchool,Calling,0,
3630,2024-09-19,83606,105,DN1,South,Tiktok Ads,Tet2024,Converted,1,1540.0
3631,2024-04-17,51662,169,HCM1,North,Google Ads,Tet2024,Converted,1,938.0
3632,2024-04-03,92234,177,DN1,Central,Tiktok Ads,NewProductLaunch,Calling,0,
3633,2024-12-02,25123,145,CT1,Central,Facebook Ads,NewProductLaunch,Calling,0,
3634,2024-05-01,35616,184,DN1,South,Email Marketing,11.11,Cancelled,0,
3635,2024-09-12,21182,173,HCM1,Central,Tiktok Ads,12.12,NoAnswer,0,
3636,2024-03-22,72013,158,CT1,South,Google Ads,SummerSale,Calling,0,
3637,2024-08-22,41331,172,CT1,Central,Zalo OA,11.11,NoAnswer,0,
3638,2024-11-16,56098,55,DN1,Central,Email Marketing,Tet2024,Converted,1,481.0
3639,2024-03-27,36128,147,CT1,Central,Email Marketing,11.11,Converted,1,516.0
3640,2024-07-15,41556,157,DN1,South,Email Marketing,NewProductLaunch,Converted,1,1664.0
3641,2024-08-19,97505,2,HN1,North,Facebook Ads,12.12,New,0,
3642,2024-05-14,31876,164,CT1,Central,Google Ads,Tet2024,Converted,1,146.0
3643,2024-08-20,18949,147,DN1,Central,Website SEO,Tet2024,NoAnswer,0,
3644,2024-09-14,61962,135,HN1,Central,Website SEO,11.11,Calling,0,
3645,2024-05-27,81206,154,CT1,South,Website SEO,12.12,Converted,1,1387.0
3646,2024-11-19,34099,111,HN1,North,Zalo OA,FlashSaleWeekend,New,0,
3647,2023-12-22,22716,38,CT1,South,Tiktok Ads,BackToSchool,New,0,
3648,2024-09-23,62611,131,HCM1,Central,Tiktok Ads,FlashSaleWeekend,New,0,
3649,2023-12-19,48885,102,HCM1,South,Tiktok Ads,SummerSale,Calling,0,
3650,2024-05-07,63144,194,DN1,Central,Zalo OA,12.12,Converted,1,602.0
3651,2024-03-24,75220,95,HCM2,Central,Website SEO,11.11,Converted,1,49.0
3652,2024-05-26,17837,92,HCM1,South,Email Marketing,FlashSaleWeekend,Converted,1,1903.0
3653,2024-12-22,59355,71,HCM2,Central,Tiktok Ads,11.11,Converted,1,2589.0
3654,2024-05-09,57299,171,HN1,Central,Email Marketing,SummerSale,Converted,1,2204.0
3655,2024-02-16,29159,190,HN1,North,Email Marketing,Tet2024,Converted,1,775.0
3656,2024-03-14,61012,199,HCM2,South,Zalo OA,Tet2024,NoAnswer,0,
3657,2024-04-09,69305,24,DN1,South,Zalo OA,BackToSchool,Converted,1,1464.0
3658,2024-12-02,97096,167,CT1,Central,Google Ads,11.11,Cancelled,0,
3659,2024-09-06,27106,68,HCM2,Central,Tiktok Ads,SummerSale,Converted,1,650.0
3660,2024-10-19,68123,128,HCM2,South,Website SEO,11.11,NoAnswer,0,
3661,2024-06-04,18720,93,HCM2,South,Facebook Ads,NewProductLaunch,Converted,1,1081.0
3662,2024-01-30,47661,44,HCM2,South,Zalo OA,11.11,Converted,1,175.0
3663,2024-05-02,97318,133,HCM2,Central,Email Marketing,11.11,Converted,1,1238.0
3664,2024-08-16,31120,55,DN1,North,Google Ads,NewProductLaunch,Converted,1,2075.0
3665,2024-05-11,29790,158,HCM1,North,Facebook Ads,NewProductLaunch,Calling,0,
3666,2024-08-16,68655,29,CT1,Central,Zalo OA,FlashSaleWeekend,Calling,0,
3667,2023-12-19,69643,154,HCM1,Central,Google Ads,SummerSale,New,0,
3668,2024-06-15,57374,154,HCM2,Central,Email Marketing,FlashSaleWeekend,NoAnswer,0,
3669,2024-01-03,52907,37,HCM1,South,Tiktok Ads,Tet2024,Calling,0,
3670,2024-01-29,60071,115,DN1,Central,Google Ads,BackToSchool,Calling,0,
3671,2023-12-26,44812,181,HN1,South,Zalo OA,FlashSaleWeekend,Cancelled,0,
3672,2024-02-22,59570,158,HCM1,North,Tiktok Ads,NewProductLaunch,Converted,1,2875.0
3673,2023-12-31,60901,3,CT1,Central,Email Marketing,Tet2024,Converted,1,743.0
3674,2024-12-19,70186,122,DN1,Central,Website SEO,SummerSale,NoAnswer,0,
3675,2024-05-09,60251,43,HN1,South,Google Ads,12.12,New,0,
3676,2024-05-16,75171,7,DN1,South,Facebook Ads,11.11,New,0,
3677,2024-10-13,46160,125,HCM2,South,Email Marketing,SummerSale,New,0,
3678,2024-03-31,29156,49,HN1,North,Tiktok Ads,SummerSale,NoAnswer,0,
3679,2024-08-06,86208,121,CT1,North,Email Marketing,NewProductLaunch,Calling,0,
3680,2024-10-17,89980,73,HN1,Central,Tiktok Ads,BackToSchool,Calling,0,
3681,2024-11-30,82320,41,CT1,Central,Email Marketing,FlashSaleWeekend,Cancelled,0,
3682,2024-02-22,27929,106,HCM2,South,Website SEO,NewProductLaunch,Cancelled,0,
3683,2024-06-14,76606,77,CT1,North,Google Ads,11.11,Calling,0,
3684,2024-08-20,98442,182,DN1,Central,Facebook Ads,NewProductLaunch,Converted,1,892.0
3685,2024-07-29,72559,127,HCM1,South,Website SEO,11.11,Converted,1,597.0
3686,2024-03-25,64205,197,DN1,South,Google Ads,NewProductLaunch,Calling,0,
3687,2024-02-27,78475,91,DN1,North,Facebook Ads,12.12,NoAnswer,0,
3688,2024-07-17,74341,155,HN1,North,Email Marketing,BackToSchool,Cancelled,0,
3689,2024-07-04,52863,8,HCM2,Central,Facebook Ads,12.12,New,0,
3690,2024-06-23,91837,32,HCM1,Central,Zalo OA,Tet2024,New,0,
3691,2024-08-19,75439,64,CT1,South,Facebook Ads,BackToSchool,New,0,
3692,2024-08-12,17194,138,HN1,South,Google Ads,FlashSaleWeekend,New,0,
3693,2024-06-10,81387,13,HCM2,South,Website SEO,NewProductLaunch,Calling,0,
3694,2024-07-20,91914,191,HCM1,Central,Website SEO,SummerSale,Converted,1,1250.0
3695,2024-03-05,76214,93,DN1,North,Zalo OA,Tet2024,Calling,0,
3696,2024-03-15,39777,163,HCM2,Central,Google Ads,SummerSale,NoAnswer,0,
3697,2024-06-06,36183,61,HCM2,North,Facebook Ads,12.12,New,0,
3698,2024-08-09,37445,182,HCM2,Central,Zalo OA,FlashSaleWeekend,Calling,0,
3699,2024-08-30,77038,8,DN1,Central,Email Marketing,BackToSchool,Converted,1,1199.0
3700,2024-12-13,97201,29,CT1,North,Tiktok Ads,FlashSaleWeekend,Converted,1,1010.0
3701,2024-05-25,26198,95,HN1,Central,Email Marketing,Tet2024,Calling,0,
3702,2024-01-31,31411,41,CT1,Central,Google Ads,12.12,Converted,1,1708.0
3703,2024-11-07,60577,158,HCM1,South,Zalo OA,NewProductLaunch,Converted,1,2566.0
3704,2024-11-06,25867,149,HN1,North,Website SEO,SummerSale,Calling,0,
3705,2024-04-08,72501,11,HCM1,North,Zalo OA,NewProductLaunch,New,0,
3706,2024-11-15,24266,2,DN1,South,Tiktok Ads,11.11,Converted,1,2273.0
3707,2024-11-15,49422,178,CT1,North,Google Ads,FlashSaleWeekend,Calling,0,
3708,2024-12-17,45208,169,HCM2,South,Zalo OA,Tet2024,Cancelled,0,
3709,2024-07-26,41213,194,HN1,North,Email Marketing,SummerSale,New,0,
3710,2024-11-30,17367,131,HCM2,North,Facebook Ads,BackToSchool,Converted,1,246.0
3711,2024-11-06,89026,80,HCM1,North,Email Marketing,BackToSchool,Converted,1,1543.0
3712,2024-05-09,45362,179,HCM2,North,Google Ads,BackToSchool,Converted,1,1238.0
3713,2024-02-15,61588,196,HCM2,South,Zalo OA,12.12,Converted,1,2976.0
3714,2024-10-03,48285,87,DN1,South,Email Marketing,BackToSchool,Converted,1,1614.0
3715,2024-11-01,84755,153,DN1,North,Zalo OA,SummerSale,Converted,1,1725.0
3716,2024-11-03,81846,158,CT1,Central,Email Marketing,FlashSaleWeekend,Converted,1,953.0
3717,2023-12-27,46307,106,HCM1,South,Google Ads,FlashSaleWeekend,Converted,1,2867.0
3718,2024-06-20,90280,139,DN1,North,Website SEO,FlashSaleWeekend,New,0,
3719,2024-09-26,29867,17,DN1,South,Email Marketing,12.12,Converted,1,283.0
3720,2024-07-09,66523,154,CT1,Central,Facebook Ads,11.11,Converted,1,2621.0
3721,2024-04-06,94161,23,HN1,Central,Email Marketing,BackToSchool,Converted,1,2430.0
3722,2024-01-05,16378,184,CT1,Central,Google Ads,FlashSaleWeekend,Converted,1,1941.0
3723,2024-11-27,94685,180,HCM2,North,Email Marketing,BackToSchool,Converted,1,172.0
3724,2024-07-15,86958,48,HCM2,North,Facebook Ads,12.12,Converted,1,1245.0
3725,2024-06-02,37926,20,DN1,Central,Facebook Ads,BackToSchool,Cancelled,0,
3726,2024-11-01,23180,2,DN1,South,Google Ads,11.11,NoAnswer,0,
3727,2024-02-06,46931,88,CT1,South,Zalo OA,12.12,NoAnswer,0,
3728,2024-10-07,34014,31,CT1,Central,Email Marketing,12.12,New,0,
3729,2024-10-29,89872,155,HCM1,North,Website SEO,Tet2024,New,0,
3730,2024-04-18,68502,130,HCM2,South,Facebook Ads,12.12,New,0,
3731,2024-09-16,97736,78,CT1,South,Facebook Ads,BackToSchool,Cancelled,0,
3732,2024-07-05,15470,4,HN1,South,Email Marketing,12.12,Converted,1,601.0
3733,2024-06-25,24953,141,HCM1,North,Zalo OA,BackToSchool,Calling,0,
3734,2024-05-31,48507,163,CT1,Central,Email Marketing,BackToSchool,Converted,1,2024.0
3735,2024-05-14,16523,128,DN1,North,Google Ads,FlashSaleWeekend,Converted,1,467.0
3736,2024-01-18,96923,194,CT1,South,Website SEO,12.12,Cancelled,0,
3737,2024-06-15,67190,134,DN1,Central,Email Marketing,Tet2024,Calling,0,
3738,2024-09-25,57761,31,DN1,North,Facebook Ads,BackToSchool,Converted,1,2593.0
3739,2024-02-09,41169,138,HCM2,Central,Facebook Ads,FlashSaleWeekend,Converted,1,2537.0
3740,2024-07-23,55641,21,HCM2,South,Google Ads,Tet2024,Calling,0,
3741,2024-10-12,32990,23,CT1,North,Zalo OA,Tet2024,NoAnswer,0,
3742,2024-05-25,39661,131,CT1,Central,Email Marketing,12.12,Cancelled,0,
3743,2024-01-02,23419,160,HN1,North,Tiktok Ads,NewProductLaunch,Cancelled,0,
3744,2024-12-18,24457,148,HCM1,South,Zalo OA,FlashSaleWeekend,New,0,
3745,2024-09-03,77600,29,HCM1,Central,Facebook Ads,NewProductLaunch,Cancelled,0,
3746,2024-09-21,86102,105,CT1,South,Email Marketing,BackToSchool,Converted,1,802.0
3747,2024-04-05,43085,52,HCM2,Central,Facebook Ads,SummerSale,Converted,1,341.0
3748,2024-11-05,60654,115,HN1,South,Website SEO,NewProductLaunch,Converted,1,704.0
3749,2024-01-13,16130,174,HCM1,South,Zalo OA,FlashSaleWeekend,Converted,1,2455.0
3750,2024-04-27,12042,162,CT1,North,Tiktok Ads,12.12,Converted,1,853.0
3751,2024-02-19,80134,101,HCM2,South,Website SEO,FlashSaleWeekend,Converted,1,306.0
3752,2024-02-17,52982,84,HCM2,North,Tiktok Ads,12.12,Calling,0,
3753,2024-10-01,75185,61,HCM2,South,Website SEO,NewProductLaunch,Calling,0,
3754,2024-01-08,43477,125,DN1,South,Zalo OA,SummerSale,Converted,1,874.0
3755,2024-01-20,62709,71,HCM2,South,Facebook Ads,11.11,Converted,1,1582.0
3756,2023-12-15,38716,70,CT1,Central,Tiktok Ads,BackToSchool,Cancelled,0,
3757,2024-01-20,88137,139,HN1,North,Zalo OA,FlashSaleWeekend,NoAnswer,0,
3758,2024-05-03,46018,108,CT1,Central,Tiktok Ads,11.11,Converted,1,1686.0
3759,2024-08-02,18061,191,HCM2,North,Zalo OA,11.11,NoAnswer,0,
3760,2024-04-28,18609,21,HN1,South,Website SEO,Tet2024,New,0,
3761,2024-06-19,45371,131,HCM1,Central,Zalo OA,Tet2024,Converted,1,2589.0
3762,2024-04-20,93021,82,HCM1,North,Website SEO,BackToSchool,New,0,
3763,2024-07-02,30805,88,CT1,South,Facebook Ads,SummerSale,Converted,1,1636.0
3764,2024-04-19,17857,111,HN1,North,Website SEO,Tet2024,Converted,1,896.0
3765,2024-08-27,21620,10,CT1,North,Google Ads,FlashSaleWeekend,Calling,0,
3766,2024-05-26,18177,155,HN1,South,Facebook Ads,FlashSaleWeekend,Cancelled,0,
3767,2024-01-18,40111,12,HN1,Central,Email Marketing,NewProductLaunch,Calling,0,
3768,2024-06-25,98578,7,CT1,South,Email Marketing,FlashSaleWeekend,Calling,0,
3769,2024-06-22,94181,145,HN1,Central,Zalo OA,BackToSchool,Converted,1,1862.0
3770,2024-03-27,99941,193,HCM2,North,Zalo OA,12.12,Cancelled,0,
3771,2024-01-06,21826,192,HN1,North,Google Ads,11.11,Calling,0,
3772,2024-09-04,23890,114,HN1,North,Zalo OA,FlashSaleWeekend,Calling,0,
3773,2024-09-29,92428,26,CT1,Central,Facebook Ads,BackToSchool,NoAnswer,0,
3774,2024-08-30,68031,15,HCM1,South,Facebook Ads,12.12,New,0,
3775,2024-12-06,85020,33,DN1,Central,Website SEO,12.12,Converted,1,2100.0
3776,2024-02-27,15495,62,HN1,North,Tiktok Ads,Tet2024,NoAnswer,0,
3777,2024-12-03,38481,47,DN1,North,Zalo OA,12.12,New,0,
3778,2024-02-24,21267,95,HN1,South,Google Ads,SummerSale,New,0,
3779,2024-08-29,16743,35,CT1,Central,Email Marketing,12.12,Converted,1,1636.0
3780,2024-06-19,64800,193,CT1,North,Facebook Ads,12.12,New,0,
3781,2024-06-04,58773,76,HN1,Central,Facebook Ads,11.11,Converted,1,1499.0
3782,2024-09-29,67042,123,CT1,Central,Facebook Ads,SummerSale,NoAnswer,0,
3783,2024-01-28,59476,83,CT1,South,Tiktok Ads,BackToSchool,Converted,1,1413.0
3784,2024-02-13,38552,25,HN1,South,Tiktok Ads,SummerSale,Cancelled,0,
3785,2024-03-06,75242,57,HCM1,North,Zalo OA,SummerSale,Converted,1,1992.0
3786,2024-04-15,55772,32,HN1,South,Email Marketing,BackToSchool,Converted,1,2920.0
3787,2024-12-06,53730,63,HCM1,Central,Google Ads,11.11,Converted,1,2748.0
3788,2023-12-30,38948,12,CT1,South,Tiktok Ads,FlashSaleWeekend,Calling,0,
3789,2024-02-18,86311,63,HCM1,Central,Website SEO,12.12,Converted,1,2567.0
3790,2024-05-07,79093,77,CT1,North,Tiktok Ads,SummerSale,Converted,1,1213.0
3791,2024-12-23,79123,92,HCM1,Central,Facebook Ads,SummerSale,Cancelled,0,
3792,2024-05-24,26535,1,HCM1,South,Google Ads,FlashSaleWeekend,Cancelled,0,
3793,2024-08-04,76490,179,HN1,South,Zalo OA,BackToSchool,Converted,1,1660.0
3794,2024-12-28,56562,70,HCM1,North,Tiktok Ads,NewProductLaunch,New,0,
3795,2024-05-06,99080,136,CT1,South,Facebook Ads,FlashSaleWeekend,Converted,1,2196.0
3796,2024-12-06,68535,196,HN1,North,Website SEO,SummerSale,New,0,
3797,2024-06-19,51269,133,HCM1,North,Website SEO,Tet2024,NoAnswer,0,
3798,2024-10-31,90674,86,HN1,South,Zalo OA,12.12,Converted,1,1650.0
3799,2023-12-27,52462,39,DN1,Central,Zalo OA,12.12,NoAnswer,0,
3800,2024-06-15,13127,23,HN1,North,Tiktok Ads,FlashSaleWeekend,Converted,1,2282.0
3801,2024-04-03,33147,68,DN1,Central,Zalo OA,11.11,Converted,1,2727.0
3802,2024-09-29,55528,180,DN1,South,Email Marketing,FlashSaleWeekend,Converted,1,2684.0
3803,2024-10-04,87095,4,HN1,Central,Email Marketing,SummerSale,Converted,1,467.0
3804,2024-07-16,78931,126,CT1,Central,Facebook Ads,BackToSchool,Converted,1,557.0
3805,2024-04-12,76381,175,CT1,Central,Facebook Ads,Tet2024,Calling,0,
3806,2024-12-30,73749,21,CT1,Central,Facebook Ads,FlashSaleWeekend,Converted,1,836.0
3807,2024-02-07,48672,184,HCM2,South,Email Marketing,BackToSchool,Cancelled,0,
3808,2024-01-10,23731,105,DN1,South,Tiktok Ads,FlashSaleWeekend,Cancelled,0,
3809,2024-04-10,64512,66,HN1,Central,Tiktok Ads,SummerSale,Calling,0,
3810,2024-07-22,61024,187,CT1,South,Zalo OA,Tet2024,Converted,1,1505.0
3811,2024-08-01,13832,7,CT1,South,Tiktok Ads,11.11,New,0,
3812,2024-02-05,42332,49,HN1,North,Facebook Ads,11.11,NoAnswer,0,
3813,2024-10-04,22467,16,DN1,South,Google Ads,FlashSaleWeekend,Converted,1,2076.0
3814,2024-10-30,51025,145,HN1,Central,Facebook Ads,11.11,Calling,0,
3815,2024-08-03,23107,84,HCM2,South,Email Marketing,NewProductLaunch,Converted,1,1334.0
3816,2024-05-20,87994,87,HCM2,South,Google Ads,BackToSchool,Converted,1,541.0
3817,2024-09-08,53481,98,HN1,South,Zalo OA,SummerSale,Cancelled,0,
3818,2024-01-04,12581,75,DN1,South,Website SEO,Tet2024,Calling,0,
3819,2024-02-05,85118,34,CT1,North,Tiktok Ads,FlashSaleWeekend,Converted,1,2055.0
3820,2024-09-14,61638,161,HCM2,Central,Tiktok Ads,FlashSaleWeekend,Calling,0,
3821,2024-10-22,18418,26,HCM2,Central,Email Marketing,12.12,Cancelled,0,
3822,2024-09-20,39113,66,DN1,South,Facebook Ads,12.12,Cancelled,0,
3823,2024-07-15,94363,125,HCM2,South,Facebook Ads,BackToSchool,NoAnswer,0,
3824,2024-01-14,73044,63,HCM2,North,Google Ads,SummerSale,NoAnswer,0,
3825,2024-11-15,89955,87,DN1,South,Tiktok Ads,NewProductLaunch,Cancelled,0,
3826,2024-06-14,71030,41,HN1,North,Email Marketing,SummerSale,Converted,1,733.0
3827,2024-01-06,21814,186,CT1,Central,Zalo OA,BackToSchool,NoAnswer,0,
3828,2024-01-15,20024,98,CT1,Central,Facebook Ads,SummerSale,Converted,1,1381.0
3829,2024-02-26,73288,124,HCM2,North,Tiktok Ads,12.12,NoAnswer,0,
3830,2023-12-24,67836,79,CT1,Central,Website SEO,12.12,NoAnswer,0,
3831,2024-02-06,17435,10,HN1,South,Email Marketing,Tet2024,Converted,1,1360.0
3832,2024-02-04,77084,15,HCM2,South,Google Ads,NewProductLaunch,Converted,1,2068.0
3833,2024-05-10,80601,42,CT1,North,Facebook Ads,12.12,Converted,1,2460.0
3834,2024-05-22,98416,93,HCM1,Central,Facebook Ads,Tet2024,Converted,1,1915.0
3835,2024-12-18,13407,185,HCM1,Central,Zalo OA,NewProductLaunch,Converted,1,549.0
3836,2023-12-28,42940,17,HCM1,North,Facebook Ads,12.12,Cancelled,0,
3837,2024-06-09,15666,188,HCM1,North,Email Marketing,NewProductLaunch,Converted,1,605.0
3838,2024-12-14,47122,9,HCM1,Central,Tiktok Ads,SummerSale,Converted,1,1723.0
3839,2024-02-05,35092,114,HCM2,North,Tiktok Ads,Tet2024,Converted,1,2405.0
3840,2024-11-13,85645,36,DN1,South,Tiktok Ads,NewProductLaunch,Converted,1,2249.0
3841,2024-01-05,36505,36,DN1,Central,Website SEO,FlashSaleWeekend,Converted,1,2813.0
3842,2024-01-13,46713,48,HCM2,North,Website SEO,NewProductLaunch,New,0,
3843,2024-06-22,64387,51,HCM2,North,Facebook Ads,SummerSale,Converted,1,2279.0
3844,2024-08-30,53169,97,HN1,North,Website SEO,12.12,Converted,1,2351.0
3845,2024-07-06,83282,119,DN1,Central,Website SEO,12.12,Converted,1,2435.0
3846,2024-02-11,87511,95,HCM1,South,Zalo OA,FlashSaleWeekend,Converted,1,715.0
3847,2024-09-03,61742,70,HCM2,South,Website SEO,BackToSchool,New,0,
3848,2023-12-26,50522,74,HCM1,Central,Google Ads,BackToSchool,Converted,1,58.0
3849,2024-04-11,91132,80,DN1,North,Google Ads,12.12,Converted,1,434.0
3850,2024-09-29,13880,68,CT1,Central,Google Ads,FlashSaleWeekend,Converted,1,2570.0
3851,2024-11-16,53454,150,CT1,Central,Facebook Ads,11.11,NoAnswer,0,
3852,2024-08-18,65711,77,HCM2,North,Tiktok Ads,11.11,Converted,1,2877.0
3853,2024-12-02,53539,116,HN1,Central,Zalo OA,FlashSaleWeekend,New,0,
3854,2024-04-19,78321,6,HCM1,South,Facebook Ads,NewProductLaunch,Converted,1,483.0
3855,2024-02-27,97985,154,HCM2,Central,Tiktok Ads,12.12,NoAnswer,0,
3856,2024-12-09,24799,75,HN1,North,Zalo OA,BackToSchool,Converted,1,889.0
3857,2024-07-05,70102,88,HCM1,Central,Zalo OA,NewProductLaunch,New,0,
3858,2024-02-01,60726,3,DN1,South,Zalo OA,Tet2024,New,0,
3859,2024-03-02,58784,52,CT1,Central,Google Ads,FlashSaleWeekend,Converted,1,1724.0
3860,2024-08-11,53333,74,HN1,Central,Google Ads,FlashSaleWeekend,Calling,0,
3861,2024-11-27,50828,125,HCM1,Central,Google Ads,BackToSchool,Converted,1,2931.0
3862,2024-05-16,79526,188,HCM2,Central,Zalo OA,BackToSchool,Converted,1,411.0
3863,2024-09-13,64362,191,HCM1,North,Email Marketing,BackToSchool,Converted,1,2231.0
3864,2024-03-19,63997,65,HCM2,South,Zalo OA,FlashSaleWeekend,NoAnswer,0,
3865,2024-07-15,60341,52,CT1,South,Google Ads,11.11,Converted,1,2061.0
3866,2024-10-03,29073,76,CT1,South,Zalo OA,SummerSale,New,0,
3867,2024-07-10,24549,142,HCM1,Central,Google Ads,SummerSale,Converted,1,2920.0
3868,2024-11-21,93795,89,HCM1,South,Google Ads,FlashSaleWeekend,Converted,1,1813.0
3869,2024-03-11,66920,72,HCM2,North,Google Ads,11.11,New,0,
3870,2024-10-15,95326,68,HCM2,Central,Email Marketing,12.12,Calling,0,
3871,2024-09-03,85515,156,HN1,Central,Tiktok Ads,12.12,New,0,
3872,2024-11-03,30316,199,HN1,South,Zalo OA,FlashSaleWeekend,Converted,1,2911.0
3873,2024-12-25,36183,138,HN1,Central,Facebook Ads,FlashSaleWeekend,Calling,0,
3874,2024-10-29,34624,115,HCM1,Central,Google Ads,11.11,Converted,1,2252.0
3875,2024-05-19,72515,57,HN1,South,Email Marketing,11.11,Converted,1,2350.0
3876,2024-05-18,95781,66,HCM1,North,Facebook Ads,12.12,Converted,1,795.0
3877,2024-05-01,56705,90,CT1,North,Tiktok Ads,SummerSale,Converted,1,2645.0
3878,2024-04-13,99326,50,DN1,South,Zalo OA,NewProductLaunch,New,0,
3879,2024-02-17,36756,14,CT1,North,Email Marketing,11.11,Converted,1,1694.0
3880,2024-03-30,70390,16,HCM1,North,Google Ads,NewProductLaunch,Converted,1,1886.0
3881,2024-05-09,78369,182,HCM1,North,Google Ads,NewProductLaunch,Converted,1,2554.0
3882,2024-04-29,80821,171,DN1,Central,Google Ads,Tet2024,Calling,0,
3883,2024-05-24,19589,42,HCM2,Central,Email Marketing,SummerSale,Calling,0,
3884,2024-03-23,24116,110,HCM2,Central,Facebook Ads,FlashSaleWeekend,Cancelled,0,
3885,2024-11-16,83181,22,HCM2,North,Tiktok Ads,NewProductLaunch,NoAnswer,0,
3886,2024-10-16,54786,68,HN1,Central,Zalo OA,FlashSaleWeekend,Cancelled,0,
3887,2024-05-03,86425,19,HCM2,North,Tiktok Ads,FlashSaleWeekend,NoAnswer,0,
3888,2024-03-06,40286,66,HN1,South,Google Ads,SummerSale,Converted,1,1490.0
3889,2024-06-08,25994,167,HN1,North,Tiktok Ads,SummerSale,New,0,
3890,2024-06-29,36639,73,HCM2,Central,Facebook Ads,Tet2024,Converted,1,1453.0
3891,2024-04-04,27205,147,HCM2,North,Website SEO,FlashSaleWeekend,NoAnswer,0,
3892,2024-02-08,66677,144,DN1,Central,Website SEO,12.12,Converted,1,1944.0
3893,2024-06-10,42930,54,DN1,Central,Zalo OA,SummerSale,Converted,1,2350.0
3894,2024-06-17,83313,153,HN1,South,Zalo OA,NewProductLaunch,Converted,1,638.0
3895,2024-07-19,28316,112,DN1,South,Tiktok Ads,12.12,Converted,1,999.0
3896,2024-10-25,37304,18,HN1,Central,Zalo OA,12.12,Cancelled,0,
3897,2024-07-18,97876,151,HCM1,North,Email Marketing,BackToSchool,Converted,1,1529.0
3898,2024-04-12,95366,117,HN1,South,Facebook Ads,NewProductLaunch,NoAnswer,0,
3899,2024-06-06,23403,85,HN1,South,Google Ads,NewProductLaunch,Cancelled,0,
3900,2024-01-06,90052,139,DN1,Central,Google Ads,SummerSale,NoAnswer,0,
3901,2024-07-14,94627,39,HCM1,North,Tiktok Ads,NewProductLaunch,New,0,
3902,2024-08-05,83495,105,CT1,South,Google Ads,FlashSaleWeekend,New,0,
3903,2023-12-27,41932,68,CT1,South,Tiktok Ads,BackToSchool,Converted,1,1125.0
3904,2024-03-24,46701,25,CT1,North,Zalo OA,SummerSale,NoAnswer,0,
3905,2024-01-07,13385,191,HCM1,South,Zalo OA,11.11,Converted,1,1997.0
3906,2024-12-12,67241,158,HCM2,North,Email Marketing,NewProductLaunch,Converted,1,899.0
3907,2023-12-25,20367,173,HCM1,Central,Email Marketing,NewProductLaunch,NoAnswer,0,
3908,2024-09-12,75030,123,DN1,South,Facebook Ads,Tet2024,New,0,
3909,2024-09-20,56505,121,HN1,Central,Google Ads,11.11,Converted,1,2223.0
3910,2024-03-17,43332,61,HN1,North,Email Marketing,11.11,NoAnswer,0,
3911,2024-07-02,95178,100,DN1,Central,Facebook Ads,FlashSaleWeekend,Calling,0,
3912,2024-01-04,86325,51,DN1,Central,Website SEO,BackToSchool,Converted,1,417.0
3913,2024-11-18,45268,98,HN1,Central,Email Marketing,FlashSaleWeekend,New,0,
3914,2024-07-12,96486,137,HCM2,North,Facebook Ads,11.11,New,0,
3915,2024-05-02,35563,2,HCM2,North,Tiktok Ads,FlashSaleWeekend,Cancelled,0,
3916,2024-10-02,46404,5,HCM2,North,Tiktok Ads,FlashSaleWeekend,Cancelled,0,
3917,2024-10-07,65182,190,DN1,North,Facebook Ads,Tet2024,Calling,0,
3918,2024-03-24,42991,197,HN1,North,Zalo OA,BackToSchool,NoAnswer,0,
3919,2024-10-13,57663,180,HN1,South,Website SEO,FlashSaleWeekend,Calling,0,
3920,2024-12-07,75886,86,HN1,South,Facebook Ads,FlashSaleWeekend,NoAnswer,0,
3921,2024-01-11,93848,133,HCM1,South,Email Marketing,11.11,Converted,1,103.0
3922,2024-01-24,34127,187,HCM1,Central,Zalo OA,BackToSchool,Cancelled,0,
3923,2024-12-03,67692,68,CT1,Central,Facebook Ads,11.11,Converted,1,117.0
3924,2024-10-12,47500,9,HCM1,North,Google Ads,11.11,NoAnswer,0,
3925,2024-05-08,43785,93,HCM2,North,Email Marketing,FlashSaleWeekend,Cancelled,0,
3926,2024-08-26,94146,150,HCM2,South,Email Marketing,12.12,Converted,1,2786.0
3927,2024-07-28,99126,155,HCM2,North,Tiktok Ads,11.11,Converted,1,1724.0
3928,2024-08-06,57997,138,HCM2,Central,Google Ads,FlashSaleWeekend,New,0,
3929,2024-12-09,17170,125,CT1,North,Google Ads,NewProductLaunch,New,0,
3930,2024-12-28,23303,61,HCM2,South,Email Marketing,11.11,NoAnswer,0,
3931,2023-12-27,81743,51,DN1,North,Website SEO,NewProductLaunch,Converted,1,707.0
3932,2024-07-11,87852,10,DN1,Central,Zalo OA,SummerSale,Cancelled,0,
3933,2024-07-30,45187,134,DN1,South,Tiktok Ads,12.12,Calling,0,
3934,2024-03-23,75034,62,HCM1,North,Google Ads,Tet2024,Converted,1,473.0
3935,2024-01-14,81776,113,HN1,Central,Tiktok Ads,BackToSchool,Converted,1,2604.0
3936,2023-12-30,11893,133,CT1,South,Email Marketing,BackToSchool,Converted,1,682.0
3937,2024-04-29,23753,122,DN1,South,Zalo OA,SummerSale,Cancelled,0,
3938,2024-11-07,48090,198,DN1,Central,Facebook Ads,11.11,Converted,1,736.0
3939,2024-05-28,74922,191,HCM2,North,Google Ads,Tet2024,Converted,1,2838.0
3940,2024-10-19,86768,123,DN1,North,Zalo OA,SummerSale,Converted,1,2042.0
3941,2024-03-23,69412,184,HCM2,North,Tiktok Ads,SummerSale,Converted,1,2086.0
3942,2024-04-01,66030,187,HCM2,South,Email Marketing,BackToSchool,Converted,1,2830.0
3943,2024-11-21,27509,63,HN1,South,Zalo OA,NewProductLaunch,Cancelled,0,
3944,2024-06-04,78653,111,HCM1,North,Facebook Ads,NewProductLaunch,Cancelled,0,
3945,2024-08-07,46929,89,HCM2,South,Zalo OA,11.11,Converted,1,1914.0
3946,2024-05-24,58291,187,HCM2,South,Email Marketing,11.11,New,0,
3947,2024-07-17,14042,51,HN1,Central,Tiktok Ads,FlashSaleWeekend,Cancelled,0,
3948,2024-09-03,72574,178,HCM2,North,Google Ads,FlashSaleWeekend,NoAnswer,0,
3949,2024-09-02,47201,132,CT1,North,Google Ads,SummerSale,Converted,1,1151.0
3950,2024-10-01,24016,104,HCM1,North,Website SEO,11.11,New,0,
3951,2024-09-13,35022,123,CT1,South,Tiktok Ads,NewProductLaunch,Converted,1,42.0
3952,2023-12-17,37938,48,DN1,South,Website SEO,Tet2024,New,0,
3953,2024-01-11,53678,32,HCM1,South,Website SEO,BackToSchool,New,0,
3954,2024-11-04,71720,120,DN1,North,Email Marketing,NewProductLaunch,Cancelled,0,
3955,2024-05-11,66805,179,HCM2,South,Email Marketing,FlashSaleWeekend,Calling,0,
3956,2024-01-11,84323,180,HN1,North,Email Marketing,12.12,Converted,1,2230.0
3957,2024-10-19,11986,99,CT1,South,Facebook Ads,11.11,Converted,1,744.0
3958,2024-02-17,86478,74,DN1,North,Tiktok Ads,BackToSchool,Converted,1,2766.0
3959,2024-12-04,92994,34,HCM2,Central,Google Ads,12.12,Cancelled,0,
3960,2024-01-04,22161,164,CT1,South,Tiktok Ads,BackToSchool,Cancelled,0,
3961,2024-08-22,30689,70,CT1,North,Email Marketing,SummerSale,Calling,0,
3962,2024-08-05,70924,171,DN1,Central,Facebook Ads,11.11,Cancelled,0,
3963,2024-07-28,84308,110,HCM2,Central,Tiktok Ads,SummerSale,NoAnswer,0,
3964,2023-12-27,73745,16,HN1,South,Tiktok Ads,BackToSchool,Converted,1,16.0
3965,2024-10-22,11211,59,DN1,North,Website SEO,SummerSale,Calling,0,
3966,2024-02-01,10229,181,CT1,South,Tiktok Ads,11.11,NoAnswer,0,
3967,2024-04-10,58542,19,CT1,Central,Website SEO,NewProductLaunch,Converted,1,219.0
3968,2024-02-06,24345,95,HCM1,South,Website SEO,Tet2024,NoAnswer,0,
3969,2024-04-30,41819,113,HCM2,North,Zalo OA,12.12,Converted,1,2385.0
3970,2024-02-05,57779,41,HCM1,Central,Email Marketing,NewProductLaunch,Converted,1,2969.0
3971,2024-01-27,92421,81,HN1,South,Facebook Ads,BackToSchool,New,0,
3972,2024-10-12,75584,175,DN1,South,Website SEO,NewProductLaunch,New,0,
3973,2024-02-05,29950,103,CT1,South,Tiktok Ads,SummerSale,Converted,1,254.0
3974,2024-02-26,25173,54,HCM2,South,Website SEO,11.11,Calling,0,
3975,2024-01-29,68032,183,CT1,South,Website SEO,NewProductLaunch,Cancelled,0,
3976,2023-12-27,38036,95,HCM1,Central,Website SEO,NewProductLaunch,Converted,1,2009.0
3977,2024-05-27,81356,147,HCM1,Central,Google Ads,11.11,NoAnswer,0,
3978,2024-03-25,24292,62,DN1,North,Google Ads,SummerSale,Cancelled,0,
3979,2024-09-19,13052,99,HCM2,South,Google Ads,Tet2024,Converted,1,2233.0
3980,2024-08-28,54377,93,HCM2,North,Google Ads,NewProductLaunch,Converted,1,1313.0
3981,2024-11-15,99317,187,DN1,Central,Zalo OA,12.12,NoAnswer,0,
3982,2024-12-04,77838,65,HCM1,South,Website SEO,BackToSchool,New,0,
3983,2024-04-30,77819,68,HCM1,North,Zalo OA,FlashSaleWeekend,New,0,
3984,2024-05-25,25620,28,HCM1,South,Tiktok Ads,SummerSale,New,0,
3985,2024-04-03,40461,18,CT1,South,Email Marketing,SummerSale,Converted,1,350.0
3986,2024-03-25,30750,26,HN1,North,Facebook Ads,NewProductLaunch,Converted,1,2108.0
3987,2023-12-31,98719,104,HCM1,Central,Zalo OA,12.12,Converted,1,1479.0
3988,2024-09-07,19472,147,HN1,North,Google Ads,FlashSaleWeekend,Calling,0,
3989,2024-06-13,79263,55,HN1,North,Google Ads,11.11,NoAnswer,0,
3990,2024-12-20,67602,119,HCM2,North,Tiktok Ads,FlashSaleWeekend,Cancelled,0,
3991,2024-01-07,35523,124,DN1,South,Website SEO,NewProductLaunch,NoAnswer,0,
3992,2024-01-12,40766,185,CT1,Central,Facebook Ads,NewProductLaunch,Cancelled,0,
3993,2024-06-02,76060,134,HN1,Central,Zalo OA,11.11,Cancelled,0,
3994,2024-07-29,19079,129,CT1,South,Website SEO,BackToSchool,Cancelled,0,
3995,2024-12-26,18399,8,HCM2,Central,Website SEO,11.11,Converted,1,2759.0
3996,2024-06-19,70726,51,HCM1,North,Email Marketing,NewProductLaunch,Converted,1,967.0
3997,2024-11-24,26532,85,HN1,Central,Email Marketing,Tet2024,NoAnswer,0,
3998,2024-07-31,92357,25,DN1,South,Zalo OA,11.11,New,0,
3999,2024-10-30,53162,175,HCM2,Central,Zalo OA,BackToSchool,Converted,1,2615.0
4000,2024-11-18,13749,183,CT1,South,Zalo OA,11.11,Converted,1,271.0
