ApplicationID,LeadID,CustomerID,ProductID,Branch,Region,ApplicationDate,ApplicationStatus,RequestedAmount
1,1,25795,17,HN1,Central,2024-05-14,Approved,447016754
2,2,10860,39,HN1,Central,2024-07-23,Approved,364783579
5,5,16265,13,CT1,South,2024-04-06,Approved,440425904
7,7,47194,18,HN1,South,2024-11-21,Approved,333688265
8,8,97498,33,HCM2,Central,2024-08-09,Approved,33504888
9,9,54131,6,HCM1,North,2024-03-31,Approved,397957298
10,10,70263,27,HN1,North,2024-03-15,Approved,237584076
12,12,51090,27,CT1,Central,2024-05-09,Processing,104136338
13,13,77221,34,CT1,Central,2024-07-31,Approved,195402577
14,14,74820,46,HCM2,North,2024-12-08,Processing,478609898
15,15,10769,38,HCM2,North,2024-04-06,Approved,297952749
17,17,72955,36,CT1,North,2024-02-24,Approved,123755775
18,18,74925,8,CT1,Central,2024-12-09,Approved,270518330
19,19,77969,35,HCM1,South,2024-02-23,Approved,152969469
20,20,15311,19,DN1,North,2024-08-06,Processing,268178168
21,21,93104,30,DN1,North,2024-01-19,Processing,218558355
22,22,63707,14,HCM1,Central,2024-04-12,Approved,371876236
24,24,38693,49,CT1,North,2024-02-15,Approved,319204609
25,25,81932,25,DN1,North,2024-07-11,Approved,194137852
26,26,35658,40,CT1,Central,2024-03-02,Rejected,466161035
27,27,94478,24,HCM1,South,2024-04-21,Rejected,47806902
29,29,12747,26,HCM1,South,2024-12-05,Approved,211467078
30,30,69150,38,DN1,South,2024-07-14,Approved,193729329
31,31,75725,23,CT1,Central,2024-12-09,Processing,406776570
32,32,94654,22,DN1,North,2024-11-23,Approved,241557377
33,33,45773,48,DN1,North,2024-01-12,Processing,437210595
35,35,66886,46,DN1,South,2024-04-21,Processing,179615525
36,36,76803,3,HCM2,South,2024-06-09,Approved,94017525
37,37,41551,42,CT1,North,2024-05-11,Processing,284133482
38,38,21394,19,CT1,North,2024-07-09,Approved,48414216
39,39,79092,9,HCM2,South,2024-06-15,Approved,468364015
40,40,13890,28,HCM1,Central,2024-07-19,Processing,64469722
42,42,90038,45,HCM1,North,2024-07-26,Rejected,224150730
43,43,97313,7,CT1,South,2024-07-31,Processing,413793112
44,44,20627,14,CT1,Central,2024-04-21,Rejected,496184538
45,45,18792,9,HN1,South,2024-10-04,Processing,319399300
46,46,83969,19,DN1,South,2024-03-14,Processing,420552400
47,47,53001,47,DN1,Central,2024-06-19,Rejected,193430679
48,48,86552,14,HCM1,Central,2024-09-16,Processing,340624769
49,49,33897,38,DN1,Central,2024-09-02,Processing,186384422
50,50,78148,36,HCM1,North,2024-10-03,Processing,349787866
51,51,33483,40,CT1,South,2024-04-11,Processing,21021951
52,52,58555,17,HN1,North,2024-06-24,Approved,56233554
53,53,27159,30,HN1,Central,2024-06-21,Approved,480635860
54,54,90077,9,CT1,North,2024-05-22,Processing,95973426
55,55,45920,33,HCM2,Central,2024-07-08,Approved,107714310
56,56,77121,25,HCM2,Central,2024-03-28,Approved,180733453
57,57,79479,14,DN1,South,2024-02-25,Processing,459243636
58,58,99475,11,HCM1,South,2024-04-23,Processing,374024396
59,59,29457,35,HN1,South,2025-01-02,Approved,481254277
60,60,76557,41,DN1,North,2024-12-11,Rejected,199502138
61,61,87189,14,CT1,South,2024-02-16,Approved,394836214
62,62,88953,30,HN1,Central,2024-08-01,Approved,115110373
64,64,50757,4,HCM1,North,2024-10-26,Approved,165370190
65,65,19692,4,HCM2,South,2024-12-11,Approved,168372695
66,66,55758,28,DN1,South,2024-08-31,Approved,35911114
67,67,82409,8,CT1,South,2024-04-27,Processing,174441311
70,70,47065,46,HN1,Central,2024-03-18,Approved,26607072
71,71,42606,22,CT1,Central,2024-05-19,Processing,446053151
72,72,21534,41,HN1,South,2024-01-22,Processing,275379187
75,75,99789,49,HN1,Central,2024-02-09,Rejected,44708363
76,76,65591,48,HCM2,South,2024-09-26,Approved,319497597
77,77,99812,30,CT1,South,2024-07-29,Approved,114134950
79,79,34300,35,HN1,North,2024-06-02,Rejected,466568084
82,82,19268,21,HN1,Central,2024-10-21,Processing,197474040
83,83,96807,21,HCM2,Central,2024-04-11,Processing,62147703
85,85,73704,48,HN1,South,2024-08-19,Approved,373460438
86,86,96779,20,HN1,South,2024-08-08,Approved,421258717
87,87,49099,37,CT1,South,2024-03-06,Approved,474737809
88,88,18571,3,HCM1,South,2024-12-23,Processing,326124982
90,90,61214,33,CT1,South,2024-11-27,Processing,429297881
91,91,71228,9,CT1,South,2024-02-22,Approved,311687635
92,92,58984,9,DN1,North,2024-09-19,Approved,339460648
93,93,50774,4,CT1,North,2024-09-23,Rejected,309993314
95,95,72592,17,HN1,Central,2024-11-15,Approved,21121710
97,97,12695,24,CT1,North,2024-06-03,Approved,252159884
98,98,58190,32,HN1,South,2024-12-26,Approved,267695657
99,99,15258,1,HCM1,South,2025-01-03,Approved,218480514
100,100,97538,8,HCM1,Central,2024-05-22,Approved,493701494
101,101,49504,45,HN1,North,2024-02-21,Processing,248464756
102,102,43159,23,HCM2,Central,2024-04-27,Approved,90569321
103,103,23986,47,HN1,South,2024-02-17,Approved,132795369
105,105,22666,12,DN1,Central,2024-03-31,Processing,466623275
107,107,13561,46,HCM1,South,2024-09-28,Processing,346421505
108,108,36854,47,CT1,Central,2024-04-01,Processing,253492757
109,109,74505,15,HN1,South,2024-04-30,Approved,297478888
110,110,62251,41,HN1,North,2024-02-23,Processing,469123907
112,112,18392,26,HCM1,Central,2024-04-28,Approved,257718695
113,113,40535,29,HCM2,South,2024-09-19,Approved,432644710
114,114,88603,22,DN1,Central,2024-03-16,Approved,178180700
115,115,62256,40,CT1,South,2024-11-04,Processing,235787510
116,116,99135,21,HCM2,Central,2024-01-10,Approved,428057309
117,117,45222,38,HCM1,North,2025-01-01,Approved,475758446
120,120,94651,4,DN1,Central,2024-12-15,Rejected,33659917
121,121,73335,7,HCM2,Central,2024-08-05,Approved,69665985
122,122,20965,28,HCM1,North,2024-10-09,Approved,290429455
123,123,34538,28,HCM2,North,2024-01-31,Approved,153173835
124,124,80592,4,HN1,South,2024-08-23,Approved,301841720
125,125,18110,22,HN1,South,2024-11-08,Approved,441103336
128,128,62992,3,DN1,Central,2024-01-29,Processing,225217830
129,129,92948,22,DN1,North,2024-12-21,Approved,79223530
130,130,16910,44,HN1,South,2024-06-12,Approved,169432101
131,131,10206,2,HCM2,South,2024-09-27,Rejected,269896045
132,132,97054,24,HCM2,South,2024-11-30,Processing,309679483
133,133,97897,34,CT1,South,2024-02-04,Approved,180759916
135,135,60636,41,DN1,South,2024-12-16,Processing,467034088
136,136,60015,1,HCM2,North,2024-09-30,Rejected,265240671
137,137,64268,8,CT1,South,2024-07-29,Approved,154716149
138,138,97939,23,DN1,South,2024-08-29,Approved,355188000
139,139,28141,38,HCM2,South,2024-04-06,Processing,413706610
140,140,90356,6,DN1,South,2024-06-22,Processing,325575806
141,141,81910,22,HN1,North,2024-03-23,Processing,121571149
142,142,66044,25,HN1,Central,2024-04-23,Processing,457579915
143,143,77214,18,HN1,Central,2024-08-07,Approved,144656236
144,144,43827,17,HCM2,Central,2024-12-27,Approved,185924945
145,145,65820,12,CT1,Central,2024-04-18,Approved,230455586
147,147,91734,26,HCM1,Central,2024-06-29,Approved,321637768
149,149,32299,8,HN1,North,2024-09-06,Approved,216390553
150,150,53585,19,HCM1,North,2024-09-04,Processing,123555402
151,151,74044,42,HCM1,North,2024-11-19,Processing,219803076
152,152,52557,1,HCM2,South,2024-03-31,Approved,117469831
153,153,59080,29,DN1,South,2024-08-04,Approved,140999136
155,155,79163,49,CT1,North,2024-10-04,Processing,415345384
156,156,35939,35,HCM2,Central,2024-12-03,Approved,305469644
157,157,58925,40,HCM2,North,2024-07-28,Processing,56683208
159,159,31834,35,CT1,North,2024-11-25,Processing,394582569
160,160,28047,48,CT1,Central,2024-05-21,Processing,282749603
161,161,36105,45,HCM1,South,2024-11-03,Approved,246579191
162,162,85766,20,HN1,Central,2024-08-19,Rejected,337506376
163,163,25707,49,HCM1,Central,2024-11-03,Approved,244095802
164,164,31976,13,HN1,South,2024-06-10,Approved,97310573
165,165,54262,38,HCM1,Central,2024-01-01,Processing,115732889
167,167,40080,46,HN1,Central,2024-07-08,Processing,420827311
168,168,76842,49,HCM2,Central,2024-01-08,Processing,210258346
170,170,16776,43,HN1,North,2024-08-09,Approved,487807606
171,171,65016,20,HN1,Central,2024-09-17,Rejected,82280894
172,172,19474,33,DN1,Central,2024-01-03,Processing,332214355
173,173,68053,26,HCM1,North,2024-03-14,Approved,160801755
174,174,31959,39,HCM2,South,2024-06-27,Rejected,170606328
175,175,15530,21,HCM1,South,2024-07-11,Approved,274650071
176,176,13748,49,HCM1,South,2024-10-20,Approved,254289150
177,177,23545,42,CT1,Central,2024-01-09,Approved,193880704
178,178,76199,43,DN1,South,2024-09-10,Rejected,226497589
179,179,44766,41,CT1,North,2024-10-18,Approved,410705880
180,180,83530,9,DN1,Central,2024-09-01,Approved,323335097
183,183,64384,49,DN1,South,2024-10-12,Approved,456348653
184,184,61005,41,HCM1,South,2024-02-02,Processing,295563146
186,186,49353,24,HCM2,Central,2024-05-25,Rejected,130130756
188,188,93211,39,CT1,Central,2024-01-17,Approved,293553236
189,189,62733,41,CT1,North,2024-12-22,Approved,374356661
190,190,75318,39,HN1,Central,2024-02-18,Approved,479031996
191,191,99474,13,HCM2,North,2024-09-09,Processing,215322340
193,193,77172,46,CT1,Central,2024-02-01,Approved,447803375
194,194,95616,19,HCM2,North,2024-09-19,Approved,363310445
195,195,36736,11,HCM1,North,2024-01-19,Approved,357250608
196,196,10854,13,CT1,North,2024-02-11,Processing,225574326
197,197,48623,46,HCM1,North,2024-10-31,Processing,325953086
198,198,17392,45,CT1,North,2024-02-09,Approved,454949572
200,200,56717,40,HN1,North,2024-02-02,Approved,447530189
201,201,97092,44,CT1,North,2024-06-09,Processing,220242941
203,203,36309,12,HCM2,North,2024-07-23,Processing,235327778
204,204,97455,8,DN1,North,2024-03-10,Processing,324832712
205,205,73734,8,HCM2,Central,2024-04-17,Approved,336436874
206,206,80467,45,CT1,Central,2024-09-27,Approved,193280899
207,207,62662,12,HCM2,South,2024-08-11,Processing,155295815
208,208,22688,48,DN1,South,2024-10-21,Approved,127387442
210,210,47157,45,HCM1,North,2024-04-01,Approved,450767204
212,212,62083,39,HN1,South,2024-09-13,Approved,108507583
213,213,75733,28,HCM1,North,2024-09-12,Rejected,423800795
214,214,99045,5,CT1,South,2024-09-14,Approved,365325941
215,215,44698,8,CT1,North,2024-12-14,Approved,476191053
216,216,90623,25,DN1,Central,2024-03-28,Approved,140040620
217,217,32671,27,DN1,Central,2024-04-02,Approved,412067996
218,218,35184,46,HCM2,South,2024-08-27,Rejected,191006675
219,219,52107,23,DN1,Central,2024-03-13,Approved,103898213
220,220,96202,30,CT1,Central,2024-02-16,Approved,253664364
222,222,25708,47,HCM1,Central,2024-05-31,Approved,81099531
224,224,12811,49,HCM2,North,2024-01-19,Approved,466613391
225,225,66250,47,CT1,South,2024-04-14,Processing,73693101
226,226,82082,20,DN1,Central,2024-04-08,Approved,235509505
229,229,12911,2,HN1,South,2024-01-30,Processing,450202151
230,230,77270,4,DN1,North,2024-09-05,Approved,140446382
231,231,93763,30,CT1,Central,2024-02-06,Processing,206967955
232,232,18680,33,DN1,North,2024-08-17,Processing,398637039
233,233,94896,36,HCM2,South,2024-01-14,Rejected,280137467
234,234,93879,18,HCM1,North,2024-04-28,Approved,75469455
235,235,81295,37,CT1,Central,2024-12-19,Processing,260170781
236,236,98614,19,HN1,North,2024-06-04,Processing,138499347
238,238,47504,28,HCM1,South,2024-11-30,Approved,462120532
240,240,18155,20,HCM2,South,2024-02-02,Processing,204315973
243,243,57254,12,DN1,North,2024-07-10,Rejected,380537480
246,246,70713,39,DN1,Central,2024-09-16,Processing,374022274
249,249,56843,41,HCM1,North,2024-10-04,Approved,120046739
250,250,26371,10,HCM1,South,2024-09-18,Rejected,278999023
251,251,87371,2,HN1,North,2024-05-14,Approved,166882109
252,252,12049,11,CT1,North,2024-06-22,Approved,453080288
253,253,41616,13,DN1,Central,2024-07-31,Approved,63737636
255,255,39855,14,CT1,South,2024-07-06,Rejected,266535673
256,256,71434,18,CT1,North,2024-12-30,Approved,421017339
257,257,82694,9,CT1,South,2024-04-05,Rejected,464064382
258,258,53016,39,HCM1,Central,2024-01-12,Approved,297079736
260,260,52642,3,HN1,South,2024-07-30,Approved,396256400
261,261,25151,20,CT1,South,2024-07-16,Rejected,455338991
262,262,61407,6,HN1,Central,2024-04-09,Approved,21539449
266,266,69040,38,CT1,North,2024-05-13,Rejected,198230512
269,269,22874,30,DN1,Central,2024-03-25,Approved,295134478
271,271,15539,2,HCM1,Central,2024-09-08,Approved,220178706
272,272,63351,17,CT1,South,2024-05-26,Processing,224173004
273,273,71267,41,HN1,Central,2024-12-19,Approved,74052529
274,274,58354,12,HCM1,South,2024-06-18,Approved,75786006
275,275,12557,35,DN1,South,2024-08-12,Approved,260222187
276,276,48360,43,CT1,South,2024-08-10,Approved,280780119
279,279,78497,15,CT1,North,2024-09-22,Processing,39537175
280,280,56975,26,CT1,Central,2024-05-31,Approved,391676186
281,281,31357,37,DN1,South,2024-08-06,Approved,322715414
282,282,87505,21,HN1,Central,2024-07-16,Processing,490563147
283,283,12869,49,CT1,Central,2024-02-11,Approved,209242695
285,285,60108,25,HCM2,Central,2024-11-26,Approved,206119191
286,286,48467,23,HN1,South,2024-09-11,Approved,479370344
287,287,33328,24,CT1,South,2024-10-23,Processing,254661641
288,288,96831,38,CT1,South,2024-09-27,Processing,426221783
290,290,68871,21,HCM2,Central,2024-12-05,Approved,370859338
291,291,32399,43,DN1,Central,2024-09-24,Approved,359258656
293,293,96416,36,CT1,North,2024-02-02,Processing,31448186
294,294,80271,35,HCM2,Central,2024-02-08,Processing,181428721
295,295,54064,45,HCM1,Central,2024-01-10,Approved,143808908
296,296,80091,9,HN1,North,2024-04-23,Approved,396130075
298,298,55525,30,DN1,South,2024-03-20,Rejected,478396356
299,299,29830,44,HN1,South,2024-12-15,Rejected,248802320
300,300,27429,34,CT1,North,2024-05-30,Processing,35238819
302,302,89909,3,HCM1,Central,2024-01-08,Rejected,311725459
303,303,57333,3,HCM1,Central,2024-05-05,Approved,261109955
305,305,84290,44,HN1,North,2024-06-23,Processing,394515193
307,307,15895,41,HCM2,South,2024-03-25,Approved,239353499
309,309,40746,40,HCM2,North,2024-05-15,Processing,44658037
310,310,59377,11,HCM1,South,2024-12-09,Approved,73499581
311,311,58404,48,DN1,South,2024-01-16,Approved,269698100
312,312,64045,32,HCM2,Central,2024-12-02,Processing,171904742
313,313,49790,36,CT1,South,2024-07-16,Processing,68559325
314,314,15600,33,DN1,North,2024-01-11,Approved,240457759
317,317,55714,34,HCM2,Central,2024-12-02,Approved,221376765
319,319,83744,37,CT1,South,2024-01-15,Rejected,136455597
320,320,66491,7,DN1,Central,2024-11-23,Approved,222333849
321,321,28589,4,DN1,Central,2024-04-13,Processing,381575810
322,322,53484,37,DN1,North,2024-08-15,Processing,139657313
323,323,92989,1,HCM2,North,2024-10-06,Approved,159048201
324,324,46212,1,CT1,South,2024-04-24,Approved,39707556
325,325,53525,47,HCM1,North,2024-01-04,Approved,331377402
326,326,57202,20,HCM1,Central,2024-09-24,Rejected,165127760
328,328,73208,29,HCM2,South,2024-04-20,Approved,367891883
329,329,43828,10,DN1,North,2024-07-18,Processing,455486550
330,330,28711,18,CT1,North,2024-11-05,Processing,148065752
333,333,55236,43,HN1,North,2024-07-07,Rejected,52517994
334,334,76235,47,HCM1,Central,2024-06-03,Processing,404641681
335,335,64240,31,HN1,South,2024-12-01,Processing,439899227
336,336,75726,27,HN1,North,2024-10-05,Processing,123998946
337,337,20492,11,HCM1,Central,2024-06-22,Approved,164946940
338,338,16102,49,HCM1,Central,2024-05-14,Rejected,88778561
339,339,60336,49,HN1,North,2024-01-28,Processing,80174404
341,341,36641,5,HN1,South,2024-07-11,Processing,45020079
342,342,44584,8,DN1,South,2024-05-23,Approved,433230063
343,343,42745,34,DN1,Central,2024-02-13,Approved,233702827
344,344,33093,48,DN1,South,2024-11-30,Approved,191002404
345,345,76105,12,HCM2,North,2024-10-11,Approved,184223610
346,346,61885,38,DN1,Central,2024-05-28,Processing,438958650
347,347,46631,1,CT1,South,2024-11-11,Approved,429074283
348,348,82991,31,HCM2,North,2024-11-15,Approved,495347574
351,351,28070,45,HN1,Central,2024-02-27,Approved,131060726
352,352,45777,5,HCM1,North,2024-06-04,Approved,417979696
353,353,66958,30,HN1,North,2024-06-08,Processing,208172601
354,354,92074,24,HN1,North,2024-04-20,Approved,131109130
355,355,20729,3,HCM2,North,2024-05-20,Rejected,352709794
359,359,88069,26,CT1,South,2024-10-30,Rejected,74367960
361,361,15801,46,HCM2,Central,2024-11-21,Processing,387984412
362,362,29190,43,DN1,South,2024-01-06,Approved,461793655
363,363,59689,27,HCM2,Central,2024-10-10,Rejected,270908397
365,365,39592,6,HCM2,North,2024-09-27,Processing,369148095
366,366,20647,15,CT1,South,2024-07-17,Processing,452836288
367,367,18716,30,HCM2,North,2024-01-26,Approved,380698684
368,368,98891,42,DN1,North,2024-05-27,Approved,430456676
370,370,99912,37,DN1,Central,2024-12-03,Approved,55686091
371,371,80316,42,CT1,North,2024-12-05,Approved,261435059
372,372,12368,37,HN1,Central,2024-03-10,Approved,199470828
373,373,87575,35,DN1,South,2024-10-28,Approved,378068069
374,374,16655,23,HCM2,North,2024-06-24,Processing,174011716
376,376,86429,4,HCM2,North,2024-03-19,Approved,183591278
377,377,97922,18,HCM2,South,2024-04-25,Approved,149825879
378,378,65766,9,DN1,North,2024-04-24,Approved,225047828
379,379,23403,49,HCM1,South,2024-09-07,Processing,468472768
380,380,42097,29,HN1,Central,2024-07-22,Approved,319391383
381,381,88657,13,HCM2,North,2024-05-26,Approved,281212755
383,383,62921,17,HN1,South,2024-11-07,Processing,441498431
384,384,59726,45,HCM2,South,2024-01-27,Rejected,443920975
385,385,60300,32,HCM1,Central,2024-08-28,Rejected,493778635
386,386,32677,48,DN1,Central,2024-01-14,Processing,342792537
387,387,65609,22,HCM2,South,2024-02-14,Approved,295854597
388,388,66661,4,HCM2,Central,2024-08-04,Processing,227552121
389,389,41024,5,HCM1,South,2024-08-24,Processing,125583634
390,390,80313,37,HCM2,Central,2024-07-14,Approved,136010307
391,391,63006,41,HN1,South,2024-02-22,Approved,337901444
392,392,25338,49,HCM2,South,2024-08-03,Approved,160632426
393,393,78027,13,CT1,North,2024-05-30,Approved,458105497
395,395,29508,45,HCM1,South,2024-12-05,Approved,305923431
396,396,13051,22,HN1,North,2024-03-19,Processing,484917598
399,399,97235,42,HCM2,Central,2024-07-07,Processing,123858449
400,400,64021,34,HCM2,South,2024-10-15,Processing,366733320
401,401,76412,32,DN1,Central,2024-01-30,Processing,432102566
403,403,66179,49,DN1,South,2024-09-10,Processing,457865488
404,404,42093,21,CT1,North,2024-05-05,Approved,269375999
405,405,79678,46,HCM2,North,2024-06-28,Processing,211026864
406,406,90738,44,HCM2,South,2024-02-07,Processing,492473727
407,407,49734,21,HCM2,South,2024-04-11,Rejected,370612654
408,408,82615,44,HCM1,South,2024-04-07,Approved,369570224
409,409,83523,11,CT1,South,2024-05-08,Rejected,429267193
410,410,27019,39,HCM2,South,2024-06-19,Processing,478199203
411,411,93613,4,CT1,South,2024-03-23,Rejected,363332196
414,414,92750,24,CT1,Central,2024-05-09,Processing,336864884
415,415,89634,35,DN1,North,2024-12-08,Approved,375638408
419,419,18308,11,HCM2,North,2024-01-28,Approved,290471587
420,420,15949,36,CT1,Central,2024-06-21,Approved,291445482
421,421,61990,17,HCM1,South,2024-02-18,Processing,108252486
422,422,11150,35,CT1,South,2024-11-24,Approved,132359873
423,423,99480,18,HCM2,Central,2024-08-23,Approved,23387201
424,424,84740,40,DN1,Central,2024-08-03,Approved,255428982
426,426,26896,24,DN1,Central,2024-10-09,Approved,88714964
427,427,56175,19,HCM2,South,2024-08-22,Processing,436910824
428,428,17805,37,HCM2,Central,2024-03-25,Approved,176603979
430,430,30056,21,CT1,South,2024-05-17,Processing,478963083
431,431,55543,8,CT1,North,2024-05-30,Processing,91728425
432,432,66556,28,DN1,Central,2024-04-28,Approved,409818243
434,434,23500,17,HN1,Central,2024-12-09,Rejected,386685091
436,436,39375,36,HCM2,North,2024-12-20,Approved,166502905
437,437,19662,19,HCM1,North,2024-06-07,Approved,365150451
438,438,26964,27,CT1,South,2024-03-17,Approved,162700470
439,439,69638,34,HCM2,North,2024-05-25,Rejected,127835515
440,440,83666,11,HCM1,Central,2024-12-09,Approved,233799334
441,441,95067,45,DN1,Central,2024-08-16,Processing,212542212
442,442,77215,47,CT1,South,2024-11-09,Approved,273796918
443,443,79042,12,HN1,South,2024-04-16,Processing,214261913
444,444,23284,21,HCM1,Central,2024-12-15,Approved,28965175
445,445,82789,11,CT1,North,2024-10-31,Rejected,409035231
446,446,94664,39,CT1,Central,2024-03-28,Processing,44157112
447,447,71389,28,HN1,South,2024-10-29,Processing,201112752
448,448,19435,5,HN1,South,2024-06-20,Processing,210203021
449,449,64340,17,HN1,Central,2024-06-18,Approved,347618700
450,450,54078,20,HCM1,North,2024-05-17,Approved,321393687
451,451,88832,41,HN1,North,2024-02-20,Approved,106029393
452,452,61293,46,DN1,South,2024-12-09,Approved,389479551
453,453,88781,12,CT1,Central,2024-12-14,Approved,301010316
456,456,53919,19,HCM2,Central,2024-05-16,Rejected,341744110
457,457,45247,26,HCM2,South,2024-09-01,Approved,312110837
458,458,72752,48,HN1,North,2024-04-19,Approved,362640046
459,459,66573,44,CT1,North,2024-11-09,Processing,478059959
461,461,36646,32,HN1,North,2024-01-25,Processing,126134567
463,463,89605,36,HN1,South,2024-10-24,Processing,108261143
464,464,78385,38,CT1,South,2024-04-24,Rejected,435828080
466,466,75417,33,HN1,South,2024-03-19,Approved,494583185
467,467,33289,24,HCM2,Central,2024-06-27,Processing,440317965
468,468,19823,23,HN1,Central,2024-12-10,Approved,44146207
470,470,51975,27,HCM2,North,2024-04-13,Processing,226227033
472,472,26364,17,DN1,North,2024-04-27,Approved,325512004
473,473,14611,14,HCM2,North,2024-04-04,Approved,97387969
474,474,37663,27,CT1,Central,2024-01-29,Processing,282795615
476,476,67679,28,HCM1,Central,2024-03-01,Approved,177630209
477,477,40977,47,CT1,South,2024-10-25,Processing,334014526
479,479,98223,4,CT1,Central,2024-11-29,Approved,58738875
480,480,70890,7,CT1,North,2024-09-06,Approved,405738856
483,483,69275,48,HCM2,North,2024-05-22,Approved,241105407
486,486,45195,45,HCM2,North,2024-09-15,Approved,363610758
487,487,14000,17,CT1,Central,2024-12-20,Approved,141364750
488,488,80588,17,DN1,North,2024-08-14,Processing,387091247
489,489,48304,49,HCM2,Central,2024-06-03,Approved,194895334
490,490,79449,33,HN1,South,2024-01-21,Approved,34569191
492,492,99643,8,CT1,South,2024-08-29,Approved,419432669
493,493,30764,19,HCM1,Central,2024-12-12,Processing,315696470
494,494,96027,38,HCM2,South,2024-08-26,Processing,49179482
495,495,48494,3,DN1,Central,2024-02-06,Approved,406393420
496,496,13373,5,HN1,North,2024-07-09,Processing,36085851
499,499,35351,46,HCM1,North,2024-05-06,Processing,360733945
500,500,98668,31,HCM2,Central,2024-12-12,Approved,177270106
501,501,25305,16,CT1,North,2024-08-17,Approved,499756061
502,502,85353,32,DN1,Central,2024-08-12,Approved,338122113
503,503,86797,22,HN1,North,2024-07-31,Processing,466748509
504,504,75953,29,HCM1,South,2024-01-28,Processing,100250562
507,507,13267,3,HN1,Central,2024-11-28,Processing,401536566
508,508,92745,10,HN1,North,2024-05-08,Rejected,447756181
509,509,99588,42,CT1,Central,2024-02-13,Approved,358125148
510,510,48513,21,HN1,North,2024-12-01,Approved,128491533
512,512,21338,12,HN1,South,2024-12-27,Approved,379903468
513,513,10412,2,HCM2,Central,2024-02-07,Processing,158113934
515,515,43496,24,DN1,North,2024-02-17,Approved,148654769
516,516,70692,35,HCM2,South,2024-05-16,Approved,237629965
518,518,54425,30,HN1,Central,2024-05-01,Processing,247996016
519,519,48756,47,DN1,North,2024-03-10,Processing,208479393
520,520,28888,35,HCM2,Central,2024-12-19,Rejected,182167535
521,521,45735,19,CT1,Central,2024-12-26,Processing,270387586
522,522,57295,8,HCM1,North,2024-02-17,Approved,198333995
524,524,95999,49,HCM1,South,2024-10-17,Processing,433120272
525,525,27955,40,DN1,North,2024-01-13,Processing,284632866
526,526,47841,7,DN1,Central,2024-02-01,Approved,208713712
527,527,80640,30,CT1,North,2024-09-04,Processing,228842912
528,528,75510,7,HN1,Central,2024-10-03,Rejected,157643108
529,529,44911,3,HCM2,South,2024-03-31,Approved,110079805
530,530,69031,1,HCM2,North,2024-09-01,Approved,318726624
531,531,98726,36,HCM2,Central,2024-11-25,Approved,192847087
532,532,17357,25,HN1,North,2024-01-15,Approved,107778108
533,533,42479,37,HCM1,North,2024-01-04,Approved,401043158
534,534,71476,1,HCM2,North,2024-07-10,Approved,485711158
535,535,54811,15,HCM1,North,2024-06-20,Processing,264137488
536,536,46208,37,HN1,South,2024-01-11,Processing,57046475
537,537,30150,13,HN1,Central,2024-04-22,Processing,316074681
538,538,81180,40,CT1,North,2024-05-19,Processing,450567295
539,539,53286,8,HCM2,Central,2024-06-05,Processing,192900095
540,540,78450,5,CT1,South,2024-07-31,Approved,493991752
541,541,31352,9,HCM2,Central,2024-09-28,Processing,471924104
543,543,24397,36,HN1,South,2024-04-11,Approved,295866698
547,547,60517,23,HN1,North,2024-09-21,Processing,253856285
548,548,76234,9,HCM1,North,2024-10-03,Processing,310049041
549,549,49954,34,HCM1,Central,2024-03-21,Rejected,267456175
550,550,57280,46,CT1,South,2024-05-29,Rejected,376997328
551,551,89459,14,DN1,North,2024-04-22,Processing,228585937
552,552,26779,4,DN1,North,2024-09-14,Processing,53572345
553,553,73932,30,HN1,South,2024-04-06,Processing,321003007
554,554,82936,31,HN1,Central,2024-01-13,Rejected,436741998
557,557,79896,35,HCM1,Central,2024-11-28,Rejected,458658404
558,558,45270,8,HCM2,Central,2024-07-09,Processing,139849101
561,561,61934,13,HCM1,Central,2024-01-10,Approved,75760846
562,562,74895,45,HCM1,North,2024-03-10,Approved,471527872
563,563,42307,32,HCM2,North,2024-07-13,Rejected,315694087
564,564,64098,34,CT1,South,2025-01-01,Processing,406977883
565,565,70921,45,HCM2,South,2024-09-13,Approved,392546336
566,566,15486,19,CT1,North,2024-01-11,Approved,290415012
567,567,18335,38,CT1,North,2024-04-30,Approved,244581193
569,569,99112,2,DN1,Central,2024-04-10,Approved,21775734
572,572,70566,34,HN1,North,2024-05-22,Approved,259380208
573,573,76703,42,DN1,North,2024-09-24,Processing,24369987
574,574,37192,16,CT1,North,2024-02-07,Approved,457406100
576,576,94076,2,HCM2,South,2024-03-17,Approved,383168461
577,577,99780,2,HCM2,Central,2024-11-05,Approved,404719951
578,578,31545,26,CT1,South,2024-07-21,Approved,171446064
580,580,21174,47,HCM2,South,2024-09-06,Processing,176378024
581,581,98461,31,DN1,North,2024-11-11,Approved,302345768
583,583,33714,39,HCM2,North,2024-10-06,Approved,267011822
584,584,48102,3,DN1,South,2024-04-15,Approved,388621377
588,588,82267,27,HN1,Central,2024-05-31,Approved,56852510
590,590,33625,39,CT1,North,2024-07-28,Processing,95204320
591,591,92873,39,HN1,Central,2024-06-28,Processing,28450238
592,592,82592,1,HCM2,Central,2024-07-15,Approved,31358005
595,595,11542,30,HCM1,Central,2024-10-14,Approved,83964081
596,596,31677,13,HN1,South,2024-10-06,Approved,308548452
597,597,56732,21,DN1,South,2024-08-24,Rejected,375826046
599,599,49081,19,DN1,North,2024-07-27,Processing,377580108
600,600,72856,25,HCM1,South,2024-05-09,Approved,328992664
601,601,98858,22,CT1,North,2024-06-02,Processing,211039681
602,602,29065,31,HCM2,Central,2024-01-17,Approved,440653921
603,603,93460,17,CT1,South,2024-05-05,Approved,265514023
605,605,64693,32,DN1,North,2024-08-09,Approved,480511017
606,606,36962,10,CT1,South,2024-04-19,Approved,444260276
608,608,23807,36,DN1,North,2024-07-16,Approved,31524396
609,609,52348,8,HCM2,Central,2024-07-08,Processing,154074715
610,610,36432,20,HN1,Central,2024-04-11,Processing,318236222
612,612,67854,14,DN1,North,2024-03-18,Approved,355948124
613,613,50262,28,HN1,South,2024-12-07,Approved,309326462
614,614,47080,46,DN1,Central,2024-07-12,Approved,154767085
616,616,45909,15,HN1,North,2024-08-05,Approved,462473117
617,617,99339,22,HCM2,South,2024-11-14,Processing,27233146
618,618,29870,30,HCM1,North,2024-11-16,Approved,189948832
619,619,44578,4,HCM1,Central,2024-05-25,Processing,30690620
622,622,35289,8,CT1,Central,2024-11-21,Rejected,270619601
623,623,65129,18,HCM1,North,2024-01-19,Processing,328992328
624,624,25485,12,HN1,South,2024-08-04,Rejected,369293997
626,626,96188,14,DN1,South,2024-07-01,Processing,42758332
627,627,14748,34,HCM1,North,2024-09-26,Processing,439680291
628,628,96769,18,HCM2,Central,2024-12-25,Approved,294725234
629,629,19435,34,HN1,North,2024-04-09,Approved,432834018
631,631,40355,41,CT1,North,2024-01-30,Processing,169433435
633,633,67799,49,HN1,North,2024-05-27,Approved,57847031
634,634,23116,15,HCM2,Central,2024-04-24,Processing,380874908
635,635,35470,31,HCM1,North,2024-08-20,Approved,111469000
636,636,52344,49,HN1,South,2024-06-27,Approved,486827020
637,637,52918,29,HCM2,North,2024-03-15,Processing,471430540
638,638,62224,26,HCM1,South,2024-07-28,Processing,126142114
639,639,49298,18,CT1,Central,2024-08-07,Approved,244568499
640,640,90219,32,HN1,Central,2024-03-20,Approved,415668250
642,642,76040,38,HCM2,Central,2024-02-11,Processing,430020830
643,643,38016,17,DN1,North,2024-10-03,Processing,492287935
647,647,77641,41,DN1,South,2024-06-07,Approved,419918137
648,648,46395,6,HCM1,North,2024-01-10,Processing,279772602
651,651,30559,29,HCM1,South,2024-01-07,Approved,140799478
652,652,71642,28,HCM2,North,2024-08-03,Approved,407299660
653,653,86539,11,DN1,North,2024-05-13,Processing,21752787
654,654,31732,1,CT1,South,2024-10-14,Processing,289082533
655,655,40354,43,HCM1,Central,2024-05-09,Approved,108343323
658,658,27640,27,DN1,Central,2024-06-02,Processing,342057320
660,660,48413,44,DN1,North,2024-01-29,Processing,109591398
661,661,62638,4,CT1,South,2024-04-28,Approved,481174713
662,662,62736,36,HN1,South,2024-10-12,Approved,466768041
663,663,78866,18,HCM1,North,2024-03-16,Processing,73935305
664,664,29087,15,HCM1,Central,2024-06-15,Approved,330892772
667,667,17114,49,DN1,North,2024-04-03,Approved,214386880
668,668,88859,6,CT1,North,2024-06-28,Approved,224921537
670,670,21023,12,CT1,North,2024-02-25,Processing,383517248
671,671,31447,37,HCM1,South,2024-07-03,Approved,373552247
672,672,33959,17,DN1,South,2024-12-27,Approved,146796513
673,673,76203,23,DN1,South,2024-08-10,Approved,122988494
674,674,39703,26,HCM1,Central,2024-11-12,Processing,49450874
676,676,56427,33,HCM1,South,2024-06-28,Processing,43347416
678,678,94665,25,HN1,South,2024-04-24,Approved,137143603
679,679,41921,10,DN1,South,2024-08-12,Processing,175615651
680,680,43307,47,HCM1,South,2024-08-04,Processing,91941859
681,681,37355,23,HCM1,North,2024-02-28,Rejected,401050205
682,682,14835,21,DN1,South,2024-11-25,Processing,432543490
683,683,30159,21,HCM2,South,2024-04-21,Processing,266350132
684,684,57605,43,HCM1,Central,2024-06-09,Approved,47595459
685,685,48088,13,DN1,Central,2024-07-10,Approved,160342701
686,686,88752,37,HCM1,Central,2024-07-19,Approved,100590532
688,688,67043,24,HN1,North,2024-07-18,Approved,368888995
689,689,45547,44,HCM2,Central,2024-02-05,Rejected,24843338
692,692,44349,4,HCM2,North,2024-04-13,Approved,63787223
694,694,15713,25,HCM1,Central,2024-10-11,Rejected,248912834
695,695,66178,30,DN1,North,2024-01-02,Processing,261322223
696,696,59407,9,HCM2,North,2024-08-09,Processing,53789510
698,698,60990,20,HCM2,North,2024-06-20,Approved,159015626
699,699,85672,19,CT1,North,2024-03-30,Processing,379025906
700,700,75545,19,DN1,North,2024-02-13,Approved,275959601
701,701,94791,12,HCM1,South,2024-05-02,Approved,35225623
702,702,68141,37,HN1,Central,2024-11-26,Rejected,111186554
703,703,33793,42,HCM2,Central,2024-10-25,Approved,238696210
704,704,66570,17,DN1,North,2024-06-28,Approved,453838087
705,705,47892,37,HCM2,North,2024-03-06,Processing,94421316
706,706,11015,48,DN1,South,2024-06-16,Approved,51361920
707,707,71813,39,CT1,South,2024-07-05,Approved,109875002
708,708,37712,28,HCM2,North,2024-07-29,Processing,424952350
710,710,72292,35,HN1,South,2024-02-20,Approved,143861696
711,711,33833,47,CT1,North,2024-08-11,Processing,113882771
712,712,14158,48,DN1,North,2024-01-04,Approved,334197623
713,713,72680,18,HN1,North,2024-06-24,Processing,371187161
715,715,16970,35,HCM2,Central,2024-04-29,Approved,416522259
717,717,96704,41,HCM1,North,2024-09-13,Processing,115209652
718,718,56540,7,HCM1,South,2024-11-13,Approved,159350706
719,719,30384,41,HCM2,North,2024-04-04,Processing,329865247
720,720,28017,13,DN1,Central,2024-09-29,Rejected,483781819
721,721,85880,18,HCM1,South,2024-01-28,Approved,364739629
722,722,18702,37,CT1,Central,2024-04-27,Rejected,68201593
725,725,50943,31,DN1,Central,2024-02-20,Approved,83086936
726,726,57926,2,CT1,Central,2024-07-26,Approved,46326702
727,727,39189,16,HCM1,South,2024-12-04,Approved,102758767
728,728,22763,9,HCM1,Central,2024-03-21,Approved,239647581
729,729,28384,9,HN1,South,2024-03-10,Processing,218540475
730,730,70100,38,HCM2,North,2024-01-30,Processing,234102231
731,731,19860,11,DN1,North,2024-09-30,Processing,393033788
734,734,33574,36,DN1,North,2024-09-05,Approved,235022610
738,738,14809,45,HCM1,Central,2024-02-19,Approved,280693714
739,739,42201,34,HCM1,South,2024-12-28,Approved,180513365
740,740,63330,9,HN1,South,2024-12-20,Approved,75612246
741,741,23456,24,HCM1,Central,2024-12-21,Approved,295734932
742,742,66397,8,HCM2,South,2024-07-09,Processing,205206638
743,743,48765,7,DN1,Central,2024-09-12,Approved,251538860
746,746,63932,3,CT1,South,2024-09-29,Approved,338895903
747,747,27100,28,DN1,Central,2024-01-01,Rejected,469061981
748,748,67091,6,CT1,South,2024-02-06,Processing,170128293
749,749,31949,44,HCM2,North,2024-03-20,Processing,304629050
750,750,80080,44,CT1,North,2024-08-26,Approved,160341096
754,754,17239,1,HCM1,South,2024-03-23,Processing,181416085
755,755,24489,36,HCM1,North,2024-07-12,Approved,47433363
756,756,68017,21,DN1,South,2024-09-13,Processing,131409497
758,758,53125,35,HCM1,South,2024-01-14,Approved,23093609
759,759,59922,13,CT1,South,2024-12-14,Approved,135733299
762,762,52944,44,CT1,South,2024-12-22,Processing,185088142
763,763,83963,47,HN1,South,2024-03-30,Rejected,328177960
764,764,34285,10,DN1,South,2024-02-25,Approved,76186107
765,765,47626,46,HCM2,South,2024-04-06,Approved,312808521
766,766,52808,13,HCM2,South,2024-04-02,Approved,165423739
767,767,98464,37,HCM1,South,2024-12-06,Rejected,325766706
768,768,63871,38,HN1,Central,2024-03-25,Approved,122049595
769,769,29198,24,HCM2,Central,2024-09-05,Processing,242181526
771,771,25254,22,CT1,South,2024-10-18,Approved,373615864
772,772,54238,17,HCM1,North,2024-10-02,Processing,325431358
774,774,49764,14,HCM2,Central,2024-05-03,Approved,347285502
775,775,87709,10,HN1,South,2024-05-11,Processing,430788264
776,776,47441,35,HCM1,Central,2024-04-24,Approved,59269128
777,777,63682,25,HCM2,Central,2024-09-30,Approved,270421245
778,778,69494,3,HCM1,North,2024-12-01,Processing,443375472
779,779,91317,47,HCM2,North,2024-05-10,Approved,341508359
780,780,75215,38,CT1,Central,2024-05-14,Processing,362096146
781,781,88587,17,HN1,Central,2024-03-26,Processing,360715891
782,782,16949,12,CT1,Central,2024-12-16,Approved,307424603
783,783,65393,24,HCM2,South,2024-03-24,Approved,276009050
784,784,83553,29,DN1,North,2024-11-23,Rejected,457124907
785,785,16941,43,CT1,South,2024-03-10,Processing,177274025
786,786,35934,25,DN1,North,2024-05-30,Approved,392286251
788,788,71886,26,HN1,North,2024-11-03,Approved,230257625
789,789,85745,38,DN1,Central,2024-04-15,Processing,166987522
790,790,93251,1,HCM2,North,2024-06-16,Rejected,388966852
793,793,52318,16,HCM2,South,2024-07-05,Processing,268000177
794,794,80173,47,CT1,North,2024-11-20,Approved,124418811
795,795,80390,17,HCM1,North,2024-09-21,Approved,109851187
796,796,62329,40,HCM2,Central,2024-12-30,Approved,104525011
797,797,53088,28,DN1,South,2024-04-09,Processing,284038364
798,798,49811,12,HCM1,North,2024-12-10,Processing,406174572
800,800,95392,42,CT1,South,2024-08-04,Approved,277255762
802,802,29963,30,HCM1,Central,2024-06-11,Approved,95962904
803,803,65123,41,HN1,South,2024-06-05,Approved,312928972
804,804,83477,34,DN1,Central,2024-09-10,Approved,417074638
805,805,24388,37,CT1,South,2025-01-03,Approved,114686718
806,806,15569,6,HCM2,South,2024-04-09,Approved,427158167
807,807,79836,7,HCM1,South,2024-01-18,Rejected,482729337
809,809,22015,32,HCM2,South,2024-04-09,Approved,285234123
811,811,16254,33,DN1,South,2024-08-07,Processing,123496568
814,814,90719,16,HN1,North,2024-05-08,Processing,39410744
815,815,81774,16,HCM1,South,2024-03-25,Processing,84891848
816,816,16090,43,HCM2,South,2024-10-11,Approved,453694676
818,818,32415,13,DN1,North,2024-02-28,Approved,299322235
820,820,68243,36,DN1,North,2024-06-10,Approved,346247992
821,821,51240,47,HN1,South,2024-10-12,Approved,337832106
822,822,93807,9,HCM2,South,2024-04-19,Approved,258813071
823,823,43434,32,CT1,North,2024-04-14,Rejected,319018195
824,824,79724,11,CT1,North,2024-08-16,Processing,134420583
825,825,85697,8,HCM1,Central,2024-07-10,Rejected,486575468
826,826,38732,33,HCM1,North,2024-03-13,Processing,75155803
827,827,21314,23,CT1,South,2024-11-16,Processing,429152421
828,828,33954,25,HCM1,South,2024-10-17,Approved,331916236
830,830,97044,45,HN1,Central,2024-12-27,Approved,23055589
831,831,97505,22,HN1,North,2024-02-26,Approved,210384575
832,832,46668,4,DN1,South,2024-04-23,Processing,76235592
835,835,49749,29,HCM1,South,2024-07-02,Approved,441535388
836,836,26907,41,DN1,Central,2024-04-25,Approved,30110619
838,838,61745,34,HCM1,South,2024-06-22,Processing,68549777
839,839,91818,34,HCM1,Central,2024-10-25,Approved,349699563
840,840,33624,28,HCM2,South,2024-07-09,Approved,61731770
843,843,32574,23,HCM1,South,2024-07-03,Approved,415042578
846,846,20478,4,HCM1,South,2024-12-21,Approved,412352044
847,847,65645,26,DN1,North,2024-11-09,Approved,442114290
848,848,29262,40,CT1,North,2024-07-16,Processing,29515822
852,852,89104,20,CT1,Central,2024-05-28,Approved,242570324
853,853,69399,11,DN1,South,2024-04-16,Processing,292829216
854,854,89714,15,HCM2,South,2024-09-19,Rejected,28661079
855,855,60428,32,DN1,South,2024-10-22,Approved,431703684
856,856,97731,28,HCM2,Central,2024-03-13,Processing,388937827
858,858,92558,41,HCM1,Central,2024-03-10,Approved,65030333
859,859,10055,17,HCM2,Central,2024-11-01,Approved,230389843
860,860,18717,26,HN1,South,2024-02-24,Approved,207545057
862,862,83686,7,DN1,South,2024-10-11,Approved,162170320
863,863,77661,42,HCM2,North,2024-11-29,Approved,302302282
864,864,54247,26,DN1,North,2024-01-09,Approved,219791797
866,866,14621,10,HN1,North,2024-11-27,Approved,241122606
867,867,25034,45,HCM2,South,2024-10-24,Approved,119154856
868,868,15126,19,HCM2,North,2024-07-04,Processing,349824895
869,869,15122,11,CT1,North,2024-06-28,Processing,398260131
871,871,92838,8,HCM1,North,2024-05-09,Processing,347828653
872,872,94717,40,DN1,South,2024-01-21,Processing,167025777
873,873,65658,4,HN1,South,2024-11-25,Approved,416766334
874,874,48638,47,CT1,Central,2024-03-08,Processing,43478035
875,875,77067,31,HCM2,Central,2024-06-30,Processing,130313779
876,876,98869,28,HCM1,Central,2024-08-31,Approved,375374572
878,878,45854,43,HCM2,North,2024-03-24,Processing,414653760
879,879,56271,1,HCM2,South,2024-11-15,Rejected,254355020
880,880,83688,49,DN1,Central,2024-07-07,Approved,441632331
881,881,48518,47,DN1,South,2024-11-11,Approved,358751591
882,882,20267,38,CT1,Central,2024-04-08,Approved,133538243
884,884,60448,47,HCM2,Central,2024-10-13,Approved,171239755
886,886,66793,41,CT1,Central,2024-08-03,Rejected,302901468
887,887,57915,46,CT1,Central,2024-05-05,Processing,122536043
888,888,14632,26,HCM2,North,2024-02-11,Approved,253705907
889,889,13596,49,HN1,Central,2024-04-10,Rejected,28369167
890,890,16168,5,HCM2,North,2024-02-02,Rejected,206065071
892,892,83794,41,HN1,South,2024-04-25,Processing,272351638
893,893,92152,11,HCM2,North,2024-09-04,Approved,223975425
894,894,36734,33,HCM1,North,2024-05-03,Rejected,188384837
896,896,36069,27,DN1,Central,2024-10-23,Approved,492334173
897,897,89905,34,HCM2,South,2024-07-26,Approved,358648254
898,898,22910,15,HN1,Central,2024-04-20,Processing,282308342
899,899,83479,32,HCM2,North,2024-10-07,Approved,255087985
900,900,87735,21,CT1,North,2024-02-25,Approved,451836059
901,901,91264,46,HN1,South,2024-02-26,Processing,330359553
902,902,33275,5,DN1,South,2024-10-19,Processing,86843553
903,903,82274,6,DN1,North,2024-04-27,Approved,61787344
904,904,91449,38,DN1,North,2024-11-03,Rejected,410324952
905,905,70004,22,HCM1,Central,2024-12-10,Processing,419118858
906,906,72981,18,HN1,North,2024-07-17,Approved,277803032
907,907,94659,14,HN1,Central,2024-11-19,Approved,338644148
908,908,64553,10,HCM1,South,2024-06-29,Rejected,439565246
910,910,44529,13,HCM1,North,2024-10-03,Approved,313539302
911,911,85703,31,HCM2,Central,2024-01-18,Processing,404689469
912,912,86090,30,CT1,Central,2024-03-05,Processing,59885049
914,914,13812,30,HCM1,Central,2024-06-19,Processing,30750118
915,915,38024,6,HCM1,North,2024-01-30,Approved,367948946
916,916,68656,29,HCM1,Central,2024-12-03,Processing,402579201
917,917,37285,8,HCM2,Central,2024-03-06,Rejected,415159210
919,919,81158,45,CT1,North,2024-03-15,Processing,72140574
920,920,82303,43,CT1,Central,2024-07-14,Approved,448280250
921,921,37139,44,DN1,North,2024-06-22,Rejected,397556391
923,923,66138,17,CT1,South,2024-07-09,Approved,225341631
925,925,23918,11,HN1,South,2024-06-29,Processing,52895857
926,926,95655,13,HN1,North,2024-11-25,Rejected,125809802
927,927,37446,11,HCM1,North,2024-04-20,Rejected,469271897
929,929,34818,28,HN1,Central,2024-06-14,Approved,407294988
930,930,14324,44,DN1,North,2024-10-31,Approved,254973404
931,931,86323,6,DN1,North,2024-07-25,Processing,353621103
932,932,19111,41,HCM1,North,2024-03-20,Approved,65172119
933,933,48110,16,HN1,North,2024-01-17,Approved,459958397
934,934,26389,4,DN1,South,2024-11-25,Approved,424188270
935,935,51427,35,HCM1,Central,2024-04-07,Processing,102671025
936,936,89579,48,HN1,South,2024-05-26,Approved,497192038
938,938,97886,12,HN1,Central,2024-01-14,Approved,422535052
939,939,10117,11,HN1,South,2024-05-07,Approved,353254610
941,941,23234,25,CT1,South,2024-05-23,Rejected,485103901
942,942,63441,18,HCM2,Central,2024-11-23,Approved,38860282
943,943,10846,19,HCM2,Central,2024-06-02,Approved,149490415
944,944,20954,23,HN1,North,2024-10-17,Processing,497977269
946,946,56514,18,HCM2,Central,2024-12-08,Approved,135125502
948,948,16469,6,HCM1,North,2024-08-27,Approved,262640118
950,950,52101,44,DN1,Central,2024-07-20,Processing,110319973
951,951,74323,29,HN1,North,2024-08-02,Processing,364811812
952,952,68067,34,HCM1,Central,2024-02-15,Processing,448998040
953,953,59376,17,CT1,Central,2024-04-07,Rejected,308277496
954,954,55587,43,HCM1,North,2024-10-09,Processing,185422765
956,956,77584,16,HCM2,South,2024-12-02,Processing,491440310
957,957,88477,2,CT1,South,2024-02-15,Approved,221285201
959,959,11828,8,HCM2,South,2024-10-08,Approved,320876606
960,960,11917,13,DN1,Central,2024-04-07,Approved,104323946
961,961,30618,42,HN1,North,2024-02-07,Rejected,317201260
962,962,42254,8,HN1,North,2024-04-21,Approved,115341709
963,963,57362,30,CT1,South,2024-02-27,Approved,22854414
964,964,30128,32,HCM1,Central,2024-07-11,Approved,424169164
967,967,92180,30,CT1,Central,2024-03-12,Processing,274528489
968,968,97958,1,HCM1,Central,2024-11-12,Approved,92686723
969,969,19865,43,DN1,North,2024-05-12,Approved,181757058
970,970,12219,39,HCM1,Central,2024-02-24,Approved,496460460
972,972,15287,20,HCM2,Central,2024-12-05,Approved,172157331
973,973,44387,24,HN1,South,2024-03-30,Processing,254662002
975,975,11342,29,CT1,South,2024-05-01,Processing,321003017
977,977,29216,44,DN1,Central,2024-12-01,Approved,449070979
978,978,89767,9,HN1,South,2024-06-06,Processing,27096147
979,979,36614,37,DN1,South,2024-02-05,Processing,388723030
980,980,46258,10,HCM1,Central,2024-03-20,Approved,165350019
981,981,52078,36,CT1,Central,2024-03-07,Approved,200863496
982,982,93524,37,DN1,North,2024-12-11,Approved,69757800
983,983,22219,28,HN1,South,2024-02-06,Processing,321183919
984,984,10235,28,CT1,Central,2024-04-09,Approved,154478565
985,985,52929,42,CT1,South,2024-06-19,Approved,232725788
987,987,18567,21,DN1,South,2024-05-31,Approved,162093308
988,988,80792,24,HCM2,North,2024-03-14,Processing,117642584
990,990,94555,40,CT1,Central,2024-11-13,Approved,493703202
991,991,83698,2,HCM2,South,2024-02-02,Approved,178280481
993,993,46159,48,HCM1,North,2024-03-26,Approved,322524845
994,994,53925,27,CT1,South,2024-02-16,Approved,386527340
995,995,15951,22,HCM1,North,2024-04-14,Approved,278502027
996,996,97388,37,HCM2,North,2024-01-01,Processing,47496367
997,997,18007,27,DN1,Central,2024-03-03,Approved,224028878
998,998,51832,29,CT1,Central,2024-09-28,Processing,275324865
999,999,68596,3,HCM2,North,2024-06-30,Approved,350142854
1002,1002,96740,45,CT1,North,2024-04-12,Rejected,82060889
1003,1003,25524,10,DN1,South,2024-01-13,Processing,215407614
1004,1004,29282,36,CT1,North,2024-03-12,Processing,232358083
1006,1006,10077,27,HCM2,Central,2024-08-14,Approved,416122299
1008,1008,26984,1,HN1,Central,2024-08-15,Approved,351903100
1011,1011,94056,29,HCM2,North,2024-04-08,Processing,99930353
1012,1012,53303,7,DN1,South,2024-03-16,Processing,484651452
1013,1013,69207,49,HN1,South,2024-04-25,Processing,226345507
1014,1014,85046,3,DN1,South,2024-07-12,Processing,371202046
1015,1015,39287,20,HCM2,South,2024-06-21,Approved,91574361
1016,1016,49711,20,HN1,Central,2024-11-05,Approved,62164636
1018,1018,83340,35,HCM1,South,2024-02-29,Processing,307001877
1019,1019,82101,35,HCM2,South,2024-07-26,Approved,23923790
1020,1020,81520,49,HCM2,South,2024-02-11,Processing,350061077
1022,1022,28574,27,DN1,South,2024-01-19,Rejected,480432935
1023,1023,19184,26,HCM1,South,2024-03-04,Approved,184687973
1024,1024,29096,14,HCM2,South,2024-06-03,Approved,465323604
1027,1027,21246,45,HCM1,North,2024-11-15,Approved,323241502
1029,1029,28381,20,DN1,North,2024-05-12,Approved,299497094
1030,1030,46455,27,DN1,South,2024-05-08,Approved,370056940
1031,1031,14018,18,HCM1,South,2024-10-22,Processing,160395330
1032,1032,21302,4,HN1,Central,2024-04-24,Approved,461891679
1033,1033,77506,1,DN1,Central,2024-07-17,Approved,457591107
1034,1034,51157,1,HCM1,North,2024-01-17,Rejected,337024437
1037,1037,34519,20,HCM1,Central,2024-08-05,Processing,39505691
1039,1039,66819,10,DN1,North,2024-07-23,Approved,197238728
1041,1041,81324,41,HCM2,South,2024-01-25,Processing,35362501
1042,1042,15408,41,DN1,South,2024-04-14,Processing,79891203
1043,1043,69379,5,HCM2,South,2024-06-24,Approved,21033468
1045,1045,19446,17,HCM1,Central,2024-06-14,Processing,346572007
1046,1046,10922,22,DN1,Central,2024-02-10,Processing,121438380
1047,1047,61356,34,DN1,South,2024-12-10,Approved,111868061
1049,1049,76656,41,HN1,North,2024-05-02,Approved,489013012
1050,1050,54028,29,HN1,South,2024-04-10,Approved,163032628
1051,1051,74484,4,HCM2,Central,2024-05-26,Processing,267881191
1052,1052,42154,5,HCM1,South,2024-08-07,Rejected,171639149
1054,1054,12336,21,CT1,South,2024-11-11,Approved,167290600
1055,1055,77779,35,HN1,South,2024-05-13,Approved,63360379
1056,1056,29029,12,HN1,Central,2024-12-20,Processing,316664179
1057,1057,69201,26,HCM1,North,2024-11-13,Processing,427978287
1059,1059,53872,45,HCM1,South,2024-11-23,Approved,289921927
1061,1061,65180,47,HN1,Central,2024-09-30,Approved,25561183
1062,1062,33710,7,CT1,Central,2024-04-27,Processing,414235661
1063,1063,39486,26,DN1,South,2024-11-01,Approved,154743111
1065,1065,81895,5,HCM2,North,2024-06-18,Approved,224682914
1066,1066,74435,21,HCM1,North,2024-07-21,Processing,490959187
1067,1067,50631,14,HN1,Central,2024-12-09,Rejected,304734458
1071,1071,94291,20,DN1,South,2024-03-18,Rejected,401848321
1073,1073,30609,45,HCM1,Central,2024-10-01,Approved,478738244
1075,1075,49666,8,HCM1,South,2024-08-02,Approved,456291791
1076,1076,85683,41,DN1,Central,2024-04-10,Approved,178255919
1077,1077,81315,48,DN1,Central,2024-02-15,Approved,130307333
1078,1078,87834,19,DN1,North,2024-03-25,Processing,341528058
1081,1081,22999,46,HCM2,South,2024-01-14,Processing,345170763
1082,1082,65318,28,CT1,Central,2024-06-05,Approved,197470357
1083,1083,10814,46,CT1,Central,2024-08-12,Approved,402773901
1084,1084,86077,27,DN1,North,2024-05-12,Approved,448844014
1085,1085,12443,4,CT1,South,2024-12-06,Processing,150780555
1086,1086,85993,15,CT1,South,2024-02-18,Approved,335643969
1087,1087,85916,35,DN1,North,2024-04-20,Processing,246805235
1088,1088,83319,37,DN1,South,2024-04-19,Approved,229071085
1089,1089,27368,1,HCM2,South,2024-09-21,Processing,285773521
1090,1090,25328,3,HN1,South,2024-07-27,Processing,105016861
1091,1091,66942,47,HCM1,South,2024-03-19,Processing,168573838
1092,1092,37306,24,DN1,South,2024-06-06,Rejected,309958244
1093,1093,95451,27,DN1,South,2024-09-29,Approved,112548233
1094,1094,49915,40,CT1,South,2024-09-06,Processing,194116026
1096,1096,90879,34,CT1,Central,2024-12-13,Processing,171567567
1097,1097,74644,29,DN1,North,2024-01-29,Approved,419312378
1099,1099,63028,24,CT1,North,2024-06-02,Rejected,345488225
1100,1100,10126,42,DN1,South,2024-06-06,Approved,341610953
1101,1101,62329,4,HN1,South,2024-06-26,Approved,128247728
1103,1103,75310,34,HCM1,North,2024-12-07,Approved,288324235
1104,1104,65176,49,HCM1,North,2024-06-29,Rejected,88752085
1105,1105,96066,23,HN1,Central,2024-05-13,Processing,466435432
1106,1106,54327,23,DN1,Central,2024-10-24,Approved,44968818
1107,1107,78904,45,CT1,North,2024-10-04,Approved,162440346
1108,1108,13797,5,HCM2,South,2024-10-02,Processing,498161577
1109,1109,57882,31,DN1,South,2024-03-16,Processing,383871048
1110,1110,23718,41,HN1,North,2024-06-28,Processing,34536609
1111,1111,44560,6,HN1,South,2024-07-06,Approved,384369086
1113,1113,32116,10,DN1,Central,2024-05-13,Approved,437666737
1114,1114,46244,40,HCM1,Central,2024-12-31,Approved,222883682
1115,1115,11645,7,HCM2,North,2024-02-19,Approved,105398749
1117,1117,29256,38,HCM2,North,2024-06-06,Approved,287327618
1120,1120,49282,3,HCM1,North,2024-11-07,Approved,299071173
1121,1121,73374,22,CT1,Central,2024-12-23,Processing,489805674
1122,1122,78244,47,HN1,South,2024-04-28,Approved,113083274
1124,1124,66264,28,HCM2,Central,2024-02-19,Processing,110672628
1126,1126,67545,38,HN1,North,2024-12-22,Approved,276463889
1127,1127,49224,36,HCM2,South,2024-07-11,Approved,382263260
1128,1128,23224,47,HN1,Central,2024-11-07,Approved,41990547
1129,1129,50738,41,HCM2,South,2024-11-13,Processing,339426566
1131,1131,73731,13,HCM1,North,2024-02-19,Approved,84739287
1132,1132,59688,23,DN1,North,2024-01-26,Processing,246250810
1133,1133,83509,30,HN1,Central,2024-09-24,Processing,162008888
1134,1134,18577,37,HN1,North,2024-04-30,Approved,29143153
1136,1136,18666,48,HCM1,South,2024-07-18,Approved,209737240
1137,1137,67761,27,HCM1,North,2024-06-06,Approved,61596938
1138,1138,46368,14,CT1,Central,2024-12-13,Processing,137855375
1141,1141,80507,36,HCM1,Central,2024-12-04,Approved,322924351
1142,1142,89026,39,DN1,North,2024-03-14,Approved,131132454
1145,1145,55765,21,CT1,Central,2024-10-27,Approved,384359990
1146,1146,29956,21,HN1,South,2024-06-05,Approved,414648521
1147,1147,97895,8,DN1,Central,2024-04-03,Processing,116020522
1148,1148,56240,49,CT1,Central,2024-12-02,Processing,355002250
1150,1150,14757,31,CT1,Central,2024-06-12,Approved,289953287
1151,1151,29097,42,HN1,Central,2024-01-27,Approved,363445274
1153,1153,26241,32,HN1,Central,2024-10-29,Approved,228614123
1154,1154,37696,34,HCM2,North,2024-08-03,Processing,425508479
1155,1155,80480,9,HN1,Central,2024-03-03,Processing,27769746
1156,1156,56163,17,HN1,North,2024-03-10,Processing,456416435
1157,1157,29816,11,HN1,North,2024-09-13,Approved,418628810
1158,1158,59840,32,DN1,North,2024-01-06,Processing,291642393
1159,1159,62853,10,HN1,South,2024-04-18,Approved,285683580
1160,1160,34917,22,HCM2,Central,2024-10-13,Processing,362196602
1163,1163,72823,48,HCM1,South,2024-08-09,Rejected,229011043
1165,1165,85520,25,CT1,Central,2024-09-25,Approved,443423201
1166,1166,11759,21,CT1,South,2024-03-18,Processing,147346706
1167,1167,51949,37,DN1,South,2024-08-03,Processing,345245764
1168,1168,12482,38,HCM1,Central,2024-04-10,Processing,107623759
1169,1169,34442,49,HCM2,North,2024-08-25,Processing,463854334
1171,1171,68066,25,CT1,Central,2024-05-31,Processing,309551298
1172,1172,12079,36,CT1,North,2024-11-03,Approved,63911511
1173,1173,12717,17,CT1,South,2024-03-06,Approved,404456286
1174,1174,69676,41,DN1,South,2024-08-21,Processing,133551097
1175,1175,37952,24,HCM1,Central,2024-03-31,Processing,21825218
1179,1179,99106,32,HN1,Central,2024-12-04,Approved,39148340
1182,1182,74077,1,CT1,North,2024-05-13,Processing,416395504
1184,1184,58302,23,CT1,North,2024-10-06,Approved,310525274
1187,1187,48000,34,HCM1,Central,2024-07-01,Approved,204297718
1188,1188,36737,41,HN1,North,2024-09-24,Processing,474562652
1189,1189,21485,29,HCM2,Central,2024-10-24,Rejected,381189191
1190,1190,48565,9,CT1,North,2024-11-18,Approved,358389897
1191,1191,35522,13,HCM1,South,2024-04-09,Processing,416353940
1192,1192,75155,6,DN1,South,2024-03-19,Approved,410911214
1194,1194,62487,20,DN1,North,2024-12-04,Approved,46867533
1195,1195,22342,3,CT1,Central,2024-06-12,Processing,344035520
1196,1196,50806,17,CT1,North,2024-02-16,Processing,23854973
1197,1197,58770,49,HN1,North,2024-08-25,Approved,146470725
1198,1198,88623,12,HN1,North,2024-05-17,Approved,225121509
1199,1199,85629,48,HN1,North,2024-07-12,Approved,252514038
1200,1200,62603,47,DN1,Central,2024-12-22,Approved,466719238
1201,1201,91974,45,CT1,North,2024-10-04,Processing,211172431
1203,1203,95382,17,HN1,South,2024-01-15,Processing,44401969
1204,1204,91244,3,CT1,South,2024-07-01,Processing,413486041
1205,1205,86534,26,HCM2,North,2024-05-05,Processing,165605540
1206,1206,65106,15,HCM1,Central,2024-09-02,Approved,73252389
1207,1207,40678,36,HCM1,Central,2024-08-12,Processing,174490737
1208,1208,86218,32,HN1,Central,2024-02-24,Processing,287796629
1209,1209,73230,32,DN1,North,2024-03-12,Processing,451613319
1210,1210,84055,4,HCM2,Central,2024-02-18,Approved,399734823
1211,1211,66373,18,CT1,South,2024-01-23,Approved,398170205
1212,1212,41480,49,DN1,Central,2024-09-19,Approved,131314459
1213,1213,95230,19,HN1,North,2024-03-27,Processing,30265869
1214,1214,78836,43,DN1,North,2024-06-06,Approved,289262399
1216,1216,49986,40,HCM1,North,2024-04-20,Approved,254822934
1217,1217,34160,14,HCM1,Central,2024-12-24,Approved,412281669
1218,1218,95595,33,DN1,Central,2024-11-03,Processing,380067522
1219,1219,89111,14,HCM2,South,2024-05-18,Processing,158732273
1220,1220,74929,34,CT1,North,2024-03-09,Approved,461170064
1222,1222,44911,24,CT1,North,2024-05-22,Approved,127878578
1223,1223,97127,29,HCM1,Central,2024-07-12,Processing,67653677
1224,1224,41821,19,HCM2,North,2024-03-13,Processing,350488229
1226,1226,70535,33,CT1,North,2024-06-29,Processing,333689406
1227,1227,94458,49,HCM1,South,2024-10-23,Processing,190869537
1228,1228,22175,40,CT1,South,2024-01-11,Processing,382915397
1229,1229,64771,19,DN1,Central,2024-09-27,Approved,164884106
1230,1230,96925,1,HCM2,South,2024-04-02,Processing,188026423
1231,1231,76358,5,HCM2,Central,2024-01-18,Approved,82407570
1232,1232,27327,27,DN1,Central,2024-06-05,Approved,80430658
1233,1233,57057,16,HCM1,Central,2024-11-27,Approved,252267771
1235,1235,14425,40,HN1,Central,2024-09-25,Processing,136288432
1236,1236,26032,13,HN1,South,2024-11-27,Processing,117597490
1237,1237,12198,48,HCM1,North,2024-04-19,Approved,86546166
1238,1238,70500,35,DN1,South,2024-02-08,Approved,355552744
1241,1241,46220,16,CT1,South,2024-01-16,Approved,429358732
1243,1243,23859,10,HN1,South,2024-05-22,Approved,137853175
1244,1244,60460,25,DN1,Central,2024-10-24,Approved,51781482
1245,1245,41419,20,HN1,North,2024-12-29,Approved,39541570
1248,1248,33236,44,HCM1,South,2024-02-04,Approved,287795044
1249,1249,97955,23,HCM2,Central,2024-06-20,Approved,341216944
1250,1250,95514,2,HCM2,South,2024-01-13,Processing,499490696
1251,1251,25358,22,DN1,North,2024-05-05,Processing,229739471
1252,1252,86918,37,DN1,Central,2024-05-26,Approved,145799994
1253,1253,24596,8,HN1,Central,2024-08-13,Approved,69171197
1254,1254,43572,7,HCM2,North,2024-09-14,Approved,59092009
1255,1255,88757,14,HN1,South,2024-09-25,Approved,333657483
1258,1258,72516,19,CT1,Central,2024-12-21,Approved,332405398
1259,1259,17083,18,HCM1,South,2024-04-19,Approved,477315363
1260,1260,27771,16,HN1,South,2024-03-26,Processing,437343779
1262,1262,55648,33,HCM2,South,2024-04-30,Rejected,460744146
1264,1264,29063,12,DN1,Central,2024-12-04,Processing,236788212
1265,1265,77642,11,HCM1,North,2024-07-18,Approved,347348807
1266,1266,96143,5,HCM2,South,2024-01-23,Approved,424075698
1267,1267,47599,27,CT1,South,2024-05-12,Rejected,189410517
1268,1268,61920,12,HCM1,South,2024-01-13,Processing,157350259
1269,1269,38529,17,DN1,South,2024-03-23,Approved,437899362
1270,1270,45954,6,HCM2,Central,2024-11-28,Approved,451212368
1271,1271,37856,33,HCM2,South,2024-12-22,Approved,46509260
1272,1272,12573,5,HCM1,Central,2024-09-20,Approved,278761279
1273,1273,88344,28,HCM2,South,2024-05-04,Processing,282705335
1277,1277,65029,48,HCM1,North,2024-11-25,Approved,464887326
1278,1278,27685,41,HCM1,North,2024-01-04,Approved,476181830
1279,1279,61693,19,CT1,North,2024-01-10,Rejected,178635980
1280,1280,65961,22,DN1,North,2024-09-10,Rejected,458734214
1281,1281,86908,5,HN1,North,2024-05-21,Processing,78634855
1282,1282,84532,2,HN1,South,2024-05-04,Processing,291241913
1283,1283,91994,30,CT1,South,2024-11-06,Processing,252723149
1286,1286,48243,4,CT1,South,2024-07-31,Approved,247372239
1287,1287,67384,33,HN1,South,2024-04-24,Approved,186273995
1290,1290,49952,7,DN1,South,2024-12-30,Rejected,344932014
1291,1291,32180,15,DN1,South,2024-09-10,Processing,70161897
1292,1292,88411,23,HN1,Central,2024-01-14,Approved,154462130
1293,1293,11622,14,HN1,Central,2024-08-27,Rejected,317865441
1294,1294,58756,23,HCM2,South,2024-09-02,Approved,61161742
1295,1295,50809,19,HCM2,Central,2024-12-08,Processing,340166819
1296,1296,26725,29,CT1,North,2024-05-31,Approved,151056268
1297,1297,71396,20,HCM1,North,2024-08-27,Processing,44486334
1298,1298,61226,29,HCM2,North,2024-11-03,Approved,103727703
1299,1299,91182,24,HN1,Central,2024-06-18,Processing,34151863
1301,1301,39402,10,CT1,South,2024-08-07,Approved,95124198
1302,1302,14263,41,HCM2,South,2024-12-09,Approved,92758004
1303,1303,56828,8,DN1,Central,2024-05-16,Approved,335910127
1304,1304,57924,26,DN1,Central,2024-05-09,Rejected,406699648
1305,1305,84182,29,HCM2,North,2024-10-21,Approved,33705365
1307,1307,21664,17,HCM1,North,2024-07-10,Rejected,28474496
1308,1308,45737,2,CT1,North,2024-02-13,Approved,37685153
1309,1309,99563,6,HCM1,South,2024-03-28,Approved,79452749
1310,1310,39373,5,CT1,Central,2024-02-16,Approved,321492869
1312,1312,96145,41,HCM2,South,2024-05-24,Approved,253219424
1314,1314,71120,18,CT1,Central,2024-08-30,Processing,455513949
1315,1315,29250,26,HCM1,North,2024-10-22,Approved,281014293
1317,1317,21555,41,CT1,North,2024-09-22,Rejected,70950188
1320,1320,63276,49,HCM2,South,2024-09-07,Approved,54528648
1321,1321,67492,12,DN1,Central,2024-03-12,Rejected,91818293
1322,1322,63002,7,HCM2,North,2024-12-10,Approved,404899356
1323,1323,99599,3,HCM2,North,2024-02-26,Rejected,440141374
1324,1324,82355,10,HCM1,North,2024-02-12,Approved,56930568
1325,1325,34762,34,HCM1,South,2024-10-18,Processing,149420118
1328,1328,63302,16,HCM2,Central,2024-11-12,Approved,414348410
1329,1329,33150,2,DN1,Central,2024-08-31,Approved,321646166
1330,1330,78247,24,HCM2,South,2024-12-20,Processing,461320837
1331,1331,14853,10,CT1,South,2024-11-02,Rejected,167191119
1332,1332,99399,38,HCM2,Central,2024-10-28,Approved,401800039
1335,1335,84478,43,HCM1,Central,2024-04-21,Approved,195981991
1336,1336,77298,39,HCM2,Central,2024-06-30,Rejected,133115069
1337,1337,41987,27,DN1,North,2024-02-01,Approved,358139117
1339,1339,22112,47,HCM2,Central,2024-10-08,Approved,349829390
1342,1342,48890,27,HCM2,Central,2024-10-07,Approved,387886026
1343,1343,76017,41,DN1,North,2024-08-15,Processing,191181351
1344,1344,57304,20,HCM1,Central,2024-02-28,Approved,95470366
1346,1346,11524,19,HCM2,South,2024-08-19,Approved,152482106
1347,1347,25048,20,HCM2,North,2024-12-09,Approved,417956001
1348,1348,45111,35,DN1,Central,2024-10-13,Processing,407712300
1349,1349,47904,47,HCM1,South,2024-03-06,Approved,117349680
1351,1351,44008,30,HN1,South,2024-10-16,Approved,499004734
1352,1352,10060,34,HCM1,Central,2024-08-03,Processing,173641675
1354,1354,93559,3,HCM1,Central,2024-01-18,Processing,191161418
1356,1356,23350,15,CT1,Central,2024-08-16,Approved,155821564
1357,1357,34354,27,HCM2,North,2024-08-15,Processing,350220346
1359,1359,38145,9,HN1,North,2024-10-18,Processing,404587653
1360,1360,44020,33,HN1,North,2024-09-06,Processing,62325361
1361,1361,96123,32,HCM1,South,2024-04-23,Rejected,321699838
1362,1362,85186,48,HCM1,Central,2024-09-11,Approved,23259066
1363,1363,95469,6,HCM2,North,2024-04-01,Processing,433117174
1364,1364,30581,41,HCM1,Central,2024-03-15,Approved,44856841
1365,1365,98929,36,DN1,South,2024-02-02,Approved,120366657
1367,1367,61474,29,DN1,Central,2024-11-04,Approved,170562726
1368,1368,79626,4,CT1,North,2024-12-12,Approved,96908704
1369,1369,16960,1,DN1,North,2024-06-27,Approved,389775850
1370,1370,45772,19,HCM1,South,2024-05-18,Approved,491957173
1371,1371,31520,26,HCM1,Central,2024-07-13,Processing,205056199
1372,1372,59481,25,DN1,South,2024-07-07,Approved,222997235
1373,1373,46408,10,HN1,South,2024-08-07,Rejected,95247532
1374,1374,67134,15,HN1,South,2024-06-14,Processing,421502625
1375,1375,30491,22,HN1,North,2024-06-10,Approved,211673294
1376,1376,11341,48,HCM2,North,2024-01-13,Processing,484759784
1377,1377,54623,21,CT1,Central,2024-10-22,Approved,475791226
1378,1378,10338,22,DN1,Central,2024-03-29,Approved,336608158
1380,1380,22254,34,HN1,North,2024-02-12,Processing,284113077
1381,1381,61860,30,DN1,North,2024-07-29,Approved,395706571
1384,1384,64756,28,HN1,South,2024-10-05,Processing,64641249
1385,1385,77957,1,HCM2,South,2024-10-05,Processing,168014212
1386,1386,68053,49,HCM1,North,2024-09-07,Processing,341064170
1387,1387,80855,45,HN1,South,2024-11-05,Processing,204407343
1389,1389,65761,7,HN1,Central,2024-11-19,Approved,241330266
1390,1390,72552,49,CT1,South,2024-05-22,Approved,24540774
1392,1392,37935,36,CT1,North,2024-02-03,Processing,181183426
1393,1393,47641,19,DN1,South,2024-11-04,Approved,28002512
1397,1397,97833,9,CT1,Central,2024-01-05,Approved,364011705
1398,1398,66276,45,HCM2,South,2024-07-02,Rejected,382586900
1399,1399,29541,46,CT1,North,2024-01-15,Rejected,384750724
1400,1400,92310,42,DN1,South,2024-12-04,Rejected,48152507
1401,1401,54813,32,DN1,South,2024-10-12,Approved,33056454
1402,1402,47198,32,HCM2,South,2024-09-15,Processing,482503685
1403,1403,18820,6,HCM2,South,2024-04-03,Approved,385769968
1405,1405,79768,38,HCM1,Central,2024-07-06,Approved,126732208
1406,1406,21122,17,HCM1,North,2024-09-09,Rejected,22061854
1407,1407,90559,10,HCM1,Central,2024-09-14,Approved,229147686
1408,1408,83543,27,DN1,South,2024-03-17,Processing,412772287
1409,1409,93441,35,HCM1,Central,2024-04-17,Processing,153475096
1410,1410,51786,21,HN1,South,2024-06-04,Approved,45730360
1411,1411,16737,25,HN1,North,2024-03-26,Approved,400089171
1412,1412,46062,28,HCM1,North,2024-03-20,Approved,275813730
1413,1413,64237,47,HCM2,Central,2024-09-16,Processing,208288906
1414,1414,61571,15,HN1,South,2024-05-08,Rejected,50563452
1415,1415,35510,4,HCM2,South,2024-10-10,Approved,431090222
1416,1416,29426,29,DN1,Central,2024-04-01,Approved,342273911
1417,1417,47265,9,HN1,South,2024-07-26,Approved,424256051
1418,1418,27850,27,HCM2,South,2024-01-16,Approved,368605202
1419,1419,76150,26,HCM1,South,2024-06-03,Approved,120981554
1420,1420,97312,19,DN1,North,2024-09-12,Rejected,252663085
1421,1421,99613,28,CT1,North,2024-07-06,Approved,139402578
1424,1424,45435,41,DN1,North,2024-10-01,Approved,89378560
1425,1425,67132,42,DN1,South,2024-01-06,Approved,418231444
1426,1426,88945,20,DN1,South,2024-11-27,Approved,122916401
1427,1427,92050,45,DN1,Central,2024-11-04,Processing,80585174
1429,1429,30662,39,HCM2,North,2024-06-20,Rejected,144944099
1430,1430,33510,49,DN1,North,2024-06-30,Rejected,192219857
1431,1431,88187,23,HCM2,South,2025-01-02,Processing,33143783
1432,1432,50998,47,DN1,North,2024-06-30,Processing,142537671
1433,1433,66846,32,HN1,South,2024-05-24,Approved,464091274
1435,1435,54547,33,HN1,South,2024-09-04,Approved,101661668
1436,1436,64620,46,DN1,South,2024-05-06,Processing,337302649
1437,1437,25317,5,HCM2,Central,2024-09-22,Approved,47362248
1438,1438,17564,43,CT1,North,2024-02-12,Approved,120628346
1439,1439,37345,48,HCM1,Central,2024-12-22,Approved,224146145
1440,1440,89273,34,CT1,Central,2024-09-12,Processing,158140657
1441,1441,84859,40,DN1,South,2024-05-23,Approved,499147169
1442,1442,90765,11,HN1,South,2024-08-28,Processing,337304800
1443,1443,84038,3,HN1,Central,2024-08-16,Processing,347084426
1444,1444,62393,33,HCM2,North,2024-12-10,Approved,100144448
1445,1445,76081,11,DN1,Central,2024-07-19,Rejected,309216104
1446,1446,39430,16,CT1,North,2024-03-06,Approved,228036561
1447,1447,85532,18,DN1,Central,2024-01-11,Processing,474183154
1450,1450,23919,10,CT1,Central,2024-05-30,Approved,291922446
1451,1451,79346,18,HCM1,South,2024-08-10,Rejected,56017116
1452,1452,49974,38,HN1,Central,2024-12-08,Approved,323892794
1453,1453,26371,19,CT1,South,2024-08-27,Approved,469451496
1455,1455,39629,13,HN1,North,2024-08-06,Processing,119141253
1457,1457,71916,3,HN1,Central,2024-05-03,Processing,345661557
1459,1459,72187,38,CT1,South,2024-07-11,Approved,348759384
1461,1461,43039,27,HN1,South,2024-03-10,Approved,414305622
1462,1462,95431,46,HCM2,Central,2024-04-17,Processing,31381858
1463,1463,93691,8,HN1,South,2024-12-03,Approved,280299576
1464,1464,68606,46,HN1,North,2024-06-11,Approved,224740445
1465,1465,20616,42,HCM1,Central,2024-11-08,Approved,485263443
1467,1467,34574,9,HCM1,South,2024-10-28,Rejected,265211305
1468,1468,13430,6,HCM2,South,2024-04-01,Approved,74491698
1471,1471,42733,39,CT1,Central,2024-12-21,Processing,244988626
1472,1472,95680,49,HCM1,North,2024-08-08,Approved,21762878
1473,1473,12050,28,HCM2,North,2024-01-10,Approved,441724300
1474,1474,43933,33,HCM2,South,2024-01-16,Approved,208252313
1477,1477,44801,18,CT1,North,2024-07-03,Approved,437276474
1479,1479,42913,2,CT1,Central,2024-11-09,Approved,479179826
1480,1480,50600,43,HCM1,Central,2024-04-10,Approved,135980346
1482,1482,45400,40,CT1,Central,2025-01-04,Approved,122676351
1484,1484,90688,43,HCM1,North,2024-12-01,Approved,241814612
1486,1486,84691,15,HCM1,South,2024-04-19,Rejected,284859126
1487,1487,53001,28,HN1,North,2024-12-31,Processing,49193726
1488,1488,77364,18,HCM2,Central,2024-02-29,Processing,83880162
1489,1489,55028,34,HCM2,North,2024-03-21,Approved,396684862
1491,1491,10806,11,HN1,North,2024-02-13,Rejected,216481899
1492,1492,66638,13,HN1,Central,2024-11-23,Processing,111536290
1493,1493,39757,4,HN1,Central,2024-07-02,Approved,318643475
1495,1495,90097,7,HCM1,North,2024-03-12,Approved,81910278
1497,1497,34262,24,HN1,South,2024-04-17,Processing,177653166
1499,1499,72211,28,DN1,North,2024-04-14,Rejected,40402243
1500,1500,64842,15,HCM1,South,2024-09-14,Processing,319433128
1501,1501,66979,1,HN1,Central,2024-11-06,Approved,440748082
1502,1502,91470,3,HCM1,North,2024-03-17,Approved,287888585
1504,1504,51844,38,CT1,North,2024-05-25,Approved,55065256
1506,1506,44157,38,CT1,Central,2024-09-21,Processing,186466932
1507,1507,87129,38,HCM1,South,2024-08-09,Rejected,250294819
1508,1508,50042,21,HN1,Central,2024-03-24,Approved,192776010
1509,1509,71665,48,HCM2,North,2024-06-30,Approved,446789947
1510,1510,92856,29,HCM2,South,2024-11-02,Processing,476085279
1511,1511,37376,5,DN1,North,2024-01-12,Processing,423966751
1513,1513,24199,10,CT1,North,2024-12-18,Rejected,169908319
1514,1514,91412,28,HCM2,Central,2024-12-03,Approved,37146084
1515,1515,60948,21,HCM2,North,2024-10-20,Rejected,46424418
1517,1517,82750,3,HN1,North,2024-08-02,Processing,146347378
1518,1518,76262,45,DN1,Central,2024-04-08,Processing,203414582
1520,1520,86898,20,DN1,Central,2024-01-11,Processing,300765643
1521,1521,72483,19,CT1,North,2024-03-01,Approved,406770437
1522,1522,28297,35,HN1,North,2024-11-05,Approved,183908943
1523,1523,40448,4,HN1,Central,2024-05-26,Approved,190254354
1524,1524,36172,5,HCM2,North,2024-03-04,Processing,279335656
1526,1526,17657,4,CT1,North,2024-08-13,Approved,77152807
1528,1528,35425,27,HCM1,Central,2024-09-16,Approved,118447139
1529,1529,36685,42,DN1,South,2024-12-18,Processing,62899446
1530,1530,34578,23,HN1,North,2024-09-15,Processing,461913895
1531,1531,38831,25,HCM1,North,2024-07-25,Approved,344034838
1533,1533,71413,24,DN1,Central,2024-06-20,Approved,418863140
1534,1534,64028,25,HCM1,Central,2024-12-02,Approved,366531629
1536,1536,43660,46,HCM1,South,2024-04-29,Processing,428365422
1537,1537,85758,32,CT1,Central,2024-03-13,Approved,399660183
1538,1538,70504,32,HCM1,North,2024-12-20,Rejected,291930551
1540,1540,44701,36,HCM1,South,2024-01-05,Approved,221740115
1543,1543,93560,49,HCM1,South,2024-08-08,Processing,311938091
1546,1546,75160,16,HCM1,Central,2024-12-15,Approved,287755208
1547,1547,27602,33,DN1,South,2024-12-13,Processing,356735312
1550,1550,39192,9,HCM2,North,2024-09-04,Rejected,71219960
1551,1551,56542,6,DN1,South,2024-04-02,Approved,50013885
1552,1552,52520,45,HN1,North,2024-02-20,Processing,306558832
1557,1557,35559,5,HN1,Central,2024-11-19,Processing,226488285
1559,1559,79669,23,DN1,South,2024-08-03,Approved,379949061
1560,1560,90199,17,HN1,Central,2024-02-22,Processing,374605961
1561,1561,31754,12,CT1,North,2024-08-22,Approved,383773068
1562,1562,13972,23,CT1,Central,2024-09-05,Approved,25614330
1563,1563,80831,16,CT1,North,2024-08-30,Approved,433630092
1564,1564,51873,3,DN1,Central,2024-06-16,Processing,136730916
1565,1565,19903,30,HCM2,South,2024-02-17,Processing,111235020
1566,1566,13020,22,DN1,Central,2024-02-23,Processing,190958195
1567,1567,51755,9,CT1,South,2024-10-29,Rejected,31895242
1568,1568,95956,29,DN1,Central,2024-04-11,Processing,176023307
1569,1569,96988,47,CT1,Central,2024-08-07,Approved,54210939
1570,1570,55648,37,HCM1,Central,2024-06-25,Approved,181280683
1571,1571,19516,23,HCM1,North,2024-03-20,Processing,368610938
1572,1572,12396,13,HN1,North,2024-07-04,Approved,132858747
1575,1575,11591,47,CT1,North,2024-08-01,Processing,148422860
1577,1577,40561,23,DN1,South,2024-04-23,Approved,353485265
1579,1579,96231,17,DN1,North,2024-05-04,Processing,435964986
1580,1580,17314,40,HCM1,North,2024-11-04,Approved,436459334
1581,1581,29623,21,DN1,North,2024-03-16,Approved,329889548
1582,1582,77675,2,HCM1,Central,2024-11-07,Processing,356818296
1583,1583,75082,37,HCM1,North,2024-11-11,Approved,53889126
1584,1584,93624,6,HCM2,South,2024-07-16,Approved,222944355
1585,1585,43130,44,HN1,Central,2024-12-17,Processing,219144967
1587,1587,36292,30,HCM1,South,2024-07-05,Processing,44098953
1588,1588,96206,22,HN1,Central,2024-12-12,Approved,417238791
1589,1589,79274,33,CT1,South,2024-09-05,Approved,477530744
1590,1590,12469,30,DN1,Central,2024-03-26,Approved,432364581
1591,1591,63947,17,HN1,Central,2024-07-25,Processing,486768688
1594,1594,58874,42,DN1,South,2024-01-19,Processing,158476040
1595,1595,59708,14,DN1,South,2024-06-17,Approved,432248280
1596,1596,84553,10,HN1,North,2024-05-28,Rejected,318486432
1597,1597,78344,47,HCM2,North,2024-02-10,Processing,173675704
1598,1598,59138,36,HCM1,South,2024-12-01,Processing,333425342
1599,1599,64302,34,DN1,North,2024-02-18,Processing,406594992
1600,1600,57638,9,HCM2,South,2024-07-26,Processing,177147915
1607,1607,28787,19,DN1,Central,2024-01-10,Approved,355708501
1608,1608,58845,15,HCM1,South,2024-09-07,Processing,492010678
1609,1609,67932,28,CT1,Central,2024-04-28,Approved,492444646
1611,1611,85713,8,HCM2,Central,2024-02-07,Processing,68667439
1612,1612,97263,43,HN1,North,2024-07-14,Processing,361586405
1614,1614,85418,47,DN1,Central,2024-02-27,Approved,313868231
1616,1616,44832,33,HN1,Central,2024-02-15,Approved,202033783
1617,1617,41966,19,DN1,Central,2024-10-23,Approved,352141440
1618,1618,82545,3,DN1,South,2024-08-19,Approved,88306760
1619,1619,22987,10,DN1,North,2024-01-10,Approved,202894467
1620,1620,47311,40,HCM1,North,2024-12-26,Approved,436628606
1621,1621,41575,47,DN1,North,2024-05-11,Processing,87257343
1622,1622,73852,42,HCM1,Central,2024-06-30,Approved,71496443
1625,1625,86242,34,DN1,North,2024-08-22,Processing,470253800
1626,1626,57517,13,CT1,North,2024-03-19,Approved,349630334
1627,1627,39257,1,CT1,North,2024-03-27,Approved,58665455
1629,1629,52207,29,DN1,North,2024-08-02,Approved,435367241
1631,1631,71246,47,CT1,Central,2024-09-23,Processing,257781067
1632,1632,11435,13,HN1,South,2024-05-25,Processing,263919345
1633,1633,36660,48,DN1,North,2024-03-12,Processing,42274843
1635,1635,92197,29,HN1,Central,2024-07-03,Approved,397935066
1636,1636,23507,39,CT1,South,2024-03-02,Approved,233538261
1637,1637,82595,24,HN1,Central,2024-11-03,Processing,463402785
1638,1638,93807,26,HCM2,South,2024-10-23,Processing,390365672
1639,1639,55539,17,HCM1,South,2024-06-17,Approved,493614811
1640,1640,17491,7,HCM1,South,2024-06-22,Rejected,30528810
1641,1641,60192,13,CT1,Central,2024-03-06,Processing,176188555
1642,1642,90395,5,HN1,South,2024-05-26,Processing,150237758
1643,1643,73888,26,DN1,Central,2024-11-01,Approved,281971148
1644,1644,83609,49,DN1,Central,2024-06-09,Approved,254954109
1646,1646,30953,7,HCM2,Central,2024-11-29,Processing,117895261
1647,1647,86919,49,HCM2,Central,2024-04-07,Approved,331893149
1649,1649,33821,1,CT1,North,2024-02-12,Approved,216123370
1651,1651,34860,17,HCM2,South,2024-04-20,Rejected,397908501
1652,1652,31195,43,HCM1,South,2024-09-25,Processing,100462178
1653,1653,87475,25,HCM1,North,2024-04-07,Processing,260676388
1654,1654,97266,3,CT1,South,2024-09-22,Approved,493641762
1655,1655,31427,15,HCM2,North,2024-11-11,Processing,44457982
1656,1656,37083,29,HCM2,South,2024-03-12,Approved,139779499
1660,1660,17813,16,HN1,Central,2024-05-07,Approved,385042668
1663,1663,39241,9,CT1,South,2024-08-25,Processing,201056999
1664,1664,54569,1,CT1,Central,2024-07-03,Approved,111607549
1665,1665,21745,29,HN1,Central,2024-01-28,Rejected,285786931
1668,1668,24288,41,HCM1,North,2024-05-02,Approved,452469692
1669,1669,99186,44,DN1,South,2024-10-04,Processing,425628882
1670,1670,16540,41,DN1,South,2024-01-19,Approved,378528332
1671,1671,91958,7,DN1,South,2024-07-19,Approved,239456247
1672,1672,78878,14,HCM2,South,2024-02-26,Rejected,226952438
1674,1674,85932,19,HN1,South,2024-01-19,Approved,440441168
1675,1675,27482,19,DN1,North,2024-12-19,Rejected,181758274
1676,1676,33411,2,HCM2,North,2024-07-15,Approved,263017202
1677,1677,60975,41,DN1,Central,2024-08-27,Processing,326106643
1678,1678,70545,45,HCM2,Central,2024-10-04,Processing,104712384
1680,1680,62307,3,DN1,North,2024-08-23,Approved,246898669
1681,1681,13093,11,HCM2,Central,2024-02-10,Approved,352454361
1682,1682,87258,46,CT1,North,2024-11-19,Processing,321944346
1683,1683,32042,30,CT1,Central,2024-06-03,Processing,158219386
1684,1684,62930,40,HCM2,North,2024-05-10,Processing,130382248
1685,1685,54413,18,DN1,South,2024-08-25,Approved,272680641
1686,1686,43756,48,DN1,South,2024-02-26,Approved,85190102
1688,1688,49214,32,HCM1,Central,2024-04-19,Processing,68393297
1690,1690,38602,22,HCM1,South,2024-07-04,Approved,181089598
1691,1691,63331,6,DN1,South,2024-07-18,Rejected,426203751
1692,1692,58901,12,HN1,South,2024-03-31,Approved,452912658
1693,1693,73416,47,HCM1,Central,2024-07-22,Processing,341047445
1694,1694,42196,40,HCM2,Central,2024-12-05,Approved,468667580
1696,1696,17424,15,HCM1,North,2024-10-03,Approved,254456567
1698,1698,29982,49,HCM2,South,2024-04-28,Approved,403141102
1699,1699,86961,45,DN1,North,2024-07-13,Approved,396158660
1700,1700,11980,18,HCM2,Central,2024-02-15,Approved,464526486
1701,1701,58290,2,HCM1,North,2024-02-15,Approved,430973867
1704,1704,92711,15,HCM1,South,2024-11-25,Approved,483254238
1705,1705,36385,20,HCM2,North,2024-01-20,Processing,96311502
1707,1707,33019,42,CT1,Central,2024-09-18,Processing,93324443
1708,1708,28639,29,HN1,North,2024-03-06,Approved,40561560
1710,1710,31563,19,HN1,North,2024-04-12,Processing,308264413
1712,1712,15776,14,HCM1,North,2024-01-18,Processing,96216004
1713,1713,46444,40,DN1,Central,2024-11-20,Approved,249988875
1714,1714,78916,4,CT1,North,2024-09-05,Approved,408305002
1715,1715,18711,11,DN1,Central,2024-09-11,Approved,116053486
1717,1717,92970,43,DN1,Central,2024-02-09,Approved,308667161
1718,1718,95553,32,HCM2,North,2024-02-06,Approved,321191734
1720,1720,49110,30,CT1,Central,2024-06-07,Approved,234215719
1721,1721,71788,43,HCM2,Central,2024-07-26,Rejected,497483882
1722,1722,92879,2,HCM2,Central,2024-07-16,Rejected,272413337
1723,1723,48827,49,HCM2,North,2024-08-04,Rejected,143183587
1726,1726,63625,31,CT1,Central,2024-11-05,Approved,431436797
1728,1728,25251,15,CT1,North,2024-01-15,Processing,479497671
1729,1729,10526,48,HN1,North,2024-11-22,Rejected,111959383
1730,1730,78760,25,HCM1,South,2024-05-28,Rejected,445510911
1731,1731,57837,36,HCM2,Central,2024-02-29,Processing,44330000
1732,1732,21536,8,HCM1,Central,2024-08-01,Rejected,317589494
1733,1733,38541,9,HCM1,South,2024-09-25,Approved,60588472
1734,1734,89083,37,HN1,Central,2024-07-29,Approved,263553065
1736,1736,44531,45,HCM1,South,2024-10-15,Processing,177368743
1737,1737,18712,39,DN1,South,2024-12-11,Processing,23866979
1739,1739,84744,17,DN1,Central,2024-04-08,Processing,228811953
1741,1741,59268,37,DN1,Central,2024-07-30,Processing,56114978
1742,1742,64615,19,DN1,North,2024-05-10,Approved,22481430
1744,1744,39759,29,HCM1,South,2024-10-16,Rejected,198639512
1745,1745,95708,7,HN1,Central,2024-09-10,Approved,21321739
1747,1747,36589,9,HCM1,Central,2024-09-30,Approved,322062658
1748,1748,40015,28,HCM1,South,2024-07-09,Approved,71612326
1749,1749,39009,6,HCM2,Central,2024-08-01,Processing,232252681
1750,1750,93309,29,HCM1,Central,2024-10-11,Rejected,160778208
1751,1751,72046,17,CT1,Central,2024-07-30,Processing,149814557
1752,1752,36143,16,HCM2,North,2025-01-03,Approved,278260763
1754,1754,31804,31,DN1,North,2024-05-31,Approved,119805794
1755,1755,51688,3,HCM2,Central,2024-11-18,Processing,323165173
1756,1756,74288,21,HCM2,Central,2024-08-04,Approved,203164680
1758,1758,30581,36,HN1,North,2024-05-12,Approved,230049548
1759,1759,62648,42,CT1,Central,2024-01-13,Rejected,472932882
1760,1760,40087,37,CT1,South,2024-02-19,Processing,115131213
1761,1761,59930,22,DN1,Central,2024-11-10,Approved,293386268
1762,1762,42981,42,DN1,North,2024-04-07,Processing,53075447
1763,1763,79298,12,DN1,North,2024-04-16,Approved,297266734
1764,1764,56167,42,HCM1,South,2024-12-10,Processing,448177240
1765,1765,85304,13,DN1,South,2024-05-29,Approved,297729896
1766,1766,53408,11,HCM2,South,2024-01-31,Approved,146746472
1767,1767,49499,16,DN1,North,2024-08-08,Processing,245208408
1769,1769,48559,40,HN1,Central,2024-06-17,Processing,194431147
1770,1770,84319,40,HCM1,South,2024-03-25,Approved,434228419
1772,1772,45488,2,CT1,Central,2024-11-08,Approved,271693628
1773,1773,84441,30,HN1,South,2024-09-11,Approved,165610665
1774,1774,84663,30,HCM2,Central,2024-06-13,Processing,273473248
1775,1775,32431,12,HN1,Central,2024-11-23,Approved,318182641
1778,1778,59153,11,HN1,North,2024-07-20,Rejected,158022611
1780,1780,37424,16,HCM2,South,2024-06-27,Processing,279322751
1781,1781,55004,17,HCM2,South,2024-02-08,Approved,419992185
1782,1782,93869,26,HCM1,South,2024-03-22,Processing,491470407
1783,1783,98652,2,HCM2,South,2024-08-08,Approved,457031257
1784,1784,66985,12,HCM1,North,2024-06-10,Approved,483030782
1785,1785,60069,26,DN1,Central,2024-01-08,Processing,413131029
1787,1787,91061,18,HCM2,South,2024-07-24,Rejected,247378026
1788,1788,33398,32,HCM2,South,2024-07-16,Processing,390729635
1790,1790,85897,38,HCM2,Central,2024-07-28,Rejected,103393203
1792,1792,78577,3,DN1,North,2024-06-08,Approved,402614613
1796,1796,72768,1,HCM2,Central,2024-11-07,Approved,44404416
1797,1797,61047,30,CT1,South,2024-03-09,Approved,422494356
1798,1798,81626,45,DN1,North,2024-04-01,Approved,354772659
1799,1799,67660,32,HN1,South,2024-08-06,Processing,423943415
1800,1800,59786,28,HCM1,North,2024-01-02,Processing,65143849
1802,1802,93976,46,DN1,North,2024-07-07,Processing,114776088
1803,1803,36015,13,HCM1,South,2024-12-17,Approved,448670585
1804,1804,43320,27,CT1,Central,2024-05-21,Approved,333120161
1805,1805,74881,36,HCM2,North,2024-04-19,Processing,135550011
1806,1806,36289,7,DN1,North,2024-05-13,Approved,107298151
1808,1808,35683,10,HCM2,South,2024-06-28,Approved,338551013
1810,1810,71550,15,HCM1,South,2024-12-24,Processing,123613083
1811,1811,34826,15,HN1,North,2024-12-24,Processing,98708695
1812,1812,36630,4,CT1,North,2024-05-29,Processing,487848238
1813,1813,56163,32,HN1,Central,2024-03-17,Approved,64636384
1814,1814,76435,23,DN1,North,2024-04-21,Processing,168190274
1815,1815,21653,6,HN1,Central,2024-05-01,Processing,400664326
1816,1816,37961,24,HCM1,North,2024-01-20,Rejected,186743295
1817,1817,91941,20,CT1,North,2024-07-17,Approved,179010790
1818,1818,84137,37,CT1,South,2024-11-23,Approved,195763252
1820,1820,66446,12,DN1,Central,2024-10-26,Approved,351543416
1821,1821,31288,33,HCM1,North,2024-09-12,Approved,376579327
1822,1822,46877,28,HCM2,South,2024-04-30,Processing,33347073
1823,1823,25313,8,CT1,South,2024-06-10,Processing,375645922
1824,1824,90885,1,HN1,Central,2024-07-17,Processing,344704983
1828,1828,89148,21,CT1,North,2024-02-15,Approved,343325655
1829,1829,93186,32,HCM1,South,2024-09-30,Approved,164412779
1830,1830,36745,35,HCM2,Central,2024-03-19,Approved,342324753
1831,1831,41890,15,HCM2,South,2024-11-22,Rejected,91171333
1833,1833,62579,46,DN1,North,2024-12-22,Approved,429405796
1834,1834,80316,48,CT1,South,2024-01-03,Approved,35954081
1835,1835,93847,6,HCM1,North,2024-08-02,Processing,484382704
1836,1836,38380,25,HCM1,North,2024-12-08,Approved,346695587
1837,1837,12356,46,HCM2,South,2024-03-17,Approved,343386229
1838,1838,80326,40,CT1,South,2024-02-23,Approved,454475784
1839,1839,99899,29,CT1,North,2024-03-11,Approved,407665755
1842,1842,26082,13,CT1,North,2024-06-25,Processing,331037768
1843,1843,10661,38,HCM1,North,2024-05-27,Approved,212409266
1844,1844,47412,18,CT1,Central,2024-01-07,Approved,302460411
1845,1845,12920,2,CT1,Central,2024-09-29,Approved,443860218
1846,1846,70315,8,HCM1,Central,2024-11-19,Processing,462681160
1848,1848,18946,33,HCM1,Central,2024-05-21,Approved,150404005
1849,1849,55500,38,HN1,North,2024-08-18,Approved,65609210
1851,1851,65230,27,HCM1,Central,2024-01-18,Processing,142814524
1852,1852,40027,20,HCM1,South,2024-02-23,Rejected,107135095
1853,1853,82541,12,CT1,Central,2024-05-17,Rejected,430347543
1854,1854,69321,43,HCM1,South,2024-08-01,Processing,213327727
1855,1855,10956,31,HCM2,North,2024-11-21,Processing,231186274
1856,1856,84131,27,HCM2,South,2024-08-07,Approved,407769490
1857,1857,57908,32,HN1,North,2024-07-27,Approved,251885214
1858,1858,88339,10,HCM1,South,2024-07-31,Processing,69818024
1859,1859,35963,3,CT1,North,2024-10-05,Processing,83877113
1860,1860,49443,45,CT1,North,2024-01-27,Rejected,313372690
1863,1863,14703,31,CT1,Central,2024-09-15,Approved,46323971
1864,1864,75128,15,DN1,Central,2024-11-19,Processing,396911918
1865,1865,82099,16,CT1,Central,2024-12-25,Approved,64374198
1867,1867,41860,49,HCM2,South,2024-06-26,Approved,220542664
1868,1868,41585,35,HCM2,North,2024-11-08,Processing,308102971
1871,1871,53585,11,HCM1,North,2024-04-21,Approved,44123218
1872,1872,36958,30,HN1,Central,2024-10-23,Approved,486712160
1874,1874,86707,35,HCM1,Central,2024-11-01,Rejected,450030033
1875,1875,55350,22,HCM2,South,2024-12-03,Approved,304854041
1876,1876,22201,38,HCM2,North,2024-05-22,Approved,20291389
1877,1877,39426,31,HCM1,North,2024-06-04,Processing,467299059
1878,1878,27778,14,DN1,South,2024-09-18,Approved,180280998
1880,1880,52229,49,CT1,South,2024-08-21,Processing,479808672
1881,1881,96652,32,HCM2,Central,2024-08-30,Approved,423518029
1882,1882,58364,36,CT1,South,2024-12-24,Approved,113442227
1883,1883,94878,32,HCM1,South,2024-12-03,Processing,321517310
1885,1885,37490,43,CT1,Central,2024-09-09,Rejected,470050337
1886,1886,29975,35,HN1,South,2024-03-21,Approved,37713046
1887,1887,36723,3,HCM1,Central,2024-06-29,Processing,99295647
1888,1888,33279,16,CT1,South,2024-03-08,Approved,223323334
1890,1890,21561,21,HCM1,South,2024-12-13,Processing,34810534
1891,1891,76061,10,HCM2,South,2024-06-21,Approved,146500299
1892,1892,98397,19,DN1,Central,2024-01-24,Processing,230347077
1893,1893,59153,25,CT1,South,2024-04-18,Processing,254723460
1894,1894,43142,4,HCM1,North,2024-11-19,Approved,139403650
1895,1895,36916,29,HCM2,North,2024-08-16,Approved,54382983
1897,1897,54965,43,HN1,South,2024-03-10,Approved,260966529
1898,1898,14648,2,HCM2,Central,2024-03-25,Rejected,291457892
1900,1900,60677,43,DN1,North,2024-02-08,Rejected,497796561
1901,1901,80135,25,HN1,Central,2024-01-17,Processing,160384285
1902,1902,45046,20,DN1,South,2024-10-24,Processing,150632297
1903,1903,57064,48,HN1,North,2024-11-08,Rejected,283842399
1904,1904,79350,19,HCM2,Central,2024-07-03,Approved,338447297
1906,1906,71272,24,CT1,South,2024-01-14,Processing,39858944
1907,1907,77649,11,HN1,Central,2024-05-02,Processing,178784398
1908,1908,74674,46,HCM2,South,2024-12-22,Processing,105173556
1909,1909,23760,34,HCM1,South,2024-03-01,Processing,102236262
1911,1911,96475,5,HN1,North,2024-12-03,Approved,285306803
1912,1912,71367,5,CT1,North,2024-05-11,Processing,252213807
1914,1914,62233,12,HN1,Central,2024-02-07,Approved,92644769
1915,1915,54738,4,CT1,North,2024-09-15,Approved,376274173
1916,1916,43397,49,CT1,Central,2024-01-07,Processing,183626842
1917,1917,92189,42,DN1,Central,2024-08-05,Processing,29471217
1918,1918,86367,20,HCM2,North,2024-01-12,Approved,26651634
1919,1919,81260,38,HCM2,South,2024-11-26,Processing,67383507
1921,1921,29816,14,HCM2,Central,2024-07-02,Rejected,174780089
1927,1927,92495,18,HCM2,North,2024-02-02,Approved,319465019
1928,1928,81635,23,HCM1,South,2024-03-15,Processing,59704378
1931,1931,65204,44,HN1,North,2024-03-06,Approved,299186385
1932,1932,61886,5,CT1,South,2024-03-10,Approved,97938040
1933,1933,81652,23,HCM1,South,2024-10-24,Processing,75624904
1934,1934,25563,41,CT1,South,2024-01-22,Approved,233297448
1935,1935,19847,25,HN1,Central,2024-08-14,Processing,266974820
1936,1936,36155,41,CT1,South,2024-07-19,Processing,205227239
1938,1938,93310,22,CT1,Central,2024-05-28,Processing,211795236
1939,1939,77278,19,CT1,North,2024-02-17,Processing,152651944
1940,1940,28309,1,HCM2,Central,2024-11-22,Approved,440704997
1941,1941,10619,7,HCM1,Central,2024-04-01,Processing,146830199
1942,1942,93194,4,CT1,North,2024-08-28,Approved,191871817
1945,1945,30337,40,HCM1,South,2024-05-12,Processing,225542182
1946,1946,91537,12,HCM2,Central,2024-08-03,Approved,111644270
1947,1947,76504,22,HCM1,North,2024-12-07,Processing,165583692
1948,1948,57614,22,HN1,Central,2024-03-29,Approved,47002916
1949,1949,10281,47,CT1,North,2024-11-30,Processing,475413574
1952,1952,49030,46,HCM2,Central,2024-03-16,Processing,70332613
1955,1955,86260,48,CT1,North,2024-02-24,Rejected,207668370
1957,1957,39856,43,CT1,North,2024-10-07,Approved,429306478
1958,1958,19200,15,HN1,North,2024-04-27,Processing,91815704
1959,1959,74178,12,CT1,North,2024-08-28,Approved,59800393
1960,1960,43997,40,CT1,Central,2024-05-12,Approved,300290773
1961,1961,35611,20,HN1,South,2024-09-30,Processing,413446012
1962,1962,51235,30,CT1,South,2024-06-16,Processing,247262911
1963,1963,45057,38,HCM1,North,2024-10-22,Rejected,34065470
1964,1964,11239,3,DN1,Central,2024-08-30,Approved,380321110
1967,1967,99393,30,HCM1,North,2024-03-22,Approved,217689105
1968,1968,71212,13,DN1,South,2024-06-22,Processing,242030125
1969,1969,25398,13,HCM1,Central,2024-05-02,Approved,373040449
1970,1970,66503,2,HCM1,North,2024-06-28,Processing,122144799
1972,1972,16570,49,DN1,North,2024-03-25,Approved,214586441
1973,1973,78785,38,HCM1,North,2024-03-30,Approved,434495769
1975,1975,89141,36,HN1,North,2024-01-20,Processing,494292086
1976,1976,22115,26,HCM2,North,2024-11-08,Rejected,256597812
1977,1977,49062,11,CT1,Central,2024-12-24,Approved,311964287
1979,1979,42556,44,HCM2,South,2024-04-07,Approved,311467898
1980,1980,88131,40,HCM2,North,2024-06-07,Rejected,459252447
1981,1981,11969,43,HCM1,South,2024-01-04,Rejected,238501470
1982,1982,53753,22,DN1,Central,2024-12-17,Approved,291003593
1984,1984,14470,8,HCM2,Central,2024-11-14,Rejected,195839985
1985,1985,20225,29,CT1,North,2024-11-22,Approved,273681315
1987,1987,23669,26,HN1,South,2024-07-02,Processing,125866737
1988,1988,47380,30,HN1,South,2024-08-21,Processing,273573130
1989,1989,58320,17,CT1,South,2024-10-31,Approved,116218976
1991,1991,25577,16,HN1,Central,2024-10-06,Approved,78075641
1992,1992,98009,46,DN1,Central,2024-07-07,Approved,302123867
1993,1993,65409,43,CT1,North,2024-12-12,Rejected,163590655
1994,1994,38625,7,HN1,Central,2024-12-18,Approved,446156301
1995,1995,91040,16,HCM2,South,2024-11-11,Approved,35668883
1997,1997,46487,47,HN1,Central,2024-01-11,Approved,134445735
1998,1998,75838,48,DN1,North,2024-02-17,Processing,203966859
1999,1999,60138,27,DN1,North,2024-02-25,Approved,441921824
2000,2000,52823,23,HN1,Central,2024-07-08,Processing,183225350
2001,2001,47208,24,DN1,Central,2024-02-11,Approved,241133397
2002,2002,64061,9,HN1,North,2024-08-15,Approved,409038799
2003,2003,40659,35,HN1,North,2024-02-23,Rejected,68151312
2006,2006,57055,42,HCM2,Central,2024-02-19,Rejected,375830589
2008,2008,52287,47,HCM2,North,2024-05-27,Approved,73114690
2010,2010,36984,8,CT1,Central,2024-12-16,Approved,91052728
2011,2011,18125,15,HCM2,South,2024-06-30,Processing,68346966
2012,2012,46059,31,HN1,Central,2024-05-04,Approved,232538434
2013,2013,79569,30,DN1,North,2024-06-28,Approved,397858491
2014,2014,27087,46,HCM1,South,2024-02-11,Processing,492388836
2017,2017,83384,12,HCM2,Central,2024-03-04,Approved,416900539
2018,2018,97128,49,HCM2,South,2024-02-02,Approved,395608328
2019,2019,82460,17,HN1,South,2024-01-15,Rejected,100453550
2020,2020,37208,42,HCM1,Central,2024-04-08,Approved,114206681
2021,2021,95150,30,HN1,Central,2024-12-23,Processing,216658648
2022,2022,76024,29,HCM1,South,2024-07-24,Processing,394634898
2024,2024,35923,46,DN1,South,2024-02-10,Processing,481213604
2025,2025,39165,11,DN1,North,2024-08-14,Approved,499990320
2026,2026,77203,34,DN1,Central,2024-04-13,Approved,61192966
2027,2027,14114,7,DN1,South,2024-02-16,Processing,239292559
2028,2028,74965,44,CT1,Central,2024-03-08,Approved,116849135
2029,2029,46321,34,HCM1,Central,2024-04-02,Approved,251363445
2030,2030,83297,20,DN1,South,2024-06-15,Processing,182950213
2033,2033,13712,10,CT1,Central,2024-05-02,Approved,280859047
2034,2034,11367,32,HN1,South,2024-07-15,Approved,269235089
2035,2035,61924,15,HN1,Central,2024-04-10,Approved,373436795
2038,2038,37723,3,HCM1,North,2024-04-12,Rejected,332693018
2039,2039,19108,37,HCM2,North,2024-10-11,Approved,68623002
2040,2040,87714,40,HN1,North,2024-02-15,Approved,479950026
2041,2041,45643,8,DN1,South,2024-03-26,Approved,451297534
2043,2043,93360,44,HCM2,South,2024-02-20,Approved,438141200
2044,2044,18927,23,HCM2,Central,2024-07-30,Rejected,455014271
2045,2045,32443,40,DN1,Central,2024-05-06,Processing,334203652
2046,2046,89973,11,HCM2,Central,2024-03-09,Rejected,196912551
2051,2051,87576,10,CT1,Central,2024-07-09,Processing,491027572
2052,2052,32612,39,DN1,Central,2024-01-11,Processing,327315630
2053,2053,16471,28,HCM1,Central,2024-04-25,Approved,373248998
2054,2054,45631,49,HCM2,South,2024-03-18,Processing,245147765
2055,2055,41348,36,HN1,South,2024-06-14,Processing,301914655
2057,2057,11177,32,HCM1,North,2024-02-22,Approved,167147582
2058,2058,14760,36,HN1,Central,2024-11-23,Processing,180003422
2059,2059,42779,37,HN1,South,2024-06-29,Processing,171286173
2060,2060,31636,26,DN1,South,2024-08-07,Approved,469066001
2061,2061,91889,22,CT1,North,2024-07-11,Rejected,98622565
2062,2062,63551,4,DN1,South,2024-12-13,Approved,359671170
2063,2063,21556,31,HN1,North,2024-08-18,Processing,376052465
2065,2065,21563,38,CT1,Central,2024-08-26,Approved,383501255
2067,2067,83770,23,CT1,Central,2024-03-15,Processing,359401014
2069,2069,91709,2,HCM2,South,2024-09-10,Approved,22582685
2071,2071,36987,11,CT1,South,2024-05-04,Approved,290167955
2072,2072,88714,28,HCM2,South,2024-05-23,Approved,127707511
2073,2073,68348,46,CT1,South,2024-09-14,Processing,219116947
2074,2074,34596,32,HCM1,North,2024-05-27,Rejected,492996245
2075,2075,43174,5,HN1,North,2024-09-17,Approved,490753529
2076,2076,74106,38,HCM2,South,2024-02-17,Approved,387615817
2077,2077,79967,10,HN1,Central,2024-12-16,Processing,485874709
2078,2078,69182,40,HCM1,Central,2024-01-15,Rejected,98112123
2079,2079,97163,46,HCM2,North,2024-07-29,Processing,324774821
2080,2080,49310,24,HN1,North,2024-11-07,Approved,185253156
2081,2081,66088,35,HN1,North,2024-08-24,Processing,166025940
2082,2082,18906,44,HCM2,Central,2024-05-29,Processing,302997634
2083,2083,46914,48,HN1,North,2024-11-19,Rejected,282526588
2084,2084,55379,23,HN1,Central,2024-06-03,Approved,285218201
2085,2085,88612,17,HCM2,North,2024-06-16,Approved,443757226
2087,2087,56881,31,HN1,North,2024-07-07,Processing,382789562
2088,2088,56413,31,DN1,North,2024-11-14,Approved,241307716
2089,2089,16012,42,DN1,Central,2024-12-23,Rejected,406590430
2090,2090,60115,42,HCM1,North,2024-06-23,Approved,72492015
2092,2092,67716,9,DN1,Central,2024-09-21,Processing,167115783
2093,2093,46378,22,HCM1,North,2024-04-06,Approved,187476087
2094,2094,52652,13,HN1,Central,2024-04-30,Approved,436134869
2096,2096,23467,48,DN1,South,2024-11-17,Approved,481125688
2097,2097,41010,18,HCM1,North,2024-01-23,Approved,481220903
2099,2099,74157,40,CT1,South,2024-12-09,Processing,432130201
2100,2100,22289,17,HCM2,Central,2024-09-06,Processing,170597043
2101,2101,54976,15,HCM2,North,2024-10-05,Approved,301230157
2104,2104,96365,15,HCM2,Central,2024-11-01,Approved,123929458
2107,2107,39734,17,HN1,South,2024-04-04,Processing,292097036
2108,2108,82588,32,CT1,North,2024-09-23,Approved,200630810
2109,2109,73646,9,DN1,South,2024-09-27,Rejected,154410060
2110,2110,13654,40,HCM2,South,2024-04-06,Processing,457621245
2111,2111,99022,20,HN1,South,2024-06-05,Rejected,49451135
2112,2112,28743,26,HCM2,Central,2024-10-11,Approved,443742354
2115,2115,16441,18,HCM2,North,2024-03-26,Processing,135317694
2116,2116,34611,13,HCM1,North,2024-12-31,Processing,486781709
2117,2117,22149,16,HN1,South,2024-02-08,Rejected,189546189
2118,2118,69189,9,HN1,Central,2024-12-07,Approved,382660870
2119,2119,31675,12,HCM1,South,2024-11-24,Processing,144408311
2122,2122,23673,19,HCM2,South,2024-12-03,Approved,87370940
2123,2123,86666,7,HN1,Central,2024-04-11,Processing,364867662
2124,2124,98204,35,DN1,North,2024-06-18,Approved,197721757
2126,2126,75429,18,DN1,Central,2024-01-18,Approved,340375888
2127,2127,33669,16,HCM2,Central,2024-08-12,Approved,76865361
2128,2128,44068,39,DN1,South,2024-03-16,Processing,412726431
2129,2129,98789,4,HCM1,South,2024-09-07,Processing,406985874
2130,2130,19435,25,CT1,South,2024-04-02,Approved,403999417
2131,2131,62249,32,DN1,South,2024-08-07,Processing,311283801
2132,2132,47384,40,CT1,North,2024-04-02,Approved,351105872
2134,2134,86153,45,DN1,North,2024-11-03,Approved,143575025
2136,2136,41401,49,HCM2,North,2024-11-27,Approved,424494171
2137,2137,81831,37,HCM1,South,2024-08-06,Rejected,479131752
2138,2138,44084,6,HCM1,North,2024-08-10,Rejected,80314580
2139,2139,65826,19,CT1,South,2024-02-12,Rejected,465905130
2140,2140,46451,13,CT1,South,2024-05-14,Approved,285769886
2141,2141,17227,26,HN1,North,2024-02-13,Processing,401444806
2142,2142,41910,14,HN1,North,2024-06-14,Approved,106521755
2143,2143,46041,31,HCM1,Central,2024-12-28,Approved,196429736
2144,2144,98920,4,DN1,Central,2024-10-10,Processing,220384807
2145,2145,75681,39,HCM1,Central,2024-02-27,Approved,243961419
2146,2146,91571,8,HCM1,Central,2024-10-30,Approved,417938373
2147,2147,75481,25,HN1,Central,2024-11-19,Approved,153211072
2148,2148,78576,13,CT1,North,2024-01-29,Processing,61493676
2152,2152,27014,28,HCM1,South,2024-11-29,Approved,293811465
2153,2153,90532,30,DN1,Central,2024-06-03,Processing,325508939
2154,2154,59104,3,HCM1,South,2024-07-02,Processing,397045842
2155,2155,51621,28,HCM2,North,2024-05-07,Approved,425581635
2156,2156,87231,3,HN1,Central,2024-03-11,Processing,389077383
2157,2157,78388,45,HN1,North,2024-01-09,Processing,105212678
2160,2160,50390,22,HN1,Central,2024-11-21,Rejected,186668936
2161,2161,33711,32,HN1,Central,2024-02-23,Approved,436556239
2162,2162,67993,38,HCM2,South,2024-03-09,Rejected,71379991
2164,2164,37213,8,HN1,North,2024-03-22,Approved,44038170
2165,2165,67784,6,DN1,North,2024-03-30,Processing,408338122
2169,2169,14358,10,HCM1,Central,2024-10-19,Processing,448018634
2171,2171,42117,12,CT1,North,2024-01-27,Approved,76602651
2172,2172,98700,49,DN1,North,2024-07-31,Processing,79605341
2175,2175,72438,5,CT1,Central,2024-09-07,Approved,48390259
2177,2177,61501,41,DN1,South,2024-04-27,Approved,155470039
2178,2178,70946,31,DN1,Central,2024-08-27,Approved,376364584
2180,2180,27625,20,DN1,South,2024-09-17,Processing,162268633
2182,2182,86329,22,CT1,Central,2024-11-06,Approved,139329898
2183,2183,41007,4,CT1,North,2024-11-30,Processing,469230828
2184,2184,49532,13,HCM2,Central,2024-08-03,Processing,472426894
2186,2186,22323,42,HCM1,North,2024-12-02,Approved,465441675
2187,2187,83379,49,HCM1,North,2024-01-25,Processing,464737626
2189,2189,26456,13,HN1,South,2024-01-25,Approved,183142893
2190,2190,41367,17,DN1,Central,2024-01-30,Approved,127409949
2191,2191,64624,36,HCM1,South,2024-01-19,Approved,201141128
2193,2193,78008,1,CT1,Central,2024-09-01,Rejected,355489315
2194,2194,82240,15,HCM2,South,2024-07-27,Approved,168608670
2196,2196,79249,17,DN1,Central,2024-09-05,Approved,255019130
2197,2197,80587,24,CT1,North,2024-09-27,Processing,437525737
2198,2198,20756,8,DN1,North,2024-07-11,Approved,304746263
2200,2200,46378,45,DN1,North,2024-08-07,Approved,451320405
2201,2201,14255,23,DN1,Central,2024-04-25,Processing,210163957
2202,2202,24484,46,HN1,North,2024-03-08,Approved,94372925
2203,2203,66549,8,HN1,North,2024-10-25,Processing,459057488
2204,2204,44503,8,HCM2,North,2024-11-23,Approved,295461616
2205,2205,83794,26,DN1,Central,2024-03-19,Approved,251875203
2206,2206,55113,47,CT1,South,2024-04-15,Processing,227377890
2207,2207,84069,13,HCM1,North,2024-10-26,Approved,178017882
2208,2208,15249,39,HCM2,Central,2024-06-26,Approved,429513624
2209,2209,29201,37,HCM1,Central,2024-08-05,Processing,279970401
2210,2210,68576,49,HCM1,North,2024-11-10,Processing,46284970
2211,2211,19686,28,DN1,South,2024-02-10,Approved,480042711
2212,2212,63363,25,CT1,South,2024-09-18,Processing,377869609
2215,2215,70963,18,HCM2,North,2024-02-19,Processing,74324622
2216,2216,52828,17,CT1,North,2024-01-29,Processing,226588573
2218,2218,20526,39,HCM1,North,2024-12-22,Approved,393285322
2219,2219,78910,13,CT1,North,2024-06-24,Rejected,206144265
2221,2221,38982,29,HCM2,North,2024-01-02,Approved,176387574
2222,2222,10207,46,HCM2,North,2024-05-11,Approved,29597239
2223,2223,98733,30,DN1,Central,2024-10-04,Approved,338634587
2226,2226,56479,43,HCM2,Central,2024-10-16,Approved,112992770
2227,2227,30103,21,HCM1,South,2024-01-30,Approved,368031314
2228,2228,49891,30,HCM1,South,2024-11-30,Rejected,181264494
2229,2229,20754,21,DN1,North,2024-01-01,Rejected,274861151
2231,2231,82982,17,CT1,North,2024-02-26,Approved,244745010
2234,2234,39301,15,HCM1,Central,2024-10-13,Approved,442166838
2236,2236,51323,10,CT1,South,2024-02-07,Processing,84985856
2237,2237,28752,44,HCM2,South,2024-08-07,Approved,25747207
2239,2239,23395,23,HCM1,North,2024-11-10,Approved,41214342
2240,2240,95957,30,CT1,North,2024-03-26,Approved,223766783
2241,2241,66273,33,DN1,North,2024-03-08,Approved,91818598
2243,2243,86559,47,HN1,South,2024-05-10,Processing,22103687
2244,2244,20699,1,HCM2,North,2024-11-03,Processing,488403373
2245,2245,75061,44,HCM2,South,2024-01-26,Processing,164838784
2246,2246,19715,35,HCM2,South,2024-08-04,Processing,390263105
2247,2247,29169,11,DN1,South,2024-04-20,Approved,70144861
2249,2249,15782,16,DN1,North,2024-12-26,Rejected,211298626
2251,2251,94328,32,HCM1,South,2024-12-21,Approved,232542906
2252,2252,45585,15,CT1,Central,2024-06-15,Approved,228426507
2253,2253,40682,12,HN1,North,2024-03-11,Processing,127537822
2255,2255,94416,45,HN1,Central,2024-06-30,Approved,150498531
2256,2256,65114,14,CT1,North,2024-06-29,Rejected,203485362
2257,2257,48067,8,HCM1,Central,2024-06-21,Approved,165769412
2258,2258,52685,8,CT1,Central,2024-01-26,Processing,372194301
2259,2259,28073,27,DN1,South,2024-03-09,Processing,338442641
2260,2260,46035,12,CT1,North,2024-01-22,Approved,497684054
2261,2261,74977,1,HN1,Central,2024-04-12,Approved,413475334
2262,2262,93362,43,HCM2,South,2024-10-30,Processing,44516269
2263,2263,75450,40,HN1,North,2024-04-15,Approved,127155982
2264,2264,20382,42,DN1,South,2024-02-17,Processing,172479255
2265,2265,14437,11,HCM1,South,2024-02-11,Processing,406217504
2267,2267,74612,43,HCM1,North,2024-11-09,Processing,343818031
2268,2268,71929,31,DN1,South,2024-04-01,Approved,260042845
2270,2270,35169,33,HN1,Central,2024-10-03,Processing,204770539
2271,2271,97468,32,HN1,South,2024-12-04,Rejected,93658998
2272,2272,44594,29,DN1,South,2024-07-08,Approved,386182267
2273,2273,86957,21,CT1,Central,2024-06-11,Approved,413013857
2274,2274,70631,21,HN1,South,2024-08-31,Approved,242764424
2276,2276,73133,23,DN1,North,2024-02-19,Approved,346983593
2277,2277,83165,6,HCM1,Central,2024-04-14,Rejected,268789790
2278,2278,83861,22,HN1,South,2024-01-03,Approved,209173823
2279,2279,62290,38,CT1,Central,2024-09-02,Processing,276587710
2281,2281,50461,45,HN1,Central,2024-08-25,Approved,346637303
2282,2282,83800,8,HN1,Central,2024-03-03,Processing,313301734
2283,2283,88222,41,DN1,Central,2024-12-21,Approved,188815584
2284,2284,34226,49,HCM2,North,2024-04-12,Approved,330739488
2285,2285,16721,35,HCM2,North,2024-12-28,Approved,383807330
2286,2286,66154,11,HCM1,Central,2024-01-03,Approved,465223782
2287,2287,30609,24,HN1,Central,2024-08-31,Approved,436209656
2288,2288,62130,49,HCM2,North,2024-10-26,Processing,317489370
2289,2289,82909,21,HCM1,South,2024-07-31,Approved,338738824
2290,2290,65249,2,DN1,North,2024-05-04,Approved,119983108
2291,2291,58895,40,HN1,Central,2024-08-20,Processing,408454003
2292,2292,15656,19,CT1,South,2024-03-23,Processing,64873596
2294,2294,73740,28,HCM1,South,2024-05-21,Approved,70296117
2296,2296,39984,6,CT1,North,2024-09-26,Approved,341032808
2297,2297,83822,19,DN1,North,2024-09-04,Processing,93526134
2298,2298,15901,38,HCM1,North,2024-01-14,Processing,180752266
2299,2299,41552,28,CT1,Central,2024-12-21,Approved,32663838
2301,2301,47685,38,DN1,Central,2024-04-17,Approved,132398573
2302,2302,83965,37,CT1,North,2024-02-02,Rejected,322743722
2303,2303,24716,4,DN1,North,2024-03-18,Approved,98157728
2305,2305,45298,26,CT1,South,2024-12-04,Approved,264901788
2306,2306,61112,49,DN1,South,2024-03-11,Approved,179328258
2307,2307,33429,43,HN1,North,2024-10-28,Approved,368490551
2308,2308,60200,36,CT1,North,2024-12-31,Processing,35501236
2309,2309,81308,13,HN1,North,2024-05-20,Approved,239703641
2310,2310,58244,32,CT1,North,2024-04-12,Approved,424792256
2311,2311,27347,17,HCM1,South,2024-05-28,Approved,79511159
2312,2312,26920,41,HCM1,Central,2024-01-09,Processing,138823054
2313,2313,41822,36,DN1,South,2024-03-05,Processing,113815683
2314,2314,56659,46,HCM2,Central,2024-07-05,Processing,296050507
2315,2315,50108,19,HCM1,North,2024-01-30,Processing,316810071
2316,2316,99099,35,HCM2,North,2024-04-23,Processing,280155040
2317,2317,17967,46,HN1,Central,2024-05-25,Processing,155195414
2318,2318,21871,40,HN1,North,2024-05-02,Approved,258217052
2320,2320,84270,1,DN1,North,2024-06-05,Approved,443357006
2322,2322,38179,18,HCM2,North,2024-12-17,Processing,355267454
2324,2324,65099,40,HCM2,South,2024-03-25,Processing,375801832
2325,2325,45262,33,HCM2,Central,2024-09-01,Rejected,337302740
2326,2326,88213,12,HCM2,North,2024-06-20,Approved,318596347
2328,2328,87866,24,HCM1,South,2024-07-28,Processing,257749678
2329,2329,96269,16,CT1,South,2024-03-15,Processing,66359485
2330,2330,70545,4,HCM1,South,2024-09-26,Approved,265257451
2331,2331,82146,38,HCM2,North,2024-04-26,Rejected,310665688
2332,2332,81966,44,HCM1,Central,2024-03-04,Approved,298264058
2333,2333,49922,27,DN1,South,2024-12-28,Approved,292731728
2334,2334,89364,9,HN1,South,2024-11-19,Approved,34966284
2336,2336,65677,16,CT1,Central,2024-12-28,Processing,59564778
2337,2337,59841,12,DN1,North,2024-07-31,Approved,406002541
2338,2338,56332,31,HN1,North,2024-09-12,Rejected,77744807
2339,2339,35032,24,DN1,North,2024-01-22,Approved,86965234
2340,2340,47846,14,HCM2,South,2024-02-29,Approved,336685274
2341,2341,69474,45,HN1,North,2024-04-24,Processing,253969817
2342,2342,54936,25,CT1,South,2024-11-10,Approved,40804973
2343,2343,39794,34,HN1,Central,2024-07-17,Approved,458604547
2344,2344,71588,3,CT1,Central,2024-12-21,Processing,136755499
2345,2345,80984,24,HCM2,North,2024-04-01,Rejected,76347804
2346,2346,60331,42,CT1,South,2024-02-22,Approved,352973992
2348,2348,19074,26,HCM1,North,2024-01-08,Processing,60457148
2349,2349,16406,20,DN1,Central,2024-10-29,Processing,130427190
2350,2350,33291,40,DN1,Central,2024-04-11,Approved,295699835
2352,2352,56851,19,HCM2,Central,2024-03-13,Approved,455240449
2353,2353,64823,3,HCM1,Central,2024-02-17,Approved,357081149
2354,2354,33312,24,CT1,North,2024-05-20,Processing,138430128
2355,2355,53108,5,HN1,North,2024-08-22,Approved,180002793
2356,2356,76918,3,HCM2,North,2024-02-01,Approved,39871305
2359,2359,78828,49,HCM2,North,2024-03-08,Approved,77394368
2360,2360,22411,15,HCM2,North,2024-02-01,Approved,281271323
2364,2364,42371,44,HN1,Central,2024-05-10,Approved,300493789
2366,2366,81229,47,HCM1,North,2024-09-09,Approved,399219119
2367,2367,61196,34,HN1,South,2024-10-13,Approved,421762703
2369,2369,36715,31,DN1,North,2024-01-03,Approved,340643853
2370,2370,37605,20,CT1,Central,2024-03-11,Processing,440271794
2371,2371,41174,12,HCM2,Central,2024-01-26,Approved,161212110
2372,2372,19956,23,HN1,Central,2024-07-01,Processing,348129469
2373,2373,86373,4,HCM2,Central,2024-05-21,Approved,303291159
2374,2374,79252,23,HCM1,South,2024-08-22,Approved,102896995
2377,2377,80017,1,DN1,North,2024-11-07,Processing,68618081
2378,2378,73037,25,DN1,North,2024-05-12,Processing,104981443
2379,2379,99818,2,CT1,North,2024-09-04,Approved,370017883
2380,2380,16548,30,HCM1,South,2024-10-26,Approved,279624605
2381,2381,83294,3,DN1,Central,2024-06-23,Processing,24717126
2382,2382,33177,21,DN1,Central,2024-03-06,Approved,466159547
2383,2383,34022,25,CT1,North,2024-02-04,Approved,175497510
2384,2384,15542,20,HN1,Central,2024-02-19,Approved,307843634
2385,2385,70428,49,CT1,Central,2024-05-11,Processing,229158238
2386,2386,32740,22,HCM2,Central,2024-12-19,Processing,34428943
2387,2387,69353,21,HCM2,North,2024-11-29,Processing,367105165
2388,2388,66532,33,DN1,North,2024-04-19,Approved,451307576
2389,2389,26052,38,DN1,South,2024-03-10,Processing,474145741
2390,2390,57076,15,CT1,North,2024-02-27,Processing,114774704
2392,2392,10671,15,HCM1,North,2024-10-29,Rejected,97787934
2395,2395,63744,21,HN1,South,2024-11-08,Processing,112120295
2397,2397,20634,5,CT1,North,2024-06-13,Approved,441024451
2398,2398,14798,6,DN1,South,2024-10-14,Processing,158095179
2399,2399,32420,49,CT1,North,2024-03-12,Processing,135879854
2400,2400,39300,43,DN1,South,2024-09-15,Approved,360941868
2403,2403,35121,47,HCM2,Central,2024-01-05,Approved,99737779
2404,2404,47487,23,CT1,Central,2024-01-30,Processing,96974174
2405,2405,43361,4,CT1,South,2024-11-12,Processing,402514283
2407,2407,82930,18,HCM1,North,2024-02-22,Processing,137710365
2408,2408,24056,21,HCM1,North,2024-07-20,Approved,436722840
2409,2409,38380,28,CT1,Central,2024-10-26,Approved,428194703
2410,2410,36035,35,HCM2,Central,2024-07-09,Rejected,464486709
2412,2412,29877,40,HCM1,North,2024-11-04,Processing,206465396
2413,2413,65316,23,CT1,North,2024-10-24,Approved,307695588
2414,2414,74041,3,HCM2,North,2024-07-26,Approved,65186442
2416,2416,40911,10,HCM2,South,2024-12-27,Processing,393047475
2419,2419,43160,8,CT1,Central,2024-03-26,Processing,181862186
2421,2421,59723,5,CT1,South,2024-04-17,Rejected,117945845
2422,2422,13631,45,HCM2,North,2024-02-17,Approved,279532536
2425,2425,99097,38,HCM1,North,2024-07-02,Approved,436753474
2427,2427,38671,5,HN1,South,2024-04-27,Approved,299845364
2428,2428,61431,9,CT1,South,2024-09-14,Processing,147576928
2429,2429,38602,48,HN1,Central,2024-02-02,Approved,167944976
2430,2430,98789,2,HN1,North,2024-09-23,Processing,97163577
2434,2434,83616,11,HN1,South,2024-04-27,Processing,420627176
2435,2435,17099,28,HN1,Central,2024-10-02,Approved,322891407
2436,2436,35431,44,CT1,North,2024-10-07,Processing,306733666
2438,2438,57684,39,DN1,South,2024-09-17,Approved,193130897
2439,2439,40111,26,HN1,South,2024-11-29,Approved,349918791
2440,2440,73936,13,DN1,South,2024-07-26,Approved,302373183
2441,2441,32614,8,HN1,South,2024-11-25,Approved,321595858
2442,2442,51991,28,CT1,North,2024-07-29,Processing,255812075
2443,2443,80476,30,CT1,North,2024-08-05,Approved,290851436
2444,2444,70920,9,HN1,Central,2024-02-09,Approved,347714943
2445,2445,73530,39,CT1,North,2024-01-28,Approved,199643641
2446,2446,46224,31,CT1,South,2024-01-27,Processing,214005903
2448,2448,38082,47,HCM1,South,2024-03-26,Processing,41646522
2449,2449,99570,34,HN1,South,2024-06-18,Approved,409891871
2450,2450,86816,31,HCM1,North,2024-06-16,Rejected,422523449
2451,2451,93588,25,CT1,South,2024-07-09,Approved,214263332
2453,2453,98340,1,CT1,South,2024-10-16,Rejected,29240082
2454,2454,54857,22,HCM1,Central,2024-08-20,Approved,221492346
2455,2455,20142,40,HCM1,South,2024-04-10,Processing,93646533
2456,2456,58355,37,HN1,North,2024-01-20,Approved,439663895
2457,2457,19866,47,HCM1,South,2024-10-07,Processing,225577396
2458,2458,80067,1,CT1,North,2024-05-14,Approved,129482756
2459,2459,74027,1,HN1,North,2024-01-26,Approved,312506589
2460,2460,67906,42,HCM1,Central,2024-12-20,Approved,332774019
2461,2461,38138,42,HN1,North,2024-01-13,Approved,96106536
2462,2462,39956,21,DN1,Central,2024-03-13,Approved,163439192
2463,2463,86295,15,HN1,Central,2024-05-15,Processing,291577329
2464,2464,15439,17,DN1,South,2024-04-19,Processing,171944640
2465,2465,57241,22,DN1,Central,2024-08-08,Rejected,36424874
2467,2467,38270,35,CT1,North,2024-10-08,Processing,336965944
2468,2468,88815,45,CT1,Central,2024-05-14,Approved,289964112
2469,2469,49279,16,CT1,South,2024-01-23,Rejected,192206590
2470,2470,33888,8,HCM2,Central,2024-09-25,Processing,166004728
2472,2472,71063,17,HN1,North,2024-04-20,Processing,361647847
2473,2473,45144,17,CT1,South,2024-10-07,Processing,349475313
2475,2475,87360,13,HN1,South,2024-08-26,Rejected,300893727
2476,2476,60979,17,DN1,South,2024-01-18,Processing,173120079
2477,2477,16979,38,HN1,North,2024-09-02,Processing,321087314
2478,2478,36189,17,HCM2,South,2024-04-29,Processing,32684244
2479,2479,52600,48,HCM2,South,2024-10-12,Approved,266418204
2480,2480,69560,14,HN1,South,2024-10-12,Processing,34358442
2483,2483,96205,35,HCM2,South,2024-02-11,Approved,309033459
2484,2484,16910,46,HCM2,North,2024-06-05,Approved,168585344
2485,2485,67713,14,DN1,Central,2024-06-28,Processing,261329011
2486,2486,56857,47,HCM2,South,2024-09-01,Processing,341901272
2488,2488,95667,15,DN1,South,2024-02-18,Approved,57891798
2489,2489,35227,27,HN1,South,2024-02-19,Approved,25465051
2494,2494,49071,6,HN1,North,2024-03-12,Approved,394565962
2496,2496,19503,22,CT1,North,2024-10-03,Processing,176274993
2498,2498,74379,23,HCM1,North,2024-07-06,Approved,471217689
2499,2499,67866,25,HCM1,North,2024-03-11,Approved,315450060
2501,2501,55838,26,HCM1,Central,2024-09-06,Processing,245660587
2503,2503,99489,5,DN1,South,2024-01-29,Processing,470709988
2505,2505,55000,20,HCM2,Central,2024-04-10,Approved,265351496
2506,2506,32168,6,HCM2,Central,2024-10-06,Approved,459122676
2507,2507,80119,6,HN1,South,2024-02-21,Approved,312861387
2509,2509,64093,4,HCM1,South,2024-04-14,Approved,187484339
2510,2510,65419,17,HCM2,Central,2024-03-31,Rejected,249845235
2512,2512,87425,14,DN1,Central,2024-07-31,Processing,146808536
2514,2514,12461,7,CT1,Central,2024-07-04,Processing,330706372
2515,2515,24291,44,HCM2,North,2024-09-11,Processing,380340868
2516,2516,56804,15,HN1,South,2024-01-11,Approved,226711902
2517,2517,86971,19,HCM1,South,2024-03-20,Processing,289689245
2518,2518,74946,43,HCM2,North,2024-02-22,Approved,50987100
2520,2520,71332,44,HCM1,South,2024-08-14,Approved,308705166
2522,2522,40841,17,CT1,North,2024-07-06,Rejected,383689252
2523,2523,58758,35,HN1,North,2024-02-04,Processing,242347197
2525,2525,47643,20,HCM2,Central,2024-08-17,Approved,204340308
2526,2526,60408,36,HCM1,South,2024-05-10,Processing,299134058
2527,2527,53950,35,HCM2,North,2024-05-02,Approved,383530812
2528,2528,66849,32,CT1,North,2024-11-24,Approved,222380435
2529,2529,38044,48,CT1,Central,2024-09-03,Processing,423314841
2530,2530,25997,44,HCM1,South,2024-07-12,Processing,437469089
2531,2531,89751,40,HCM1,North,2024-11-21,Rejected,378212994
2533,2533,65533,17,HCM2,North,2024-04-15,Approved,88063960
2534,2534,92566,7,HN1,Central,2024-11-26,Approved,469333696
2537,2537,68005,35,HCM1,Central,2024-05-21,Rejected,294583141
2538,2538,96250,32,HN1,North,2024-05-04,Processing,459338446
2539,2539,68712,36,HCM1,North,2024-04-07,Processing,73718738
2541,2541,33387,6,DN1,Central,2024-03-31,Approved,365669035
2543,2543,95457,37,HCM1,South,2024-03-07,Processing,390268287
2544,2544,23057,48,HCM1,North,2024-02-02,Rejected,90566175
2545,2545,74028,15,DN1,North,2024-07-30,Processing,342459328
2546,2546,65731,47,HCM2,North,2024-01-15,Processing,195003325
2547,2547,34858,4,HCM2,North,2024-11-28,Approved,173109339
2548,2548,58689,40,HCM2,North,2024-10-24,Approved,262586548
2549,2549,54638,16,HN1,Central,2024-05-10,Approved,253551570
2550,2550,56486,28,HCM2,South,2024-10-21,Processing,426118121
2551,2551,30567,16,HN1,Central,2024-06-21,Rejected,463777029
2555,2555,37044,28,DN1,South,2024-12-25,Processing,280111938
2556,2556,77260,32,DN1,North,2024-05-22,Approved,179499100
2557,2557,76912,45,HN1,North,2024-11-10,Processing,197549252
2558,2558,18706,2,DN1,Central,2024-06-26,Approved,86157260
2559,2559,18894,31,HN1,Central,2024-01-29,Rejected,149395115
2560,2560,28037,3,HCM1,Central,2024-05-26,Approved,327247039
2561,2561,93986,8,HN1,North,2024-11-12,Processing,426717289
2562,2562,91942,24,HN1,South,2024-12-20,Approved,209652504
2563,2563,61612,15,DN1,South,2024-02-11,Processing,406644677
2565,2565,15926,31,CT1,South,2024-07-26,Approved,494229871
2568,2568,39806,45,HCM1,North,2024-06-12,Approved,366915725
2569,2569,98199,2,HCM2,Central,2024-03-07,Processing,130664793
2570,2570,51321,8,HCM1,South,2024-09-01,Approved,235693297
2571,2571,75095,7,DN1,North,2024-09-14,Processing,390360853
2572,2572,32656,44,HN1,Central,2024-05-31,Processing,303204137
2573,2573,65147,39,HN1,Central,2024-08-03,Processing,123298313
2574,2574,59666,42,DN1,Central,2024-11-20,Processing,310530541
2575,2575,92368,16,DN1,Central,2024-06-15,Processing,380825691
2576,2576,48787,35,HN1,South,2024-02-01,Rejected,337837652
2577,2577,72946,30,HCM2,North,2024-08-20,Approved,139518596
2578,2578,31727,10,HCM2,South,2024-10-11,Approved,453706627
2580,2580,13081,18,DN1,Central,2024-07-14,Approved,125589706
2581,2581,44196,5,HN1,South,2024-12-03,Approved,305701623
2582,2582,46735,29,HN1,Central,2024-09-12,Approved,476443284
2584,2584,89578,34,HCM1,Central,2024-11-01,Approved,423804280
2585,2585,35498,43,HCM1,South,2024-11-18,Approved,80676307
2587,2587,41656,23,HCM1,North,2024-12-14,Approved,283367490
2589,2589,47900,30,HCM2,South,2024-03-30,Rejected,159504121
2590,2590,94899,6,HCM2,South,2024-05-30,Approved,80452577
2591,2591,57701,46,HCM2,South,2024-09-09,Approved,43063007
2592,2592,29033,44,CT1,South,2024-11-16,Processing,137510779
2594,2594,45851,29,DN1,South,2024-12-31,Approved,381233753
2595,2595,36832,23,DN1,North,2024-07-18,Processing,328838795
2597,2597,23944,32,HCM1,South,2024-12-23,Approved,485287053
2598,2598,29873,42,HN1,Central,2024-01-28,Processing,364060782
2602,2602,46751,32,HCM2,South,2024-08-31,Approved,446589320
2603,2603,99822,9,DN1,Central,2024-03-19,Approved,166225457
2604,2604,15110,37,HCM2,South,2024-08-21,Approved,67626333
2605,2605,64341,10,HCM2,Central,2024-07-26,Approved,158203766
2606,2606,22087,20,HN1,South,2024-09-06,Approved,84933840
2607,2607,33762,6,HCM1,South,2024-11-01,Approved,40401899
2609,2609,19596,3,HCM2,Central,2024-08-05,Approved,165143805
2610,2610,28313,42,HN1,Central,2024-06-07,Processing,92135766
2611,2611,76549,11,HCM2,Central,2024-03-09,Approved,116991278
2612,2612,33705,43,CT1,North,2024-03-27,Approved,43044497
2613,2613,77364,17,HCM1,South,2024-09-25,Processing,280463748
2614,2614,83445,32,CT1,North,2024-03-10,Approved,405223691
2616,2616,12023,4,HCM1,North,2024-12-14,Approved,363630624
2618,2618,90073,41,HCM2,Central,2024-06-11,Approved,480768727
2621,2621,43848,32,DN1,North,2024-06-14,Processing,413733477
2622,2622,47804,22,HCM2,North,2024-04-27,Processing,177222425
2624,2624,69664,35,CT1,Central,2024-01-31,Approved,48631605
2625,2625,37766,22,DN1,South,2024-01-14,Processing,153298052
2627,2627,46060,20,HN1,South,2024-05-10,Processing,420890370
2628,2628,79122,22,DN1,North,2024-04-18,Approved,262722643
2629,2629,26087,48,CT1,North,2024-01-27,Approved,112274403
2630,2630,58868,11,CT1,South,2024-08-18,Rejected,192164718
2631,2631,33225,13,HCM1,South,2024-01-04,Approved,107031347
2632,2632,16643,42,HCM2,Central,2024-12-24,Processing,227336254
2634,2634,21005,9,HN1,North,2024-01-25,Processing,208381739
2635,2635,75697,12,DN1,North,2024-03-02,Approved,23361404
2636,2636,26029,23,CT1,North,2024-07-02,Approved,384101341
2637,2637,24226,14,HCM2,South,2024-12-08,Processing,326583244
2640,2640,38731,49,HCM1,North,2024-09-11,Processing,193018291
2641,2641,78926,41,DN1,North,2024-11-15,Approved,308041979
2643,2643,65506,23,HCM2,Central,2024-05-29,Approved,130608026
2644,2644,88229,10,DN1,South,2024-01-25,Processing,133668681
2645,2645,59815,19,HCM1,North,2024-05-04,Approved,190402878
2646,2646,52092,47,HCM1,North,2024-01-27,Rejected,388640373
2647,2647,72539,5,HCM1,Central,2024-06-18,Rejected,452740080
2648,2648,76077,47,CT1,South,2024-11-20,Approved,417124647
2649,2649,31817,23,HN1,North,2024-08-15,Approved,262940560
2650,2650,47861,30,HCM1,North,2024-01-04,Approved,53430509
2651,2651,23428,25,HN1,Central,2024-11-02,Approved,77697278
2652,2652,53934,28,HN1,North,2024-09-18,Approved,263494134
2653,2653,20258,34,HCM2,North,2024-01-17,Approved,150385176
2654,2654,67775,45,DN1,South,2024-02-20,Rejected,471434589
2655,2655,91580,48,CT1,Central,2024-11-11,Rejected,190495875
2656,2656,15469,47,HN1,Central,2024-10-18,Approved,167437568
2659,2659,86256,14,HCM1,Central,2024-09-21,Processing,327901596
2660,2660,43937,42,HN1,North,2024-10-04,Approved,219668173
2661,2661,11651,46,DN1,Central,2024-12-24,Approved,359706869
2662,2662,60288,30,HCM2,North,2024-07-23,Processing,300960682
2663,2663,94730,41,CT1,Central,2024-07-03,Approved,55739247
2664,2664,35051,25,HCM1,Central,2024-06-24,Approved,124327081
2666,2666,85054,35,DN1,Central,2024-03-09,Approved,150154426
2667,2667,26184,48,HN1,Central,2024-04-14,Approved,332043700
2669,2669,31621,10,CT1,North,2024-06-12,Approved,127355287
2670,2670,85564,35,CT1,Central,2024-07-19,Approved,348231754
2673,2673,55253,21,DN1,South,2024-01-18,Approved,205114640
2674,2674,44051,21,HCM1,Central,2024-11-29,Processing,103649232
2677,2677,93930,7,HCM1,North,2024-02-11,Approved,30452103
2678,2678,40254,17,HCM1,South,2024-04-02,Approved,347949294
2679,2679,94045,2,HCM1,North,2024-09-14,Approved,311297978
2681,2681,24472,42,DN1,Central,2024-08-04,Approved,326064942
2682,2682,13471,18,CT1,South,2024-11-01,Processing,43446722
2683,2683,18329,11,HN1,Central,2024-06-24,Processing,114216824
2684,2684,44865,16,HN1,South,2024-05-18,Processing,133898534
2685,2685,56850,49,CT1,Central,2024-06-30,Processing,88889204
2686,2686,64220,18,HCM2,North,2024-03-17,Approved,96601229
2687,2687,16397,35,HN1,South,2024-07-06,Approved,206723046
2688,2688,45525,26,HCM1,South,2024-01-15,Processing,25134315
2689,2689,63072,16,HN1,South,2024-10-20,Approved,174517377
2690,2690,93820,6,CT1,South,2024-11-18,Rejected,257734308
2691,2691,94530,44,HCM1,North,2024-11-22,Approved,214571679
2693,2693,71330,47,CT1,North,2024-07-30,Approved,97376351
2694,2694,93369,47,HCM2,Central,2024-06-18,Processing,404836384
2695,2695,35122,48,CT1,North,2024-11-26,Approved,433459708
2697,2697,91906,12,HCM1,Central,2024-11-02,Approved,183836541
2698,2698,72812,13,CT1,North,2024-05-29,Processing,402732735
2699,2699,17999,4,DN1,North,2024-09-20,Processing,478338590
2700,2700,32436,39,DN1,North,2024-01-08,Approved,255757510
2701,2701,52963,2,DN1,Central,2024-03-31,Approved,391566994
2702,2702,12096,26,DN1,South,2024-03-04,Approved,184480851
2703,2703,35279,27,DN1,North,2024-11-08,Approved,48901025
2704,2704,36201,27,HCM2,Central,2024-01-18,Processing,374682942
2705,2705,29715,15,CT1,Central,2024-08-17,Approved,284384359
2706,2706,39309,8,HCM1,North,2024-01-30,Processing,323689645
2708,2708,66614,47,DN1,North,2024-09-01,Approved,205286434
2709,2709,15105,46,HCM1,Central,2024-09-29,Approved,372320435
2710,2710,12839,40,HCM1,South,2024-03-19,Approved,174948051
2711,2711,78920,12,DN1,Central,2024-10-16,Rejected,266698305
2712,2712,53619,13,HCM2,North,2024-06-03,Approved,62862078
2715,2715,27069,17,CT1,Central,2024-02-26,Approved,311583345
2716,2716,17531,36,HCM2,South,2024-07-06,Processing,102944404
2718,2718,17736,8,HCM2,Central,2024-10-05,Processing,246798043
2719,2719,17710,5,DN1,South,2024-06-09,Approved,472460090
2720,2720,77155,26,HN1,South,2024-10-03,Processing,50320596
2721,2721,23975,16,DN1,South,2024-07-03,Rejected,485438424
2722,2722,72424,36,CT1,North,2024-12-25,Approved,94802220
2723,2723,55603,28,HCM1,North,2024-03-21,Processing,111029477
2724,2724,33252,29,DN1,South,2024-06-02,Rejected,190061243
2725,2725,90797,47,CT1,Central,2024-08-26,Approved,111972094
2726,2726,11431,12,HCM2,Central,2024-10-19,Approved,110164337
2727,2727,84603,37,DN1,North,2024-08-18,Approved,111274090
2729,2729,19557,23,HCM1,South,2024-03-17,Approved,151645295
2730,2730,84971,16,DN1,Central,2024-07-09,Processing,91085767
2731,2731,10162,14,CT1,North,2024-01-17,Approved,415725705
2732,2732,44742,10,DN1,North,2024-01-21,Approved,285157264
2733,2733,29675,7,HCM1,South,2024-08-06,Approved,27221098
2734,2734,83997,45,DN1,North,2024-11-24,Processing,37340843
2736,2736,60057,29,CT1,North,2024-04-11,Processing,117971219
2737,2737,42591,3,HN1,Central,2024-02-03,Processing,280231635
2738,2738,19833,15,DN1,North,2024-03-27,Processing,374877720
2739,2739,17896,36,HN1,Central,2024-07-17,Approved,211969303
2741,2741,59733,46,DN1,North,2024-07-21,Approved,381205825
2743,2743,15347,13,HCM2,Central,2024-12-07,Approved,41691199
2744,2744,69063,42,CT1,South,2024-01-11,Approved,315908065
2745,2745,12643,21,DN1,South,2024-12-15,Approved,425705732
2746,2746,50785,37,CT1,Central,2024-08-08,Rejected,398592001
2747,2747,28681,27,HCM2,North,2024-09-10,Processing,237561408
2748,2748,60026,29,CT1,South,2024-08-11,Approved,470394420
2749,2749,25892,20,CT1,Central,2024-03-21,Processing,372480078
2750,2750,57299,25,HCM1,Central,2024-01-09,Processing,204399372
2751,2751,27073,6,HCM2,North,2024-09-30,Approved,168171414
2752,2752,40682,36,CT1,Central,2024-08-18,Processing,275016214
2753,2753,24289,2,HN1,South,2024-01-18,Approved,27498308
2754,2754,17927,22,HCM2,North,2024-01-13,Processing,166969795
2755,2755,58330,32,HCM1,Central,2024-10-17,Processing,245628853
2758,2758,75428,5,HN1,North,2024-06-29,Processing,276699907
2761,2761,12539,45,CT1,South,2024-10-15,Approved,45733721
2763,2763,80968,23,HCM1,Central,2024-05-13,Approved,53745555
2764,2764,30644,34,HN1,North,2024-10-11,Processing,91961479
2765,2765,28745,13,DN1,Central,2024-06-05,Approved,39185825
2766,2766,38228,43,DN1,Central,2024-03-07,Processing,21164872
2767,2767,44521,29,DN1,North,2024-05-19,Processing,467103236
2768,2768,36928,36,HCM2,South,2024-04-03,Approved,473969438
2769,2769,28322,22,HCM1,South,2024-11-16,Processing,304770990
2770,2770,67714,47,HCM2,South,2024-09-19,Approved,41038562
2772,2772,72292,9,HN1,North,2024-02-26,Approved,170680803
2773,2773,39055,39,HN1,South,2024-09-14,Processing,268004983
2774,2774,52891,19,HCM2,Central,2024-04-12,Processing,334160501
2775,2775,91912,38,HCM2,North,2024-07-18,Rejected,331503915
2776,2776,16588,6,HN1,South,2024-10-28,Processing,422758947
2777,2777,16304,47,CT1,South,2024-08-13,Approved,30910916
2778,2778,17345,15,DN1,North,2024-08-26,Processing,186134858
2779,2779,39300,20,DN1,Central,2024-01-27,Rejected,463623062
2781,2781,98553,32,DN1,South,2024-07-02,Approved,350877419
2782,2782,25352,4,CT1,North,2024-07-19,Rejected,240018543
2785,2785,12336,20,HCM2,North,2024-05-04,Processing,464751286
2786,2786,72032,23,DN1,South,2024-02-03,Approved,110426709
2787,2787,85415,11,CT1,North,2024-11-12,Processing,218517280
2788,2788,17521,37,HCM2,North,2024-10-14,Processing,357101498
2790,2790,33481,4,HCM1,Central,2024-08-13,Processing,21082013
2791,2791,28474,29,HCM2,South,2024-09-30,Approved,232165232
2792,2792,56760,44,HCM2,South,2024-08-21,Approved,102754555
2793,2793,65718,34,HN1,North,2024-09-14,Approved,450313968
2794,2794,54629,13,HCM1,North,2024-01-25,Approved,218963955
2795,2795,55232,42,HCM1,Central,2024-04-18,Approved,75538852
2797,2797,77169,42,HCM2,Central,2024-12-14,Processing,298793450
2798,2798,60669,31,DN1,South,2024-01-27,Approved,408341244
2799,2799,88021,7,CT1,Central,2024-07-09,Approved,84202057
2800,2800,79184,4,HCM2,North,2024-10-15,Approved,281838884
2804,2804,24357,31,DN1,South,2024-02-06,Approved,253741729
2805,2805,78673,35,DN1,North,2024-10-10,Approved,433594097
2806,2806,75633,21,HCM2,South,2024-05-18,Rejected,467044120
2807,2807,86943,31,DN1,Central,2024-08-15,Processing,373456277
2808,2808,88258,19,HCM2,North,2024-11-15,Approved,496679349
2809,2809,22924,31,HCM1,South,2024-11-23,Processing,363754694
2810,2810,79286,32,DN1,Central,2024-07-04,Processing,159747124
2811,2811,84071,2,HCM2,Central,2024-12-28,Approved,435559773
2814,2814,80202,2,HCM1,Central,2024-12-15,Approved,79752319
2815,2815,58777,24,DN1,North,2024-12-23,Rejected,72016306
2816,2816,26994,17,HCM2,South,2024-08-23,Processing,230285641
2817,2817,77263,32,HCM1,South,2024-09-27,Approved,391658370
2818,2818,69634,16,CT1,North,2024-10-13,Processing,352007504
2819,2819,20800,16,HN1,North,2024-04-13,Rejected,330642595
2820,2820,47823,46,DN1,South,2024-03-29,Rejected,212323913
2821,2821,73878,39,HCM2,North,2024-01-17,Rejected,461482261
2822,2822,28708,31,HCM1,Central,2024-04-10,Rejected,380585091
2824,2824,84905,24,CT1,Central,2024-01-29,Processing,372471208
2825,2825,73870,1,DN1,South,2024-04-25,Processing,280421636
2826,2826,19283,11,HCM1,North,2024-04-19,Processing,165588246
2827,2827,40573,21,CT1,Central,2024-12-29,Rejected,209852458
2828,2828,88707,4,HCM2,North,2024-05-10,Processing,419181505
2830,2830,15774,26,DN1,North,2024-10-01,Processing,197741133
2831,2831,82055,47,CT1,Central,2024-09-04,Approved,409381621
2833,2833,28133,31,HCM1,Central,2024-11-02,Approved,40325441
2834,2834,24939,17,HN1,Central,2024-06-14,Processing,329336502
2836,2836,66700,11,HCM2,Central,2024-03-02,Processing,482658343
2837,2837,37624,28,DN1,Central,2024-04-02,Rejected,53638172
2838,2838,16823,32,HN1,Central,2024-11-27,Approved,105976119
2839,2839,28489,1,CT1,Central,2024-07-14,Approved,373499655
2840,2840,49961,47,HCM2,North,2024-05-02,Processing,55855311
2842,2842,91816,42,HCM1,South,2024-05-18,Approved,380193947
2843,2843,32263,7,DN1,Central,2024-08-18,Processing,458638722
2844,2844,23565,2,CT1,North,2024-10-02,Approved,407220962
2845,2845,30354,42,HCM2,North,2024-02-21,Rejected,48759067
2846,2846,52951,24,HCM1,North,2024-05-01,Processing,297100328
2847,2847,33648,4,HN1,North,2024-07-21,Rejected,21694063
2849,2849,51971,19,HN1,North,2025-01-01,Processing,22999193
2851,2851,31253,11,HCM2,North,2024-07-03,Approved,37419801
2853,2853,58563,43,CT1,South,2024-03-18,Rejected,53113044
2854,2854,36390,11,HCM2,Central,2024-10-21,Approved,102787348
2855,2855,98664,45,DN1,Central,2024-10-07,Approved,326731758
2856,2856,61578,3,HN1,Central,2024-01-21,Approved,492950456
2857,2857,89025,12,DN1,North,2024-06-23,Processing,470814057
2858,2858,42658,3,HCM2,Central,2024-01-15,Processing,425681708
2859,2859,16852,42,HCM2,North,2024-08-01,Processing,380422232
2860,2860,12551,27,CT1,North,2024-02-20,Approved,241954447
2861,2861,81947,49,HN1,Central,2024-03-28,Approved,309791081
2862,2862,71001,2,HCM2,Central,2024-05-28,Approved,171481415
2863,2863,59159,49,DN1,South,2024-07-09,Approved,321574112
2864,2864,61707,16,CT1,South,2024-11-01,Approved,497141945
2865,2865,43243,2,DN1,North,2024-05-31,Processing,425557081
2866,2866,31800,30,HN1,North,2024-05-24,Approved,55896068
2867,2867,85939,20,CT1,Central,2024-03-10,Approved,435682775
2868,2868,67828,38,CT1,Central,2024-09-18,Processing,456922549
2869,2869,17239,28,CT1,South,2024-11-30,Approved,264347814
2870,2870,16710,25,HCM1,Central,2024-01-09,Processing,448420916
2871,2871,31384,32,CT1,North,2024-05-03,Approved,50186626
2872,2872,31038,10,DN1,Central,2024-04-14,Rejected,383214768
2873,2873,50846,42,DN1,South,2024-05-30,Approved,458179067
2875,2875,77821,33,HCM2,South,2024-12-20,Rejected,208461142
2876,2876,47991,13,HCM2,South,2024-09-03,Approved,435996587
2877,2877,89057,41,HCM1,North,2024-08-31,Processing,361133034
2878,2878,16971,42,CT1,South,2024-12-04,Rejected,367495208
2879,2879,39139,47,HCM1,Central,2024-02-15,Approved,94520137
2880,2880,95445,37,HN1,Central,2024-04-06,Approved,486699272
2881,2881,87067,16,HN1,South,2024-08-16,Processing,186847463
2882,2882,90257,45,HCM2,Central,2024-01-06,Processing,175012260
2883,2883,94742,22,HN1,South,2024-08-03,Approved,23772009
2884,2884,47711,20,CT1,Central,2024-07-25,Processing,104803644
2886,2886,21116,27,HN1,Central,2024-04-11,Approved,230207907
2887,2887,75794,41,HCM1,North,2024-01-15,Approved,64347928
2888,2888,10282,16,CT1,North,2024-08-28,Rejected,465751212
2889,2889,89473,34,HN1,Central,2024-11-21,Processing,394917914
2890,2890,11898,32,HN1,South,2024-09-17,Processing,479532808
2891,2891,14135,26,CT1,Central,2024-12-02,Processing,143247899
2892,2892,16629,25,HN1,South,2024-05-15,Processing,107133416
2893,2893,95120,2,DN1,Central,2024-08-11,Approved,360472485
2894,2894,99087,12,HCM2,Central,2024-06-06,Approved,485624709
2895,2895,75031,40,CT1,North,2024-05-24,Processing,83632044
2897,2897,27071,12,HN1,South,2024-11-23,Processing,379146999
2900,2900,49901,10,HCM1,South,2024-10-12,Approved,400103794
2901,2901,21205,32,DN1,North,2024-12-06,Approved,103409365
2902,2902,65661,34,HCM2,Central,2024-12-12,Approved,271852718
2903,2903,15906,48,CT1,South,2024-08-20,Processing,136988975
2904,2904,12591,20,HCM2,South,2024-10-08,Approved,345279661
2905,2905,72987,39,HCM2,Central,2024-12-27,Approved,105751175
2906,2906,73370,2,HCM1,North,2024-10-19,Rejected,112475482
2907,2907,90685,1,DN1,North,2024-06-19,Processing,152874336
2908,2908,64400,36,DN1,North,2024-02-19,Approved,150687877
2909,2909,35150,24,HCM2,Central,2024-07-23,Approved,335238630
2910,2910,41852,27,HCM2,Central,2024-08-05,Approved,312992402
2912,2912,62756,31,HCM1,North,2024-01-26,Processing,36690100
2913,2913,66481,14,CT1,Central,2024-11-17,Processing,484278156
2914,2914,11283,2,CT1,North,2024-10-01,Processing,93927992
2915,2915,43691,29,DN1,South,2024-02-14,Approved,286123076
2918,2918,36170,37,CT1,South,2024-12-29,Processing,451692229
2921,2921,26154,39,HCM1,South,2024-06-13,Rejected,495068699
2922,2922,18004,24,HN1,Central,2024-08-25,Approved,107363734
2924,2924,65426,10,HCM2,Central,2024-04-25,Processing,179723542
2925,2925,36819,46,DN1,North,2024-04-02,Processing,352193970
2927,2927,98708,37,DN1,South,2024-10-11,Approved,364929696
2928,2928,42994,18,HCM2,Central,2024-08-01,Rejected,164982266
2929,2929,25036,24,HN1,South,2024-07-26,Rejected,283847078
2930,2930,87275,14,HCM1,South,2024-08-09,Rejected,163019195
2932,2932,19587,12,HN1,North,2024-05-16,Approved,39274637
2933,2933,10645,22,CT1,Central,2024-04-16,Approved,140631264
2934,2934,40930,6,HCM2,Central,2024-04-29,Approved,41261359
2936,2936,40090,45,DN1,North,2024-11-04,Approved,125637927
2937,2937,97489,36,CT1,North,2024-04-09,Approved,483017791
2938,2938,62142,22,HCM2,Central,2024-09-20,Approved,27747892
2940,2940,28888,16,HCM1,South,2024-12-19,Rejected,416246315
2941,2941,53732,36,HCM2,North,2024-10-14,Approved,367157548
2942,2942,91623,25,HN1,South,2024-11-24,Approved,287551590
2943,2943,56305,32,CT1,North,2024-04-14,Approved,276218511
2944,2944,56037,33,HCM1,South,2024-03-05,Approved,135245118
2945,2945,19346,45,DN1,South,2024-06-26,Processing,58547314
2946,2946,10587,36,DN1,South,2024-10-08,Approved,72157175
2947,2947,22763,20,CT1,South,2024-10-19,Processing,140175749
2948,2948,69165,18,DN1,South,2024-08-15,Approved,243116031
2950,2950,46116,3,HCM2,Central,2024-05-09,Approved,309423091
2951,2951,95751,23,HCM1,Central,2024-04-03,Approved,392756804
2952,2952,35556,32,CT1,Central,2024-07-12,Rejected,444471260
2953,2953,69042,45,DN1,Central,2024-12-28,Approved,377650968
2954,2954,28099,16,HCM2,Central,2024-02-22,Approved,452088252
2955,2955,55096,5,HN1,South,2024-08-31,Approved,403730649
2957,2957,23230,21,DN1,South,2024-12-29,Processing,354601771
2959,2959,80969,14,HN1,North,2024-01-11,Processing,409554276
2960,2960,43866,39,HN1,North,2024-08-21,Approved,68299703
2961,2961,94246,31,CT1,North,2024-06-06,Approved,310506440
2962,2962,86975,14,HCM1,Central,2024-07-18,Approved,185088933
2965,2965,16416,16,HN1,Central,2024-08-10,Approved,119591381
2966,2966,82516,17,HCM1,South,2024-09-08,Approved,294380600
2967,2967,65915,45,HCM1,South,2024-03-27,Processing,118518975
2968,2968,28058,23,HCM1,South,2024-08-27,Approved,215422631
2969,2969,86637,14,HCM2,South,2024-12-26,Approved,139359010
2970,2970,50718,7,HCM2,North,2024-11-18,Processing,264940875
2971,2971,42602,46,HN1,Central,2024-09-22,Approved,239283620
2972,2972,84658,32,HCM1,Central,2024-07-09,Processing,245269143
2973,2973,88112,15,HN1,South,2025-01-02,Rejected,303838484
2974,2974,68067,44,HCM2,Central,2024-10-19,Processing,462601067
2976,2976,97969,41,CT1,South,2024-02-27,Approved,471129703
2977,2977,11089,47,HCM2,North,2024-01-09,Processing,163553735
2978,2978,47346,44,HCM2,North,2024-11-03,Rejected,336721781
2979,2979,84663,34,HCM2,North,2024-04-24,Processing,341524993
2982,2982,77494,27,CT1,South,2024-10-31,Processing,27839059
2983,2983,86229,23,CT1,North,2024-06-24,Approved,189637973
2984,2984,48547,40,HN1,South,2024-08-25,Processing,279735646
2985,2985,38795,14,HCM1,Central,2024-10-09,Approved,413012311
2986,2986,65296,15,HCM2,North,2024-03-21,Approved,255846850
2987,2987,31447,43,DN1,North,2024-04-19,Rejected,160410122
2988,2988,46598,33,HCM1,Central,2024-10-10,Processing,83795050
2989,2989,51814,31,HCM1,South,2024-02-10,Approved,308212335
2990,2990,85330,35,DN1,North,2024-04-30,Processing,53771194
2991,2991,97960,17,HCM2,Central,2024-12-04,Processing,324612772
2993,2993,65077,19,CT1,North,2024-01-27,Processing,190195122
2995,2995,19528,23,DN1,South,2024-03-14,Approved,105635344
2997,2997,18179,40,DN1,Central,2024-11-22,Processing,469243867
2998,2998,58781,13,HCM1,North,2024-05-30,Rejected,203301548
2999,2999,65267,20,CT1,South,2024-09-11,Processing,338099818
